week,day_index,service_date,ev_provisional_drive_cost_jpy,ev_realized_charge_cost_jpy,ev_leftover_provisional_cost_jpy,ice_provisional_drive_cost_jpy,ice_realized_refuel_cost_jpy,ice_leftover_provisional_cost_jpy,demand_charge_jpy,total_cost_jpy,other_operating_cost_allocated_jpy,cost_attribution_policy
2025-02-03,0,2025-02-03,87706.87422335999,17806.440651743807,0.0,6105.693053097344,0.0,0.0,0.0,679000.0125213219,661193.5718695781,period_expenses_allocated_by_vehicle_charge_or_refuel_quantity; unreplenished_inventory_at_period_end; other_period_costs_equal_per_day; not_solver_native_source_provenance; paid_final_overnight_attributed_to_last_service_day
2025-02-03,1,2025-02-04,84665.69744975997,15540.512343228123,0.0,7726.184867256636,0.0,0.0,0.0,676734.0842128062,661193.5718695781,period_expenses_allocated_by_vehicle_charge_or_refuel_quantity; unreplenished_inventory_at_period_end; other_period_costs_equal_per_day; not_solver_native_source_provenance; paid_final_overnight_attributed_to_last_service_day
2025-02-03,2,2025-02-05,86451.08889563996,14603.410177447791,0.0,6693.35253318584,0.0,0.0,0.0,675796.9820470259,661193.5718695781,period_expenses_allocated_by_vehicle_charge_or_refuel_quantity; unreplenished_inventory_at_period_end; other_period_costs_equal_per_day; not_solver_native_source_provenance; paid_final_overnight_attributed_to_last_service_day
2025-02-03,3,2025-02-06,85242.37276883997,11868.37239554177,0.0,7709.367245575219,0.0,0.0,0.0,673061.9442651198,661193.5718695781,period_expenses_allocated_by_vehicle_charge_or_refuel_quantity; unreplenished_inventory_at_period_end; other_period_costs_equal_per_day; not_solver_native_source_provenance; paid_final_overnight_attributed_to_last_service_day
2025-02-03,4,2025-02-07,88550.45799095996,14374.880667246753,0.0,4570.271482300884,0.0,0.0,0.0,675568.4525368249,661193.5718695781,period_expenses_allocated_by_vehicle_charge_or_refuel_quantity; unreplenished_inventory_at_period_end; other_period_costs_equal_per_day; not_solver_native_source_provenance; paid_final_overnight_attributed_to_last_service_day
2025-02-03,5,2025-02-08,70966.85882831996,14065.197730858632,0.0,2290.176238938053,0.0,0.0,0.0,675258.7696004367,661193.5718695781,period_expenses_allocated_by_vehicle_charge_or_refuel_quantity; unreplenished_inventory_at_period_end; other_period_costs_equal_per_day; not_solver_native_source_provenance; paid_final_overnight_attributed_to_last_service_day
2025-02-03,6,2025-02-09,63127.867671959975,22387.677094163373,0.0,2290.1762389380524,0.0,37385.22165929204,0.0,720966.4706230335,661193.5718695781,period_expenses_allocated_by_vehicle_charge_or_refuel_quantity; unreplenished_inventory_at_period_end; other_period_costs_equal_per_day; not_solver_native_source_provenance; paid_final_overnight_attributed_to_last_service_day
2025-01-06,0,2025-01-06,87312.94278335998,33249.574088405396,0.0,5500.980663716813,0.0,0.0,0.0,694142.9645702473,660893.390481842,period_expenses_allocated_by_vehicle_charge_or_refuel_quantity; unreplenished_inventory_at_period_end; other_period_costs_equal_per_day; not_solver_native_source_provenance; paid_final_overnight_attributed_to_last_service_day
2025-01-06,1,2025-01-07,84661.27821647999,28763.514432075473,0.0,7729.899557522123,0.0,0.0,0.0,689656.9049139174,660893.390481842,period_expenses_allocated_by_vehicle_charge_or_refuel_quantity; unreplenished_inventory_at_period_end; other_period_costs_equal_per_day; not_solver_native_source_provenance; paid_final_overnight_attributed_to_last_service_day
2025-01-06,2,2025-01-08,85647.02433167999,24139.270190133633,0.0,6901.307522123892,0.0,0.0,0.0,685032.6606719756,660893.390481842,period_expenses_allocated_by_vehicle_charge_or_refuel_quantity; unreplenished_inventory_at_period_end; other_period_costs_equal_per_day; not_solver_native_source_provenance; paid_final_overnight_attributed_to_last_service_day
2025-01-06,3,2025-01-09,85879.03984295997,27731.18981355379,0.0,6706.281438053096,0.0,0.0,0.0,688624.5802953958,660893.390481842,period_expenses_allocated_by_vehicle_charge_or_refuel_quantity; unreplenished_inventory_at_period_end; other_period_costs_equal_per_day; not_solver_native_source_provenance; paid_final_overnight_attributed_to_last_service_day
2025-01-06,4,2025-01-10,88684.72303571997,25207.02412757555,0.0,4925.332201327433,0.0,0.0,0.0,686100.4146094176,660893.390481842,period_expenses_allocated_by_vehicle_charge_or_refuel_quantity; unreplenished_inventory_at_period_end; other_period_costs_equal_per_day; not_solver_native_source_provenance; paid_final_overnight_attributed_to_last_service_day
2025-01-06,5,2025-01-11,70832.30159207997,20241.575269832523,0.0,2263.900951327433,0.0,0.0,0.0,681134.9657516745,660893.390481842,period_expenses_allocated_by_vehicle_charge_or_refuel_quantity; unreplenished_inventory_at_period_end; other_period_costs_equal_per_day; not_solver_native_source_provenance; paid_final_overnight_attributed_to_last_service_day
2025-01-06,6,2025-01-12,63127.867671959975,38558.896831168684,0.0,2290.1762389380524,0.0,36317.87857300885,0.0,735770.1658860195,660893.390481842,period_expenses_allocated_by_vehicle_charge_or_refuel_quantity; unreplenished_inventory_at_period_end; other_period_costs_equal_per_day; not_solver_native_source_provenance; paid_final_overnight_attributed_to_last_service_day
2025-03-03,0,2025-03-03,86434.87007735996,48661.66175686802,0.0,6239.06528761062,0.0,0.0,0.0,875120.7252643139,826459.0635074459,period_expenses_allocated_by_vehicle_charge_or_refuel_quantity; unreplenished_inventory_at_period_end; other_period_costs_equal_per_day; not_solver_native_source_provenance; paid_final_overnight_attributed_to_last_service_day
2025-03-03,1,2025-03-04,86548.72562027998,45037.030977892675,0.0,6611.281692477875,0.0,0.0,0.0,871496.0944853385,826459.0635074459,period_expenses_allocated_by_vehicle_charge_or_refuel_quantity; unreplenished_inventory_at_period_end; other_period_costs_equal_per_day; not_solver_native_source_provenance; paid_final_overnight_attributed_to_last_service_day
2025-03-03,2,2025-03-05,84545.22241367995,41325.192117157996,0.0,7827.452986725663,0.0,0.0,0.0,867784.2556246038,826459.0635074459,period_expenses_allocated_by_vehicle_charge_or_refuel_quantity; unreplenished_inventory_at_period_end; other_period_costs_equal_per_day; not_solver_native_source_provenance; paid_final_overnight_attributed_to_last_service_day
2025-03-03,3,2025-03-06,86577.42382967996,39878.46315875515,0.0,6119.238384955752,0.0,0.0,0.0,866337.526666201,826459.0635074459,period_expenses_allocated_by_vehicle_charge_or_refuel_quantity; unreplenished_inventory_at_period_end; other_period_costs_equal_per_day; not_solver_native_source_provenance; paid_final_overnight_attributed_to_last_service_day
2025-03-03,4,2025-03-07,88541.78261627998,33771.45501316528,0.0,4577.563772123894,0.0,0.0,0.0,860230.5185206111,826459.0635074459,period_expenses_allocated_by_vehicle_charge_or_refuel_quantity; unreplenished_inventory_at_period_end; other_period_costs_equal_per_day; not_solver_native_source_provenance; paid_final_overnight_attributed_to_last_service_day
2025-03-03,5,2025-03-08,71267.11315079997,46904.45450982735,0.0,2296.639977876105,0.0,0.0,0.0,873363.5180172732,826459.0635074459,period_expenses_allocated_by_vehicle_charge_or_refuel_quantity; unreplenished_inventory_at_period_end; other_period_costs_equal_per_day; not_solver_native_source_provenance; paid_final_overnight_attributed_to_last_service_day
2025-03-03,6,2025-03-09,63135.557349479976,49768.51488971749,0.0,2283.7124999999996,0.0,35954.95460176992,0.0,912182.5329989332,826459.0635074459,period_expenses_allocated_by_vehicle_charge_or_refuel_quantity; unreplenished_inventory_at_period_end; other_period_costs_equal_per_day; not_solver_native_source_provenance; paid_final_overnight_attributed_to_last_service_day
2025-04-07,0,2025-04-07,84929.11922207997,7650.515763963637,0.0,7504.759513274336,0.0,0.0,0.0,599631.4671579957,591980.951394032,period_expenses_allocated_by_vehicle_charge_or_refuel_quantity; unreplenished_inventory_at_period_end; other_period_costs_equal_per_day; not_solver_native_source_provenance; paid_final_overnight_attributed_to_last_service_day
2025-04-07,1,2025-04-08,83976.47088851997,5230.710347442786,0.0,8773.45078539823,0.0,0.0,0.0,597211.6617414748,591980.951394032,period_expenses_allocated_by_vehicle_charge_or_refuel_quantity; unreplenished_inventory_at_period_end; other_period_costs_equal_per_day; not_solver_native_source_provenance; paid_final_overnight_attributed_to_last_service_day
2025-04-07,2,2025-04-09,84369.65359031995,6492.109900036253,0.0,8442.951836283186,0.0,0.0,0.0,598473.0612940682,591980.951394032,period_expenses_allocated_by_vehicle_charge_or_refuel_quantity; unreplenished_inventory_at_period_end; other_period_costs_equal_per_day; not_solver_native_source_provenance; paid_final_overnight_attributed_to_last_service_day
2025-04-07,3,2025-04-10,87418.03530599999,6644.168398754013,0.0,5880.563030973451,0.0,0.0,0.0,598625.119792786,591980.951394032,period_expenses_allocated_by_vehicle_charge_or_refuel_quantity; unreplenished_inventory_at_period_end; other_period_costs_equal_per_day; not_solver_native_source_provenance; paid_final_overnight_attributed_to_last_service_day
2025-04-07,4,2025-04-11,87097.67804387999,7984.6769829957775,0.0,6159.802599557521,0.0,0.0,0.0,599965.6283770278,591980.951394032,period_expenses_allocated_by_vehicle_charge_or_refuel_quantity; unreplenished_inventory_at_period_end; other_period_costs_equal_per_day; not_solver_native_source_provenance; paid_final_overnight_attributed_to_last_service_day
2025-04-07,5,2025-04-12,70737.43158635998,4999.76800254968,0.0,2741.876249999999,0.0,0.0,0.0,596980.7193965816,591980.951394032,period_expenses_allocated_by_vehicle_charge_or_refuel_quantity; unreplenished_inventory_at_period_end; other_period_costs_equal_per_day; not_solver_native_source_provenance; paid_final_overnight_attributed_to_last_service_day
2025-04-07,6,2025-04-13,62585.97368015998,9976.014311704434,0.0,2745.6779535398223,0.0,42249.08196902655,0.0,644206.047674763,591980.951394032,period_expenses_allocated_by_vehicle_charge_or_refuel_quantity; unreplenished_inventory_at_period_end; other_period_costs_equal_per_day; not_solver_native_source_provenance; paid_final_overnight_attributed_to_last_service_day
2025-05-12,0,2025-05-12,88394.85483527997,16510.904484917428,0.0,4591.554092920352,0.0,0.0,0.0,683597.6950394999,667086.7905545825,period_expenses_allocated_by_vehicle_charge_or_refuel_quantity; unreplenished_inventory_at_period_end; other_period_costs_equal_per_day; not_solver_native_source_provenance; paid_final_overnight_attributed_to_last_service_day
2025-05-12,1,2025-05-13,84523.95252419998,14903.954325471752,0.0,7845.331891592918,0.0,0.0,0.0,681990.7448800543,667086.7905545825,period_expenses_allocated_by_vehicle_charge_or_refuel_quantity; unreplenished_inventory_at_period_end; other_period_costs_equal_per_day; not_solver_native_source_provenance; paid_final_overnight_attributed_to_last_service_day
2025-05-12,2,2025-05-14,85480.41573119999,13007.952916853297,0.0,7041.3542920353975,0.0,0.0,0.0,680094.7434714357,667086.7905545825,period_expenses_allocated_by_vehicle_charge_or_refuel_quantity; unreplenished_inventory_at_period_end; other_period_costs_equal_per_day; not_solver_native_source_provenance; paid_final_overnight_attributed_to_last_service_day
2025-05-12,3,2025-05-15,85029.20820743995,14149.387682402734,0.0,7888.547721238937,0.0,0.0,0.0,681236.1782369852,667086.7905545825,period_expenses_allocated_by_vehicle_charge_or_refuel_quantity; unreplenished_inventory_at_period_end; other_period_costs_equal_per_day; not_solver_native_source_provenance; paid_final_overnight_attributed_to_last_service_day
2025-05-12,4,2025-05-16,89448.48440219997,12403.435051136714,0.0,4542.184214601768,0.0,0.0,0.0,679490.2256057193,667086.7905545825,period_expenses_allocated_by_vehicle_charge_or_refuel_quantity; unreplenished_inventory_at_period_end; other_period_costs_equal_per_day; not_solver_native_source_provenance; paid_final_overnight_attributed_to_last_service_day
2025-05-12,5,2025-05-17,71298.37191455998,16954.99105821842,0.0,2270.3646902654855,0.0,0.0,0.0,684041.7816128009,667086.7905545825,period_expenses_allocated_by_vehicle_charge_or_refuel_quantity; unreplenished_inventory_at_period_end; other_period_costs_equal_per_day; not_solver_native_source_provenance; paid_final_overnight_attributed_to_last_service_day
2025-05-12,6,2025-05-18,63127.86767195997,17466.886867406334,0.0,2290.1762389380524,0.0,36469.51314159292,0.0,721023.1905635818,667086.7905545825,period_expenses_allocated_by_vehicle_charge_or_refuel_quantity; unreplenished_inventory_at_period_end; other_period_costs_equal_per_day; not_solver_native_source_provenance; paid_final_overnight_attributed_to_last_service_day
2025-06-02,0,2025-06-02,88394.85483527997,11412.769820193826,0.0,4591.554092920352,0.0,0.0,0.0,649732.5945219456,638319.8247017517,period_expenses_allocated_by_vehicle_charge_or_refuel_quantity; unreplenished_inventory_at_period_end; other_period_costs_equal_per_day; not_solver_native_source_provenance; paid_final_overnight_attributed_to_last_service_day
2025-06-02,1,2025-06-03,84523.95252419998,10808.171871388397,0.0,7845.331891592918,0.0,0.0,0.0,649127.9965731401,638319.8247017517,period_expenses_allocated_by_vehicle_charge_or_refuel_quantity; unreplenished_inventory_at_period_end; other_period_costs_equal_per_day; not_solver_native_source_provenance; paid_final_overnight_attributed_to_last_service_day
2025-06-02,2,2025-06-04,85480.41573119999,7961.994883806326,0.0,7041.3542920353975,0.0,0.0,0.0,646281.819585558,638319.8247017517,period_expenses_allocated_by_vehicle_charge_or_refuel_quantity; unreplenished_inventory_at_period_end; other_period_costs_equal_per_day; not_solver_native_source_provenance; paid_final_overnight_attributed_to_last_service_day
2025-06-02,3,2025-06-05,85029.20820743995,9850.951636170186,0.0,7888.547721238937,0.0,0.0,0.0,648170.7763379219,638319.8247017517,period_expenses_allocated_by_vehicle_charge_or_refuel_quantity; unreplenished_inventory_at_period_end; other_period_costs_equal_per_day; not_solver_native_source_provenance; paid_final_overnight_attributed_to_last_service_day
2025-06-02,4,2025-06-06,89448.48440219997,9173.534921156745,0.0,4542.184214601768,0.0,0.0,0.0,647493.3596229084,638319.8247017517,period_expenses_allocated_by_vehicle_charge_or_refuel_quantity; unreplenished_inventory_at_period_end; other_period_costs_equal_per_day; not_solver_native_source_provenance; paid_final_overnight_attributed_to_last_service_day
2025-06-02,5,2025-06-07,71298.37191455998,10301.092146901507,0.0,2270.3646902654855,0.0,0.0,0.0,648620.9168486532,638319.8247017517,period_expenses_allocated_by_vehicle_charge_or_refuel_quantity; unreplenished_inventory_at_period_end; other_period_costs_equal_per_day; not_solver_native_source_provenance; paid_final_overnight_attributed_to_last_service_day
2025-06-02,6,2025-06-08,63127.86767195997,13372.085875923476,0.0,2290.1762389380524,0.0,36469.51314159292,0.0,688161.4237192681,638319.8247017517,period_expenses_allocated_by_vehicle_charge_or_refuel_quantity; unreplenished_inventory_at_period_end; other_period_costs_equal_per_day; not_solver_native_source_provenance; paid_final_overnight_attributed_to_last_service_day
2025-07-07,0,2025-07-07,86242.36085975998,3269.515252931757,0.0,6868.803783185839,0.0,0.0,0.0,591998.3638215603,588728.8485686285,period_expenses_allocated_by_vehicle_charge_or_refuel_quantity; unreplenished_inventory_at_period_end; other_period_costs_equal_per_day; not_solver_native_source_provenance; paid_final_overnight_attributed_to_last_service_day
2025-07-07,1,2025-07-08,86386.62468827999,3814.8943661303283,0.0,6279.6190818584055,0.0,0.0,0.0,592543.7429347589,588728.8485686285,period_expenses_allocated_by_vehicle_charge_or_refuel_quantity; unreplenished_inventory_at_period_end; other_period_costs_equal_per_day; not_solver_native_source_provenance; paid_final_overnight_attributed_to_last_service_day
2025-07-07,2,2025-07-09,86082.21110831997,3518.6727963479443,0.0,7003.421415929202,0.0,0.0,0.0,592247.5213649765,588728.8485686285,period_expenses_allocated_by_vehicle_charge_or_refuel_quantity; unreplenished_inventory_at_period_end; other_period_costs_equal_per_day; not_solver_native_source_provenance; paid_final_overnight_attributed_to_last_service_day
2025-07-07,3,2025-07-10,83761.03050251995,3657.0686662400617,0.0,8486.623904867254,0.0,0.0,0.0,592385.9172348686,588728.8485686285,period_expenses_allocated_by_vehicle_charge_or_refuel_quantity; unreplenished_inventory_at_period_end; other_period_costs_equal_per_day; not_solver_native_source_provenance; paid_final_overnight_attributed_to_last_service_day
2025-07-07,4,2025-07-11,88220.53508015997,4096.8593721186635,0.0,5315.51628318584,0.0,0.0,0.0,592825.7079407473,588728.8485686285,period_expenses_allocated_by_vehicle_charge_or_refuel_quantity; unreplenished_inventory_at_period_end; other_period_costs_equal_per_day; not_solver_native_source_provenance; paid_final_overnight_attributed_to_last_service_day
2025-07-07,5,2025-07-12,71282.49250583997,3087.327008341986,0.0,2283.712499999999,0.0,0.0,0.0,591816.1755769706,588728.8485686285,period_expenses_allocated_by_vehicle_charge_or_refuel_quantity; unreplenished_inventory_at_period_end; other_period_costs_equal_per_day; not_solver_native_source_provenance; paid_final_overnight_attributed_to_last_service_day
2025-07-07,6,2025-07-13,63127.86767195998,4820.447486435919,0.0,2290.1762389380524,0.0,38527.8732079646,0.0,632077.169263029,588728.8485686285,period_expenses_allocated_by_vehicle_charge_or_refuel_quantity; unreplenished_inventory_at_period_end; other_period_costs_equal_per_day; not_solver_native_source_provenance; paid_final_overnight_attributed_to_last_service_day
2025-08-04,0,2025-08-04,86401.84991339999,1361.9911605044558,0.0,6266.821161504424,0.0,0.0,0.0,591575.5476581921,590213.5564976877,period_expenses_allocated_by_vehicle_charge_or_refuel_quantity; unreplenished_inventory_at_period_end; other_period_costs_equal_per_day; not_solver_native_source_provenance; paid_final_overnight_attributed_to_last_service_day
2025-08-04,1,2025-08-05,87145.99212815997,1554.3769122866863,0.0,6109.235309734512,0.0,0.0,0.0,591767.9334099744,590213.5564976877,period_expenses_allocated_by_vehicle_charge_or_refuel_quantity; unreplenished_inventory_at_period_end; other_period_costs_equal_per_day; not_solver_native_source_provenance; paid_final_overnight_attributed_to_last_service_day
2025-08-04,2,2025-08-06,86858.76817967997,1124.938860672058,0.0,6350.66814159292,0.0,0.0,0.0,591338.4953583598,590213.5564976877,period_expenses_allocated_by_vehicle_charge_or_refuel_quantity; unreplenished_inventory_at_period_end; other_period_costs_equal_per_day; not_solver_native_source_provenance; paid_final_overnight_attributed_to_last_service_day
2025-08-04,3,2025-08-07,83106.31790999998,1504.6566761092395,0.0,9036.957942477875,0.0,0.0,0.0,591718.2131737969,590213.5564976877,period_expenses_allocated_by_vehicle_charge_or_refuel_quantity; unreplenished_inventory_at_period_end; other_period_costs_equal_per_day; not_solver_native_source_provenance; paid_final_overnight_attributed_to_last_service_day
2025-08-04,4,2025-08-08,88506.26514491996,1564.1722790925057,0.0,4497.905542035397,0.0,0.0,0.0,591777.7287767802,590213.5564976877,period_expenses_allocated_by_vehicle_charge_or_refuel_quantity; unreplenished_inventory_at_period_end; other_period_costs_equal_per_day; not_solver_native_source_provenance; paid_final_overnight_attributed_to_last_service_day
2025-08-04,5,2025-08-09,70966.85882831996,1135.8891213371826,0.0,2290.1762389380524,0.0,0.0,0.0,591349.4456190249,590213.5564976877,period_expenses_allocated_by_vehicle_charge_or_refuel_quantity; unreplenished_inventory_at_period_end; other_period_costs_equal_per_day; not_solver_native_source_provenance; paid_final_overnight_attributed_to_last_service_day
2025-08-04,6,2025-08-10,63127.867671959975,1872.4480495218563,0.0,2290.1762389380524,0.0,36841.94057522124,0.0,628927.9451224308,590213.5564976877,period_expenses_allocated_by_vehicle_charge_or_refuel_quantity; unreplenished_inventory_at_period_end; other_period_costs_equal_per_day; not_solver_native_source_provenance; paid_final_overnight_attributed_to_last_service_day
2025-09-01,0,2025-09-01,86318.71857503997,15213.024459016799,0.0,6804.619513274335,0.0,0.0,0.0,702902.8699170403,687689.8454580236,period_expenses_allocated_by_vehicle_charge_or_refuel_quantity; unreplenished_inventory_at_period_end; other_period_costs_equal_per_day; not_solver_native_source_provenance; paid_final_overnight_attributed_to_last_service_day
2025-09-01,1,2025-09-02,84109.22811312,16139.391511754682,0.0,8661.858584070796,0.0,0.0,0.0,703829.2369697783,687689.8454580236,period_expenses_allocated_by_vehicle_charge_or_refuel_quantity; unreplenished_inventory_at_period_end; other_period_costs_equal_per_day; not_solver_native_source_provenance; paid_final_overnight_attributed_to_last_service_day
2025-09-01,2,2025-09-03,87710.47708919995,14735.910152955956,0.0,5166.823871681415,0.0,0.0,0.0,702425.7556109795,687689.8454580236,period_expenses_allocated_by_vehicle_charge_or_refuel_quantity; unreplenished_inventory_at_period_end; other_period_costs_equal_per_day; not_solver_native_source_provenance; paid_final_overnight_attributed_to_last_service_day
2025-09-01,3,2025-09-04,84837.04921691997,19816.471245837412,0.0,8050.071471238938,0.0,0.0,0.0,707506.316703861,687689.8454580236,period_expenses_allocated_by_vehicle_charge_or_refuel_quantity; unreplenished_inventory_at_period_end; other_period_costs_equal_per_day; not_solver_native_source_provenance; paid_final_overnight_attributed_to_last_service_day
2025-09-01,4,2025-09-05,89373.01565807997,12328.959087734604,0.0,4605.621238938053,0.0,0.0,0.0,700018.8045457582,687689.8454580236,period_expenses_allocated_by_vehicle_charge_or_refuel_quantity; unreplenished_inventory_at_period_end; other_period_costs_equal_per_day; not_solver_native_source_provenance; paid_final_overnight_attributed_to_last_service_day
2025-09-01,5,2025-09-06,70998.11759207999,13911.840096039103,0.0,2263.900951327433,0.0,0.0,0.0,701601.6855540627,687689.8454580236,period_expenses_allocated_by_vehicle_charge_or_refuel_quantity; unreplenished_inventory_at_period_end; other_period_costs_equal_per_day; not_solver_native_source_provenance; paid_final_overnight_attributed_to_last_service_day
2025-09-01,6,2025-09-07,63135.55734947998,22421.015113636808,0.0,2283.7124999999996,0.0,37836.60813053098,0.0,747947.4687021914,687689.8454580236,period_expenses_allocated_by_vehicle_charge_or_refuel_quantity; unreplenished_inventory_at_period_end; other_period_costs_equal_per_day; not_solver_native_source_provenance; paid_final_overnight_attributed_to_last_service_day
2025-10-06,0,2025-10-06,87312.94278335998,29490.64883639727,0.0,5500.980663716813,0.0,0.0,0.0,666732.7052140292,637242.056377632,period_expenses_allocated_by_vehicle_charge_or_refuel_quantity; unreplenished_inventory_at_period_end; other_period_costs_equal_per_day; not_solver_native_source_provenance; paid_final_overnight_attributed_to_last_service_day
2025-10-06,1,2025-10-07,84661.27821647999,22007.836216038413,0.0,7729.899557522123,0.0,0.0,0.0,659249.8925936704,637242.056377632,period_expenses_allocated_by_vehicle_charge_or_refuel_quantity; unreplenished_inventory_at_period_end; other_period_costs_equal_per_day; not_solver_native_source_provenance; paid_final_overnight_attributed_to_last_service_day
2025-10-06,2,2025-10-08,85647.02433167999,18802.866294565938,0.0,6901.307522123892,0.0,0.0,0.0,656044.9226721979,637242.056377632,period_expenses_allocated_by_vehicle_charge_or_refuel_quantity; unreplenished_inventory_at_period_end; other_period_costs_equal_per_day; not_solver_native_source_provenance; paid_final_overnight_attributed_to_last_service_day
2025-10-06,3,2025-10-09,85879.03984295997,25156.735216673496,0.0,6706.281438053096,0.0,0.0,0.0,662398.7915943054,637242.056377632,period_expenses_allocated_by_vehicle_charge_or_refuel_quantity; unreplenished_inventory_at_period_end; other_period_costs_equal_per_day; not_solver_native_source_provenance; paid_final_overnight_attributed_to_last_service_day
2025-10-06,4,2025-10-10,88684.72303571997,15899.648531226485,0.0,4925.332201327433,0.0,0.0,0.0,653141.7049088584,637242.056377632,period_expenses_allocated_by_vehicle_charge_or_refuel_quantity; unreplenished_inventory_at_period_end; other_period_costs_equal_per_day; not_solver_native_source_provenance; paid_final_overnight_attributed_to_last_service_day
2025-10-06,5,2025-10-11,70832.30159207997,27617.74117034223,0.0,2263.900951327433,0.0,0.0,0.0,664859.7975479742,637242.056377632,period_expenses_allocated_by_vehicle_charge_or_refuel_quantity; unreplenished_inventory_at_period_end; other_period_costs_equal_per_day; not_solver_native_source_provenance; paid_final_overnight_attributed_to_last_service_day
2025-10-06,6,2025-10-12,63127.867671959975,27520.838232088696,0.0,2290.1762389380524,0.0,36317.87857300885,0.0,701080.7731827295,637242.056377632,period_expenses_allocated_by_vehicle_charge_or_refuel_quantity; unreplenished_inventory_at_period_end; other_period_costs_equal_per_day; not_solver_native_source_provenance; paid_final_overnight_attributed_to_last_service_day
2025-11-10,0,2025-11-10,87689.93935631997,36176.64231220441,0.0,5652.007699115043,0.0,0.0,0.0,732439.834585971,696263.1922737666,period_expenses_allocated_by_vehicle_charge_or_refuel_quantity; unreplenished_inventory_at_period_end; other_period_costs_equal_per_day; not_solver_native_source_provenance; paid_final_overnight_attributed_to_last_service_day
2025-11-10,1,2025-11-11,86249.39686691995,27754.451934332807,0.0,6862.889502212388,0.0,0.0,0.0,724017.6442080995,696263.1922737666,period_expenses_allocated_by_vehicle_charge_or_refuel_quantity; unreplenished_inventory_at_period_end; other_period_costs_equal_per_day; not_solver_native_source_provenance; paid_final_overnight_attributed_to_last_service_day
2025-11-10,2,2025-11-12,86833.68077159995,25667.630421980226,0.0,6839.676305309734,0.0,0.0,0.0,721930.8226957468,696263.1922737666,period_expenses_allocated_by_vehicle_charge_or_refuel_quantity; unreplenished_inventory_at_period_end; other_period_costs_equal_per_day; not_solver_native_source_provenance; paid_final_overnight_attributed_to_last_service_day
2025-11-10,3,2025-11-13,86194.41086003996,23811.24229519002,0.0,6909.109280973451,0.0,0.0,0.0,720074.4345689566,696263.1922737666,period_expenses_allocated_by_vehicle_charge_or_refuel_quantity; unreplenished_inventory_at_period_end; other_period_costs_equal_per_day; not_solver_native_source_provenance; paid_final_overnight_attributed_to_last_service_day
2025-11-10,4,2025-11-14,88967.56217747997,29033.953134431045,0.0,4478.514325221237,0.0,0.0,0.0,725297.1454081977,696263.1922737666,period_expenses_allocated_by_vehicle_charge_or_refuel_quantity; unreplenished_inventory_at_period_end; other_period_costs_equal_per_day; not_solver_native_source_provenance; paid_final_overnight_attributed_to_last_service_day
2025-11-10,5,2025-11-15,70957.90472483997,22213.774886535542,0.0,2297.7028207964595,0.0,0.0,0.0,718476.9671603022,696263.1922737666,period_expenses_allocated_by_vehicle_charge_or_refuel_quantity; unreplenished_inventory_at_period_end; other_period_costs_equal_per_day; not_solver_native_source_provenance; paid_final_overnight_attributed_to_last_service_day
2025-11-10,6,2025-11-16,63159.126435719976,36359.55269563976,0.0,2263.9009513274327,0.0,35303.80088495575,0.0,767926.5458543622,696263.1922737666,period_expenses_allocated_by_vehicle_charge_or_refuel_quantity; unreplenished_inventory_at_period_end; other_period_costs_equal_per_day; not_solver_native_source_provenance; paid_final_overnight_attributed_to_last_service_day
2025-12-01,0,2025-12-01,85795.49550431997,34534.1111696147,0.0,7244.426946902653,0.0,0.0,0.0,712440.4931761633,677906.3820065486,period_expenses_allocated_by_vehicle_charge_or_refuel_quantity; unreplenished_inventory_at_period_end; other_period_costs_equal_per_day; not_solver_native_source_provenance; paid_final_overnight_attributed_to_last_service_day
2025-12-01,1,2025-12-02,85160.36360999997,32361.064147381756,0.0,7310.381615044247,0.0,0.0,0.0,710267.4461539304,677906.3820065486,period_expenses_allocated_by_vehicle_charge_or_refuel_quantity; unreplenished_inventory_at_period_end; other_period_costs_equal_per_day; not_solver_native_source_provenance; paid_final_overnight_attributed_to_last_service_day
2025-12-01,2,2025-12-03,86213.77374707999,21697.183242172097,0.0,6892.833351769911,0.0,0.0,0.0,699603.5652487207,677906.3820065486,period_expenses_allocated_by_vehicle_charge_or_refuel_quantity; unreplenished_inventory_at_period_end; other_period_costs_equal_per_day; not_solver_native_source_provenance; paid_final_overnight_attributed_to_last_service_day
2025-12-01,3,2025-12-04,84947.19221855997,30708.006008429853,0.0,7489.567831858406,0.0,0.0,0.0,708614.3880149784,677906.3820065486,period_expenses_allocated_by_vehicle_charge_or_refuel_quantity; unreplenished_inventory_at_period_end; other_period_costs_equal_per_day; not_solver_native_source_provenance; paid_final_overnight_attributed_to_last_service_day
2025-12-01,4,2025-12-05,88157.89694123997,26919.580014923456,0.0,4900.247887168141,0.0,0.0,0.0,704825.962021472,677906.3820065486,period_expenses_allocated_by_vehicle_charge_or_refuel_quantity; unreplenished_inventory_at_period_end; other_period_costs_equal_per_day; not_solver_native_source_provenance; paid_final_overnight_attributed_to_last_service_day
2025-12-01,5,2025-12-06,71267.11315079998,27862.20008561188,0.0,2296.6399778761056,0.0,0.0,0.0,705768.5820921605,677906.3820065486,period_expenses_allocated_by_vehicle_charge_or_refuel_quantity; unreplenished_inventory_at_period_end; other_period_costs_equal_per_day; not_solver_native_source_provenance; paid_final_overnight_attributed_to_last_service_day
2025-12-01,6,2025-12-07,63127.867671959975,34772.56878516402,0.0,2290.1762389380524,0.0,38424.27384955752,0.0,751103.2246412701,677906.3820065486,period_expenses_allocated_by_vehicle_charge_or_refuel_quantity; unreplenished_inventory_at_period_end; other_period_costs_equal_per_day; not_solver_native_source_provenance; paid_final_overnight_attributed_to_last_service_day
