week,git_sha,job_id,worker_id,trips,service_km,energy_cost,electricity_cost,pv_self_consumption_cost_jpy,pv_marginal_charge_cost_yen_per_kwh,fuel_cost,ice_fuel_consumed_l,demand_cost,vehicle_cost,vehicle_usage_cost,vehicle_usage_cost_jpy,vehicle_usage_cost_jpy_per_used_bus,used_vehicle_day_count,driver_cost,unserved_penalty,switch_cost,degradation_cost,deviation_cost,co2_cost,total_co2_kg,ice_co2_kg,ice_bus_co2_kg,grid_electricity_co2_kg,pv_co2_kg,pv_operational_co2_kg,bess_storage_operational_co2_kg,engine_bus_co2_kg,power_generation_co2_kg,utilization_score,pv_generated_kwh,pv_used_direct_kwh,pv_used_total_kwh,pv_curtailed_kwh,pv_curtail_kwh,pv_curtail_balance_kwh,grid_import_kwh,peak_grid_kw,grid_to_bus_kwh,pv_to_bus_kwh,bess_to_bus_kwh,pv_to_bess_kwh,grid_to_bess_kwh,contract_over_limit_kwh,electricity_cost_final,electricity_cost_provisional_leftover,fuel_cost_final,fuel_cost_provisional,fuel_cost_refueled,fuel_cost_realized,fuel_cost_provisional_leftover,provisional_ev_drive_cost,realized_ev_charge_cost,leftover_ev_provisional_cost,provisional_ice_drive_cost,realized_ice_refuel_cost,leftover_ice_provisional_cost,operating_cost_provisional_total,operating_cost_realized_total,operating_cost_leftover_total,energy_cash_purchase_cost_jpy,energy_inventory_valuation_cost_jpy,electricity_inventory_valuation_cost_jpy,fuel_inventory_valuation_cost_jpy,ev_unreplenished_drive_energy_kwh,ev_energy_inventory_balanced,energy_cost_basis,grid_purchase_cost,bess_discharge_cost,pv_to_bus_cost_jpy,pv_to_bess_cost_jpy,pv_curtail_cost_jpy,bess_to_bus_cost_jpy,bess_total_flow_cost_jpy,bess_to_bus_unit_cost_yen_per_kwh,bess_pv_cost_policy,contract_overage_cost,stationary_battery_degradation_cost,pv_asset_cost,bess_asset_cost,total_cost_with_assets,total_cost,objective_value,evaluation_feasible,return_leg_bonus,weather_strategy_objective_term_jpy_equivalent,fuel_cost_final_source,objective_is_actual_cost,cost_per_service_km_jpy,cost_per_trip_jpy,executed_slots_including_overnight,bess_terminal,integrated_weekly_gap,evaluation_status,original_research_verdict,figure_title
2025-01-06,f524eca2552a4386bd033a15bbe046c14dc09281,c094649e-5a99-5ba6-b043-f2b832b76066,desktop-6ae0mir,1704,13925.428829,234208.92332575083,197891.04475274202,0.0,0.0,36317.878573008806,242.11919048672567,0.0,0.0,4100000.0,4100000.0,20000.0,205,0.0,0.0,0.0,0.0,0.0,3924.2788832960864,3924.2788832960864,626.0948040836705,626.0948040836705,3298.184079212416,0.0,0.0,0.0,626.0948040836705,3298.184079212416,0.5333333333333333,15703.5375,821.7138488022053,15703.5375,0.0,0.0,0.0,6596.36815842483,719.9994789473678,6596.36815842483,821.7138488022053,15140.845845206008,14881.823651197796,0.0,1044.6589089792014,197891.04475274202,0.0,36317.878573008806,36317.878573008806,0.0,0.0,36317.87857300885,566145.1774742348,197891.04475274505,0.0,36317.878573008806,0.0,36317.87857300885,602463.0560472436,197891.04475274505,36317.87857300885,197891.04475274505,36317.87857300885,0.0,36317.87857300885,0.0,True,realized_supply_plus_inventory_valuation,197891.04475274505,0.0,0.0,0.0,0.0,0.0,0.0,0.0,pv_marginal_cost_applies_to_pv_flows_bess_cycle_cost_applies_to_bess_discharge,522329.4544896007,0.0,0.0,0.0,4860462.656698648,4860462.656698648,4860462.656698648,1.0,0.0,0.0,provisional_distance_based,False,349.03504347217165,2852.3841882034317,697,"{'tsurumaki': {'policy': 'minimum_only', 'initial_soc_kwh': 3000.0, 'target_soc_kwh': None, 'terminal_soc_kwh': 1200.0, 'terminal_soc_delta_kwh': -1800.0, 'terminal_soc_floor_kwh': 1200.0, 'terminal_soc_ceiling_kwh': 4800.0, 'absolute_deviation_kwh': None, 'balanced': True}}",,VERIFIED_CONDITIONAL_WEEKLY_EVALUATION,"{'schema_version': 'research_claim_scope_v1', 'run_profile': 'day_ahead_and_hourly_rolling', 'research_submission_ready': False, 'teacher_release_status': 'BLOCKED', 'teacher_release_failed_checks': ['controlled_counterfactual_pair_not_verified', 'day_ahead_research_acceptance_failed', 'final_reporting_or_artifact_contract_failed', 'frontend_run_failed', 'research_run_not_requested'], 'result_label': 'diagnostic_run_finalization_failed', 'physical_feasibility_claim_eligible': True, 'weather_policy_scope': 'not_enabled', 'weather_adaptive_dispatch_claim_eligible': False, 'formal_weather_comparison_claim_eligible': False, 'integrated_global_optimality_claim_eligible': False, 'runtime_comparison_claim_eligible': False, 'demand_charge_claim_scope': 'planning_horizon_allocation_proxy_not_actual_monthly_bill_savings', 'asset_economics_claim_eligible': False, 'diagnostic_only': True, 'blocking_reason': 'dirty_or_nonformal_run', 'bev_utilization_policy': {'policy': 'require_all_available_bevs_at_least_one_trip', 'enabled': False, 'available_bev_count': 35, 'available_bev_ids': ['0549a411-fd2a-4339-b4a3-45a3b7d37898', '0c9b7317-11ce-4340-ad98-a702eaacaaa4', '1804ab20-a2a0-475c-b4d0-71d8a72c192f', '2e2015fd-c7c1-4c32-8498-ebb6be29cc4c', '35f95479-c68e-40bc-b31a-1f0a5490227c', '3acd650a-ca8c-4114-9922-f514a915f460', '3e38e74f-191a-4b72-8061-59f0020151e3', '4159394a-daba-42d9-aa73-3474613ab9f1', '4f5a4c1d-cac3-4fd2-87a8-cf0049c71ebe', '58bf7ff7-1083-4fbf-84b3-58d45c129f30', '66629acd-98e0-4911-bc68-cd1c9b434a49', '8270c9a2-ed1f-4508-81a0-0903ddc4924c', '89d3f73a-7cd0-421c-8e62-45a073264f6c', 'a645e188-64a8-4244-9882-49f00eeb8a62', 'befc4670-e889-45d9-bd65-23118c02e196', 'bf789db6-3414-4525-9104-06a4b1161271', 'builder-bev-tsurumaki-001', 'builder-bev-tsurumaki-002', 'builder-bev-tsurumaki-003', 'builder-bev-tsurumaki-004', 'builder-bev-tsurumaki-005', 'builder-bev-tsurumaki-006', 'builder-bev-tsurumaki-007', 'builder-bev-tsurumaki-008', 'builder-bev-tsurumaki-009', 'builder-bev-tsurumaki-010', 'ca16a2ca-147b-4359-92db-913031d5faff', 'ce309a0b-8c0b-49dc-a839-171db28e76a4', 'cf7b771e-a6ac-4e0b-9738-ad3901a68307', 'd10aa797-db07-40a2-b52b-d4caf02ff33b', 'd225af48-8eec-47b7-abb1-34cfe83e31f0', 'dcf6407f-77ac-4c32-a840-49fcc7f9a525', 'e0772317-52e2-4e70-bfc8-1eb486f0f75c', 'e56620e3-804c-41a3-9441-b054b74c1392', 'ff03ad3a-409a-43ef-9c63-384bacb5f9d2'], 'minimum_used_bev_count': 0, 'mathematical_effect': 'no additional minimum-BEV-use constraint', 'claim_scope': 'baseline optimization policy'}, 'allowed_claims': ['physical_schedule_feasibility_under_recorded_inputs'], 'disallowed_claims': ['actual_monthly_demand_charge_savings', 'formal_research_weather_comparison', 'integrated_global_total_cost_optimum', 'pv_or_bess_investment_economics', 'wall_clock_runtime_comparison', 'weather_adaptive_dispatch_or_charging_policy'], 'evidence': {'research_run': False, 'research_run_accepted': False, 'solver_objective_matches_accounting_total': False, 'used_powertrain_composition_search_accepted': False, 'solver_objective_accounting_reconciliation_artifact': 'solver_objective_accounting_reconciliation.json', 'solver_objective_accounting_reconciliation_errors': [], 'stage1_used_powertrain_composition_search_artifact': 'stage1_used_powertrain_composition_search.json', 'stage1_used_powertrain_composition_search_errors': [], 'optimization_structure': 'two_stage', 'supports_integrated_exact_milp': False, 'mip_gap_target_met': False, 'weather_policy_scope': 'not_enabled', 'rolling_execution_status': 'executed_and_accepted', 'rolling_execution_minutes': 60, 'research_submission_git_provenance_eligible': True, 'research_acceptance_failed_checks': [], 'stage1_best_obj_stop_applied': False, 'stage1_stop_rule_runtime_control_eligible': False, 'runtime_comparison_claim_requires': ['matched_cross_case_solver_controls', 'fixed_explicit_gurobi_threads', 'multiple_repetitions']}, 'diagnostic_label': 'NOT USED FOR RESEARCH CONCLUSIONS', 'finalization_failure': {'type': 'LiteratureFigureError', 'message': 'Conflicting grid CO2 factors were found for the same timestamp: 05:45'}, 'task_id': '2025-01-06', 'job_id': 'c094649e-5a99-5ba6-b043-f2b832b76066', 'original_worker_state': 'FAILED', 'collection_verified': True, 'collection_basis': 'reporting_recovery_original_archive_verified'}","渋21〜23 / 2025-01-06 / 7日間＋最終翌朝の充電・受電・費用
電費一定・BESS補助運用・翌朝運用SOC上限（統合最適性は未証明）"
2025-02-03,f524eca2552a4386bd033a15bbe046c14dc09281,ca61928c-800a-5c76-8cab-d4993dc9fcda,desktop-6ae0mir,1704,13925.428829,148031.71271951817,110646.49106022618,0.0,0.0,37385.22165929199,249.2348110619469,0.0,0.0,4120000.0,4120000.0,20000.0,206,0.0,0.0,0.0,0.0,0.0,2488.6032360882036,2488.6032360882036,644.4950517510322,644.4950517510322,1844.1081843371712,0.0,0.0,0.0,644.4950517510322,1844.1081843371712,0.5333333333333333,21340.7375,1035.521094713783,20259.94054440692,1080.7969555930795,1080.7969555930795,1080.7969555930795,3688.2163686743415,702.2109473684122,3688.2163686743415,1035.521094713783,17855.051454118824,19224.419449693138,0.0,1011.7327997019243,110646.49106022618,0.0,37385.22165929199,37385.22165929199,0.0,0.0,37385.22165929204,566711.2178288347,110646.49106023026,0.0,37385.22165929199,0.0,37385.22165929204,604096.4394881267,110646.49106023026,37385.22165929204,110646.49106023026,37385.22165929204,0.0,37385.22165929204,0.0,True,realized_supply_plus_inventory_valuation,110646.49106023026,0.0,0.0,0.0,0.0,0.0,0.0,0.0,pv_marginal_cost_applies_to_pv_flows_bess_cycle_cost_applies_to_bess_discharge,505866.3998509621,0.0,0.0,0.0,4776386.715806569,4776386.715806569,4776386.715806569,1.0,0.0,0.0,provisional_distance_based,False,342.9974598598818,2803.0438473043246,695,"{'tsurumaki': {'policy': 'minimum_only', 'initial_soc_kwh': 3000.0, 'target_soc_kwh': None, 'terminal_soc_kwh': 2468.407472872879, 'terminal_soc_delta_kwh': -531.5925271271208, 'terminal_soc_floor_kwh': 1200.0, 'terminal_soc_ceiling_kwh': 4800.0, 'absolute_deviation_kwh': None, 'balanced': True}}",,VERIFIED_CONDITIONAL_WEEKLY_EVALUATION,"{'task_id': '2025-02-03', 'job_id': 'ca61928c-800a-5c76-8cab-d4993dc9fcda', 'worker_id': 'desktop-6ae0mir', 'collection_verified': True, 'git_sha': 'f524eca2552a4386bd033a15bbe046c14dc09281', 'source_digest': '3eee18d7f84cced9f91ac523fea6526d987b192ec9d541b6593557d8be461c89', 'solver_usage': {'execution_profile': 'existing_solver_v1', 'environment_starts': 1, 'model_creations': 176, 'optimize_calls': 176, 'forbidden_calls': 0, 'counts_complete': True, 'license_failed': False}, 'required_artifacts_verified': 707, 'worker_message': 'Feasible candidate complete; physical checks passed, but the requested MIP gap and integrated global optimality are not established.', 'teacher_release_status': 'BLOCKED', 'research_blocking_reasons': ['controlled_counterfactual_pair_not_verified', 'day_ahead_research_acceptance_failed', 'research_run_not_requested'], 'physical_feasibility_claim_eligible': True}","渋21〜23 / 2025-02-03 / 7日間＋最終翌朝の充電・受電・費用
電費一定・BESS補助運用・翌朝運用SOC上限（統合最適性は未証明）"
2025-03-03,f524eca2552a4386bd033a15bbe046c14dc09281,b5023143-6887-5d46-8a3d-8015649c5bff,laptop-a709una0,1704,13925.428829,341301.72702515067,305346.7724233808,0.0,0.0,35954.95460176988,239.69969734513273,0.0,0.0,4120000.0,4120000.0,20000.0,206,0.0,0.0,0.0,0.0,0.0,5708.951122589354,5708.951122589354,619.8382488662912,619.8382488662912,5089.112873723063,0.0,0.0,0.0,619.8382488662912,5089.112873723063,0.5333333333333333,14855.875,868.3346251553206,13099.755470138387,1756.119529861613,1756.119529861613,1756.119529861613,10178.225747446126,629.9998999999904,10178.225747446126,868.3346251553206,11544.140026614305,12231.420844983066,0.0,3319.008986859068,305346.7724233808,0.0,35954.95460176988,35954.95460176988,0.0,0.0,35954.95460176991,567050.6950575548,305346.77242338395,0.0,35954.95460176988,0.0,35954.95460176991,603005.6496593247,305346.77242338395,35954.95460176991,305346.77242338395,35954.95460176991,0.0,35954.95460176991,0.0,True,realized_supply_plus_inventory_valuation,305346.77242338395,0.0,0.0,0.0,0.0,0.0,0.0,0.0,pv_marginal_cost_applies_to_pv_flows_bess_cycle_cost_applies_to_bess_discharge,1659504.4934295341,0.0,0.0,0.0,6126515.171577275,6126515.171577275,6126515.171577275,1.0,0.0,0.0,provisional_distance_based,False,439.9516342950012,3595.3727532730486,695,"{'tsurumaki': {'policy': 'minimum_only', 'initial_soc_kwh': 3000.0, 'target_soc_kwh': None, 'terminal_soc_kwh': 2468.1234589293736, 'terminal_soc_delta_kwh': -531.8765410706264, 'terminal_soc_floor_kwh': 1200.0, 'terminal_soc_ceiling_kwh': 4800.0, 'absolute_deviation_kwh': None, 'balanced': True}}",,VERIFIED_CONDITIONAL_WEEKLY_EVALUATION,"{'task_id': '2025-03-03', 'job_id': 'b5023143-6887-5d46-8a3d-8015649c5bff', 'worker_id': 'laptop-a709una0', 'collection_verified': True, 'git_sha': 'f524eca2552a4386bd033a15bbe046c14dc09281', 'source_digest': '3eee18d7f84cced9f91ac523fea6526d987b192ec9d541b6593557d8be461c89', 'solver_usage': {'execution_profile': 'existing_solver_v1', 'environment_starts': 1, 'model_creations': 176, 'optimize_calls': 176, 'forbidden_calls': 0, 'counts_complete': True, 'license_failed': False}, 'required_artifacts_verified': 707, 'worker_message': 'Feasible candidate complete; physical checks passed, but the requested MIP gap and integrated global optimality are not established.', 'teacher_release_status': 'BLOCKED', 'research_blocking_reasons': ['controlled_counterfactual_pair_not_verified', 'day_ahead_research_acceptance_failed', 'research_run_not_requested'], 'physical_feasibility_claim_eligible': True}","渋21〜23 / 2025-03-03 / 7日間＋最終翌朝の充電・受電・費用
電費一定・BESS補助運用・翌朝運用SOC上限（統合最適性は未証明）"
2025-04-07,f524eca2552a4386bd033a15bbe046c14dc09281,bf3a6405-a814-5e28-83ce-f6a300942cf6,laptop-a709una0,1704,13925.428829,91227.04567647027,48977.963707443785,0.0,0.0,42249.081969026476,281.660546460177,0.0,0.0,4120000.0,4120000.0,20000.0,206,0.0,0.0,0.0,0.0,0.0,1544.6439939127472,1544.6439939127472,728.3445987886375,728.3445987886375,816.2993951241095,0.0,0.0,0.0,728.3445987886375,816.2993951241095,0.5333333333333333,26357.4375,414.6789189747318,20861.914146832823,5495.5233531671765,5495.5233531671765,5495.5233531671765,1632.5987902482195,240.0003,1632.5987902482195,414.6789189747318,20163.62979314192,20447.23522785809,0.0,44.644031528625895,48977.963707443785,0.0,42249.081969026476,42249.081969026476,0.0,0.0,42249.08196902655,561114.3623173153,48977.96370744658,0.0,42249.081969026476,0.0,42249.08196902655,603363.4442863418,48977.96370744658,42249.08196902655,48977.96370744658,42249.08196902655,0.0,42249.08196902655,0.0,True,realized_supply_plus_inventory_valuation,48977.96370744658,0.0,0.0,0.0,0.0,0.0,0.0,0.0,pv_marginal_cost_applies_to_pv_flows_bess_cycle_cost_applies_to_bess_discharge,22322.015764312946,0.0,0.0,0.0,4235093.705434697,4235093.705434697,4235093.705434697,1.0,0.0,0.0,provisional_distance_based,False,304.12662744108997,2485.3836299499394,695,"{'tsurumaki': {'policy': 'minimum_only', 'initial_soc_kwh': 3000.0, 'target_soc_kwh': None, 'terminal_soc_kwh': 1200.0, 'terminal_soc_delta_kwh': -1800.0, 'terminal_soc_floor_kwh': 1200.0, 'terminal_soc_ceiling_kwh': 4800.0, 'absolute_deviation_kwh': None, 'balanced': True}}",,VERIFIED_CONDITIONAL_WEEKLY_EVALUATION,"{'task_id': '2025-04-07', 'job_id': 'bf3a6405-a814-5e28-83ce-f6a300942cf6', 'worker_id': 'laptop-a709una0', 'collection_verified': True, 'git_sha': 'f524eca2552a4386bd033a15bbe046c14dc09281', 'source_digest': '3eee18d7f84cced9f91ac523fea6526d987b192ec9d541b6593557d8be461c89', 'solver_usage': {'execution_profile': 'existing_solver_v1', 'environment_starts': 1, 'model_creations': 176, 'optimize_calls': 176, 'forbidden_calls': 0, 'counts_complete': True, 'license_failed': False}, 'required_artifacts_verified': 707, 'worker_message': 'Feasible candidate complete; physical checks passed, but the requested MIP gap and integrated global optimality are not established.', 'teacher_release_status': 'BLOCKED', 'research_blocking_reasons': ['controlled_counterfactual_pair_not_verified', 'day_ahead_research_acceptance_failed', 'research_run_not_requested'], 'physical_feasibility_claim_eligible': True}","渋21〜23 / 2025-04-07 / 7日間＋最終翌朝の充電・受電・費用
電費一定・BESS補助運用・翌朝運用SOC上限（統合最適性は未証明）"
2025-05-12,f524eca2552a4386bd033a15bbe046c14dc09281,d62bf0be-b57d-52c8-83ff-a4a2c3e3fd2c,desktop-6ae0mir,1704,13925.428829,141867.02552799572,105397.51238640283,0.0,0.0,36469.513141592884,243.13008761061948,0.0,0.0,4120000.0,4120000.0,20000.0,206,0.0,0.0,0.0,0.0,0.0,2385.3340843419733,2385.3340843419733,628.7088779018618,628.7088779018618,1756.6252064401115,0.0,0.0,0.0,628.7088779018618,1756.6252064401115,0.5333333333333333,26638.575,1045.121975237199,19445.08283560956,7193.492164390442,7193.492164390442,7193.492164390442,3513.250412880223,570.0002,3513.250412880223,1045.121975237199,18041.1862647568,18399.96086037236,0.0,1094.4443995954794,105397.51238640283,0.0,36469.513141592884,36469.513141592884,0.0,0.0,36469.51314159292,567303.1552868347,105397.51238640667,0.0,36469.513141592884,0.0,36469.51314159292,603772.6684284275,105397.51238640667,36469.51314159292,105397.51238640667,36469.51314159292,0.0,36469.51314159292,0.0,True,realized_supply_plus_inventory_valuation,105397.51238640667,0.0,0.0,0.0,0.0,0.0,0.0,0.0,pv_marginal_cost_applies_to_pv_flows_bess_cycle_cost_applies_to_bess_discharge,547222.1997977396,0.0,0.0,0.0,4811474.5594100775,4811474.5594100775,4811474.5594100775,1.0,0.0,0.0,provisional_distance_based,False,345.5171555930888,2823.6353048181204,695,"{'tsurumaki': {'policy': 'minimum_only', 'initial_soc_kwh': 3000.0, 'target_soc_kwh': None, 'terminal_soc_kwh': 1489.240433399204, 'terminal_soc_delta_kwh': -1510.759566600796, 'terminal_soc_floor_kwh': 1200.0, 'terminal_soc_ceiling_kwh': 4800.0, 'absolute_deviation_kwh': None, 'balanced': True}}",,VERIFIED_CONDITIONAL_WEEKLY_EVALUATION,"{'task_id': '2025-05-12', 'job_id': 'd62bf0be-b57d-52c8-83ff-a4a2c3e3fd2c', 'worker_id': 'desktop-6ae0mir', 'collection_verified': True, 'git_sha': 'f524eca2552a4386bd033a15bbe046c14dc09281', 'source_digest': '3eee18d7f84cced9f91ac523fea6526d987b192ec9d541b6593557d8be461c89', 'solver_usage': {'execution_profile': 'existing_solver_v1', 'environment_starts': 1, 'model_creations': 176, 'optimize_calls': 176, 'forbidden_calls': 0, 'counts_complete': True, 'license_failed': False}, 'required_artifacts_verified': 707, 'worker_message': 'Feasible candidate complete; physical checks passed, but the requested MIP gap and integrated global optimality are not established.', 'teacher_release_status': 'BLOCKED', 'research_blocking_reasons': ['controlled_counterfactual_pair_not_verified', 'day_ahead_research_acceptance_failed', 'research_run_not_requested'], 'physical_feasibility_claim_eligible': True}","渋21〜23 / 2025-05-12 / 7日間＋最終翌朝の充電・受電・費用
電費一定・BESS補助運用・翌朝運用SOC上限（統合最適性は未証明）"
2025-06-02,f524eca2552a4386bd033a15bbe046c14dc09281,e786d4e9-9d76-5c4b-903c-67df62f862de,desktop-6ae0mir,1704,13925.428829,109350.1142971295,72880.60115553661,0.0,0.0,36469.513141592884,243.13008761061948,0.0,0.0,4120000.0,4120000.0,20000.0,206,0.0,0.0,0.0,0.0,0.0,1843.3855638275365,1843.3855638275365,628.7088779018618,628.7088779018618,1214.6766859256747,0.0,0.0,0.0,628.7088779018618,1214.6766859256747,0.5333333333333333,31601.5125,1373.9252675845244,21342.30495180324,10259.207548196762,10259.207548196762,10259.207548196762,2429.353371851349,561.4389526315802,2429.353371851349,1373.9252675845244,18796.28001343845,19968.379684218715,0.0,692.7907746968767,72880.60115553661,0.0,36469.513141592884,36469.513141592884,0.0,0.0,36469.51314159292,567303.1552868347,72880.60115554045,0.0,36469.513141592884,0.0,36469.51314159292,603772.6684284275,72880.60115554045,36469.51314159292,72880.60115554045,36469.51314159292,0.0,36469.51314159292,0.0,True,realized_supply_plus_inventory_valuation,72880.60115554045,0.0,0.0,0.0,0.0,0.0,0.0,0.0,pv_marginal_cost_applies_to_pv_flows_bess_cycle_cost_applies_to_bess_discharge,346395.3873484384,0.0,0.0,0.0,4577588.887209395,4577588.887209395,4577588.887209395,1.0,0.0,0.0,provisional_distance_based,False,328.72157428117896,2686.3784549350908,695,"{'tsurumaki': {'policy': 'minimum_only', 'initial_soc_kwh': 3000.0, 'target_soc_kwh': None, 'terminal_soc_kwh': 2184.4027911251915, 'terminal_soc_delta_kwh': -815.5972088748085, 'terminal_soc_floor_kwh': 1200.0, 'terminal_soc_ceiling_kwh': 4800.0, 'absolute_deviation_kwh': None, 'balanced': True}}",,VERIFIED_CONDITIONAL_WEEKLY_EVALUATION,"{'task_id': '2025-06-02', 'job_id': 'e786d4e9-9d76-5c4b-903c-67df62f862de', 'worker_id': 'desktop-6ae0mir', 'collection_verified': True, 'git_sha': 'f524eca2552a4386bd033a15bbe046c14dc09281', 'source_digest': '3eee18d7f84cced9f91ac523fea6526d987b192ec9d541b6593557d8be461c89', 'solver_usage': {'execution_profile': 'existing_solver_v1', 'environment_starts': 1, 'model_creations': 176, 'optimize_calls': 176, 'forbidden_calls': 0, 'counts_complete': True, 'license_failed': False}, 'required_artifacts_verified': 707, 'worker_message': 'Feasible candidate complete; physical checks passed, but the requested MIP gap and integrated global optimality are not established.', 'teacher_release_status': 'BLOCKED', 'research_blocking_reasons': ['controlled_counterfactual_pair_not_verified', 'day_ahead_research_acceptance_failed', 'research_run_not_requested'], 'physical_feasibility_claim_eligible': True}","渋21〜23 / 2025-06-02 / 7日間＋最終翌朝の充電・受電・費用
電費一定・BESS補助運用・翌朝運用SOC上限（統合最適性は未証明）"
2025-07-07,f524eca2552a4386bd033a15bbe046c14dc09281,51f0cada-6042-51b0-af0a-0d8df5be4663,laptop-a709una0,1704,13925.428829,64792.65815650807,26264.784948543518,0.0,0.0,38527.87320796455,256.8524880530974,0.0,0.0,4120000.0,4120000.0,20000.0,206,0.0,0.0,0.0,0.0,0.0,1101.9399804031743,1101.9399804031743,664.1935645940632,664.1935645940632,437.74641580911106,0.0,0.0,0.0,664.1935645940632,437.74641580911106,0.5333333333333333,32054.9875,1021.5955331327364,23347.302737081212,8707.684762918787,8707.684762918787,8707.684762918787,875.4928316182221,200.00000000000003,875.4928316182221,1021.5955331327364,20625.27615233427,22325.707203948477,0.0,7.105427357601002e-15,26264.784948543518,0.0,38527.87320796455,38527.87320796455,0.0,0.0,38527.8732079646,565103.1224168348,26264.78494854666,0.0,38527.87320796455,0.0,38527.8732079646,603630.9956247994,26264.78494854666,38527.8732079646,26264.78494854666,38527.8732079646,0.0,38527.8732079646,0.0,True,realized_supply_plus_inventory_valuation,26264.78494854666,0.0,0.0,0.0,0.0,0.0,0.0,0.0,pv_marginal_cost_applies_to_pv_flows_bess_cycle_cost_applies_to_bess_discharge,3.552713678800501e-12,0.0,0.0,0.0,4185894.598136911,4185894.598136911,4185894.598136911,1.0,0.0,0.0,provisional_distance_based,False,300.59358670662243,2456.5109143995955,695,"{'tsurumaki': {'policy': 'minimum_only', 'initial_soc_kwh': 3000.0, 'target_soc_kwh': None, 'terminal_soc_kwh': 2498.6048412939217, 'terminal_soc_delta_kwh': -501.3951587060783, 'terminal_soc_floor_kwh': 1200.0, 'terminal_soc_ceiling_kwh': 4800.0, 'absolute_deviation_kwh': None, 'balanced': True}}",,VERIFIED_CONDITIONAL_WEEKLY_EVALUATION,"{'task_id': '2025-07-07', 'job_id': '51f0cada-6042-51b0-af0a-0d8df5be4663', 'worker_id': 'laptop-a709una0', 'collection_verified': True, 'git_sha': 'f524eca2552a4386bd033a15bbe046c14dc09281', 'source_digest': '3eee18d7f84cced9f91ac523fea6526d987b192ec9d541b6593557d8be461c89', 'solver_usage': {'execution_profile': 'existing_solver_v1', 'environment_starts': 1, 'model_creations': 176, 'optimize_calls': 176, 'forbidden_calls': 0, 'counts_complete': True, 'license_failed': False}, 'required_artifacts_verified': 707, 'worker_message': 'Feasible candidate complete; physical checks passed, but the requested MIP gap and integrated global optimality are not established.', 'teacher_release_status': 'BLOCKED', 'research_blocking_reasons': ['controlled_counterfactual_pair_not_verified', 'day_ahead_research_acceptance_failed', 'research_run_not_requested'], 'physical_feasibility_claim_eligible': True}","渋21〜23 / 2025-07-07 / 7日間＋最終翌朝の充電・受電・費用
電費一定・BESS補助運用・翌朝運用SOC上限（統合最適性は未証明）"
2025-08-04,f524eca2552a4386bd033a15bbe046c14dc09281,37625d9c-03d5-5a71-8118-fbc8e83a2b8c,desktop-6ae0mir,1704,13925.428829,46960.41363474168,10118.473059520491,0.0,0.0,36841.94057522119,245.6129371681416,0.0,0.0,4120000.0,4120000.0,20000.0,206,0.0,0.0,0.0,0.0,0.0,803.7704838171437,803.7704838171437,635.1292661584106,635.1292661584106,168.64121765873307,0.0,0.0,0.0,635.1292661584106,168.64121765873307,0.5333333333333333,30559.4125,1072.2945491897049,22610.52624625128,7948.886253748718,7948.886253748718,7948.886253748718,337.28243531746614,239.25500000000545,337.28243531746614,1072.2945491897049,21148.254106598066,21538.231697061576,0.0,21.382250000001335,10118.473059520491,0.0,36841.94057522119,36841.94057522119,0.0,0.0,36841.94057522124,566113.9197764347,10118.473059523983,0.0,36841.94057522119,0.0,36841.94057522124,602955.8603516559,10118.473059523983,36841.94057522124,10118.473059523983,36841.94057522124,0.0,36841.94057522124,0.0,True,realized_supply_plus_inventory_valuation,10118.473059523983,0.0,0.0,0.0,0.0,0.0,0.0,0.0,pv_marginal_cost_applies_to_pv_flows_bess_cycle_cost_applies_to_bess_discharge,10691.125000000668,0.0,0.0,0.0,4178455.309118559,4178455.309118559,4178455.309118559,1.0,0.0,0.0,provisional_distance_based,False,300.05936337248284,2452.1451344592483,697,"{'tsurumaki': {'policy': 'minimum_only', 'initial_soc_kwh': 3000.0, 'target_soc_kwh': None, 'terminal_soc_kwh': 1200.0, 'terminal_soc_delta_kwh': -1800.0, 'terminal_soc_floor_kwh': 1200.0, 'terminal_soc_ceiling_kwh': 4800.0, 'absolute_deviation_kwh': None, 'balanced': True}}",,VERIFIED_CONDITIONAL_WEEKLY_EVALUATION,"{'task_id': '2025-08-04', 'job_id': '37625d9c-03d5-5a71-8118-fbc8e83a2b8c', 'worker_id': 'desktop-6ae0mir', 'collection_verified': True, 'git_sha': 'f524eca2552a4386bd033a15bbe046c14dc09281', 'source_digest': '3eee18d7f84cced9f91ac523fea6526d987b192ec9d541b6593557d8be461c89', 'solver_usage': {'execution_profile': 'existing_solver_v1', 'environment_starts': 1, 'model_creations': 177, 'optimize_calls': 177, 'forbidden_calls': 0, 'counts_complete': True, 'license_failed': False}, 'required_artifacts_verified': 710, 'worker_message': 'Feasible candidate complete; physical checks passed, but the requested MIP gap and integrated global optimality are not established.', 'teacher_release_status': 'BLOCKED', 'research_blocking_reasons': ['controlled_counterfactual_pair_not_verified', 'day_ahead_research_acceptance_failed', 'research_run_not_requested'], 'physical_feasibility_claim_eligible': True}","渋21〜23 / 2025-08-04 / 7日間＋最終翌朝の充電・受電・費用
電費一定・BESS補助運用・翌朝運用SOC上限（統合最適性は未証明）"
2025-09-01,f524eca2552a4386bd033a15bbe046c14dc09281,54a75e38-53bb-5e8d-a62f-61fc2222d505,laptop-a709una0,1704,13925.428829,152403.21979750312,114566.61166697221,0.0,0.0,37836.608130530905,252.24405420353983,0.0,0.0,4120000.0,4120000.0,20000.0,206,0.0,0.0,0.0,0.0,0.0,2561.720166327584,2561.720166327584,652.2766385446618,652.2766385446618,1909.4435277829225,0.0,0.0,0.0,652.2766385446618,1909.4435277829225,0.5333333333333333,27782.25,1088.2305936530415,20104.492713952906,7677.757286047094,7677.757286047094,7677.757286047094,3818.887055565844,733.8586703292573,3818.887055565844,1088.2305936530415,17663.634277587727,19016.262120299863,0.0,1382.5343960796827,114566.61166697221,0.0,37836.608130530905,37836.608130530905,0.0,0.0,37836.60813053097,566482.1635939148,114566.61166697535,0.0,37836.608130530905,0.0,37836.60813053097,604318.7717244457,114566.61166697535,37836.60813053097,114566.61166697535,37836.60813053097,0.0,37836.60813053097,0.0,True,realized_supply_plus_inventory_valuation,114566.61166697535,0.0,0.0,0.0,0.0,0.0,0.0,0.0,pv_marginal_cost_applies_to_pv_flows_bess_cycle_cost_applies_to_bess_discharge,691267.1980398414,0.0,0.0,0.0,4966232.138003672,4966232.138003672,4966232.138003672,1.0,0.0,0.0,provisional_distance_based,False,356.6304635201889,2914.4554800491032,695,"{'tsurumaki': {'policy': 'minimum_only', 'initial_soc_kwh': 3000.0, 'target_soc_kwh': None, 'terminal_soc_kwh': 2472.1497747188373, 'terminal_soc_delta_kwh': -527.8502252811627, 'terminal_soc_floor_kwh': 1200.0, 'terminal_soc_ceiling_kwh': 4800.0, 'absolute_deviation_kwh': None, 'balanced': True}}",,VERIFIED_CONDITIONAL_WEEKLY_EVALUATION,"{'task_id': '2025-09-01', 'job_id': '54a75e38-53bb-5e8d-a62f-61fc2222d505', 'worker_id': 'laptop-a709una0', 'collection_verified': True, 'git_sha': 'f524eca2552a4386bd033a15bbe046c14dc09281', 'source_digest': '3eee18d7f84cced9f91ac523fea6526d987b192ec9d541b6593557d8be461c89', 'solver_usage': {'execution_profile': 'existing_solver_v1', 'environment_starts': 1, 'model_creations': 176, 'optimize_calls': 176, 'forbidden_calls': 0, 'counts_complete': True, 'license_failed': False}, 'required_artifacts_verified': 707, 'worker_message': 'Feasible candidate complete; physical checks passed, but the requested MIP gap and integrated global optimality are not established.', 'teacher_release_status': 'BLOCKED', 'research_blocking_reasons': ['controlled_counterfactual_pair_not_verified', 'day_ahead_research_acceptance_failed', 'research_run_not_requested'], 'physical_feasibility_claim_eligible': True}","渋21〜23 / 2025-09-01 / 7日間＋最終翌朝の充電・受電・費用
電費一定・BESS補助運用・翌朝運用SOC上限（統合最適性は未証明）"
2025-10-06,f524eca2552a4386bd033a15bbe046c14dc09281,506b76c1-cd53-5f63-ba17-58300c999675,desktop-6ae0mir,1704,13925.428829,202814.1930703375,166496.31449732868,0.0,0.0,36317.878573008806,242.11919048672567,0.0,0.0,4100000.0,4100000.0,20000.0,205,0.0,0.0,0.0,0.0,0.0,3401.0333790392124,3401.0333790392124,626.0948040836705,626.0948040836705,2774.9385749555418,0.0,0.0,0.0,626.0948040836705,2774.9385749555418,0.5333333333333333,17270.725,727.044441027297,17270.725000000002,0.0,0.0,0.0,5549.877149911082,435.9936432229956,5549.877149911082,727.044441027297,16282.006261493614,16543.680558972705,0.0,714.5867225287797,166496.31449732868,0.0,36317.878573008806,36317.878573008806,0.0,0.0,36317.87857300885,566145.1774742348,166496.31449733253,0.0,36317.878573008806,0.0,36317.87857300885,602463.0560472436,166496.31449733253,36317.87857300885,166496.31449733253,36317.87857300885,0.0,36317.87857300885,0.0,True,realized_supply_plus_inventory_valuation,166496.31449733253,0.0,0.0,0.0,0.0,0.0,0.0,0.0,pv_marginal_cost_applies_to_pv_flows_bess_cycle_cost_applies_to_bess_discharge,357293.3612643898,0.0,0.0,0.0,4663508.587713766,4663508.587713766,4663508.587713766,1.0,0.0,0.0,provisional_distance_based,False,334.8915602514093,2736.800814386013,697,"{'tsurumaki': {'policy': 'minimum_only', 'initial_soc_kwh': 3000.0, 'target_soc_kwh': None, 'terminal_soc_kwh': 1577.5425715570952, 'terminal_soc_delta_kwh': -1422.4574284429048, 'terminal_soc_floor_kwh': 1200.0, 'terminal_soc_ceiling_kwh': 4800.0, 'absolute_deviation_kwh': None, 'balanced': True}}",,VERIFIED_CONDITIONAL_WEEKLY_EVALUATION,"{'task_id': '2025-10-06', 'job_id': '506b76c1-cd53-5f63-ba17-58300c999675', 'worker_id': 'desktop-6ae0mir', 'collection_verified': True, 'git_sha': 'f524eca2552a4386bd033a15bbe046c14dc09281', 'source_digest': '3eee18d7f84cced9f91ac523fea6526d987b192ec9d541b6593557d8be461c89', 'solver_usage': {'execution_profile': 'existing_solver_v1', 'environment_starts': 1, 'model_creations': 177, 'optimize_calls': 177, 'forbidden_calls': 0, 'counts_complete': True, 'license_failed': False}, 'required_artifacts_verified': 710, 'worker_message': 'Feasible candidate complete; physical checks passed, but the requested MIP gap and integrated global optimality are not established.', 'teacher_release_status': 'BLOCKED', 'research_blocking_reasons': ['controlled_counterfactual_pair_not_verified', 'day_ahead_research_acceptance_failed', 'research_run_not_requested'], 'physical_feasibility_claim_eligible': True}","渋21〜23 / 2025-10-06 / 7日間＋最終翌朝の充電・受電・費用
電費一定・BESS補助運用・翌朝運用SOC上限（統合最適性は未証明）"
2025-11-10,f524eca2552a4386bd033a15bbe046c14dc09281,490483ef-eb66-5c89-ae52-dd8bfbbc108f,desktop-6ae0mir,1704,13925.428829,236321.0485652652,201017.2476803095,0.0,0.0,35303.80088495571,235.3586725663717,0.0,0.0,4120000.0,4120000.0,20000.0,206,0.0,0.0,0.0,0.0,0.0,3958.9002759345813,3958.9002759345813,608.6128145960168,608.6128145960168,3350.2874613385643,0.0,0.0,0.0,608.6128145960168,3350.2874613385643,0.5333333333333333,15847.1875,978.628377155311,15847.1875,0.0,0.0,0.0,6700.574922677129,732.2104263157897,6700.574922677129,978.628377155311,15016.806788343767,14868.559122844688,0.0,1499.7668912808713,201017.2476803095,0.0,35303.80088495571,35303.80088495571,0.0,0.0,35303.80088495575,570052.0211929143,201017.2476803138,0.0,35303.80088495571,0.0,35303.80088495575,605355.82207787,201017.2476803138,35303.80088495575,201017.2476803138,35303.80088495575,0.0,35303.80088495575,0.0,True,realized_supply_plus_inventory_valuation,201017.2476803138,0.0,0.0,0.0,0.0,0.0,0.0,0.0,pv_marginal_cost_applies_to_pv_flows_bess_cycle_cost_applies_to_bess_discharge,749883.4456404357,0.0,0.0,0.0,5110163.394481636,5110163.394481636,5110163.394481636,1.0,0.0,0.0,provisional_distance_based,False,366.9663216287898,2998.9221798601147,695,"{'tsurumaki': {'policy': 'minimum_only', 'initial_soc_kwh': 3000.0, 'target_soc_kwh': None, 'terminal_soc_kwh': 1317.9661263405926, 'terminal_soc_delta_kwh': -1682.0338736594074, 'terminal_soc_floor_kwh': 1200.0, 'terminal_soc_ceiling_kwh': 4800.0, 'absolute_deviation_kwh': None, 'balanced': True}}",,VERIFIED_CONDITIONAL_WEEKLY_EVALUATION,"{'schema_version': 'research_claim_scope_v1', 'run_profile': 'day_ahead_and_hourly_rolling', 'research_submission_ready': False, 'teacher_release_status': 'BLOCKED', 'teacher_release_failed_checks': ['controlled_counterfactual_pair_not_verified', 'day_ahead_research_acceptance_failed', 'final_reporting_or_artifact_contract_failed', 'frontend_run_failed', 'research_run_not_requested'], 'result_label': 'diagnostic_run_finalization_failed', 'physical_feasibility_claim_eligible': True, 'weather_policy_scope': 'not_enabled', 'weather_adaptive_dispatch_claim_eligible': False, 'formal_weather_comparison_claim_eligible': False, 'integrated_global_optimality_claim_eligible': False, 'runtime_comparison_claim_eligible': False, 'demand_charge_claim_scope': 'planning_horizon_allocation_proxy_not_actual_monthly_bill_savings', 'asset_economics_claim_eligible': False, 'diagnostic_only': True, 'blocking_reason': 'dirty_or_nonformal_run', 'bev_utilization_policy': {'policy': 'require_all_available_bevs_at_least_one_trip', 'enabled': False, 'available_bev_count': 35, 'available_bev_ids': ['0549a411-fd2a-4339-b4a3-45a3b7d37898', '0c9b7317-11ce-4340-ad98-a702eaacaaa4', '1804ab20-a2a0-475c-b4d0-71d8a72c192f', '2e2015fd-c7c1-4c32-8498-ebb6be29cc4c', '35f95479-c68e-40bc-b31a-1f0a5490227c', '3acd650a-ca8c-4114-9922-f514a915f460', '3e38e74f-191a-4b72-8061-59f0020151e3', '4159394a-daba-42d9-aa73-3474613ab9f1', '4f5a4c1d-cac3-4fd2-87a8-cf0049c71ebe', '58bf7ff7-1083-4fbf-84b3-58d45c129f30', '66629acd-98e0-4911-bc68-cd1c9b434a49', '8270c9a2-ed1f-4508-81a0-0903ddc4924c', '89d3f73a-7cd0-421c-8e62-45a073264f6c', 'a645e188-64a8-4244-9882-49f00eeb8a62', 'befc4670-e889-45d9-bd65-23118c02e196', 'bf789db6-3414-4525-9104-06a4b1161271', 'builder-bev-tsurumaki-001', 'builder-bev-tsurumaki-002', 'builder-bev-tsurumaki-003', 'builder-bev-tsurumaki-004', 'builder-bev-tsurumaki-005', 'builder-bev-tsurumaki-006', 'builder-bev-tsurumaki-007', 'builder-bev-tsurumaki-008', 'builder-bev-tsurumaki-009', 'builder-bev-tsurumaki-010', 'ca16a2ca-147b-4359-92db-913031d5faff', 'ce309a0b-8c0b-49dc-a839-171db28e76a4', 'cf7b771e-a6ac-4e0b-9738-ad3901a68307', 'd10aa797-db07-40a2-b52b-d4caf02ff33b', 'd225af48-8eec-47b7-abb1-34cfe83e31f0', 'dcf6407f-77ac-4c32-a840-49fcc7f9a525', 'e0772317-52e2-4e70-bfc8-1eb486f0f75c', 'e56620e3-804c-41a3-9441-b054b74c1392', 'ff03ad3a-409a-43ef-9c63-384bacb5f9d2'], 'minimum_used_bev_count': 0, 'mathematical_effect': 'no additional minimum-BEV-use constraint', 'claim_scope': 'baseline optimization policy'}, 'allowed_claims': ['physical_schedule_feasibility_under_recorded_inputs'], 'disallowed_claims': ['actual_monthly_demand_charge_savings', 'formal_research_weather_comparison', 'integrated_global_total_cost_optimum', 'pv_or_bess_investment_economics', 'wall_clock_runtime_comparison', 'weather_adaptive_dispatch_or_charging_policy'], 'evidence': {'research_run': False, 'research_run_accepted': False, 'solver_objective_matches_accounting_total': False, 'used_powertrain_composition_search_accepted': False, 'solver_objective_accounting_reconciliation_artifact': 'solver_objective_accounting_reconciliation.json', 'solver_objective_accounting_reconciliation_errors': [], 'stage1_used_powertrain_composition_search_artifact': 'stage1_used_powertrain_composition_search.json', 'stage1_used_powertrain_composition_search_errors': [], 'optimization_structure': 'two_stage', 'supports_integrated_exact_milp': False, 'mip_gap_target_met': False, 'weather_policy_scope': 'not_enabled', 'rolling_execution_status': 'executed_and_accepted', 'rolling_execution_minutes': 60, 'research_submission_git_provenance_eligible': True, 'research_acceptance_failed_checks': [], 'stage1_best_obj_stop_applied': False, 'stage1_stop_rule_runtime_control_eligible': False, 'runtime_comparison_claim_requires': ['matched_cross_case_solver_controls', 'fixed_explicit_gurobi_threads', 'multiple_repetitions']}, 'diagnostic_label': 'NOT USED FOR RESEARCH CONCLUSIONS', 'finalization_failure': {'type': 'LiteratureFigureError', 'message': 'Conflicting grid CO2 factors were found for the same timestamp: 06:00'}, 'task_id': '2025-11-10', 'job_id': '490483ef-eb66-5c89-ae52-dd8bfbbc108f', 'original_worker_state': 'FAILED', 'collection_verified': True, 'collection_basis': 'reporting_recovery_original_archive_verified'}","渋21〜23 / 2025-11-10 / 7日間＋最終翌朝の充電・受電・費用
電費一定・BESS補助運用・翌朝運用SOC上限（統合最適性は未証明）"
2025-12-01,f524eca2552a4386bd033a15bbe046c14dc09281,ccf82c9c-bfc5-5ab8-847c-a0570ec11857,laptop-a709una0,1704,13925.428829,247278.9873028515,208854.71345329404,0.0,0.0,38424.27384955747,256.1618256637168,0.0,0.0,4120000.0,4120000.0,20000.0,206,0.0,0.0,0.0,0.0,0.0,4143.319475062973,4143.319475062973,662.407584174676,662.407584174676,3480.9118908882965,0.0,0.0,0.0,662.407584174676,3480.9118908882965,0.5333333333333333,15595.5875,848.8218484814415,15595.587500000001,0.0,0.0,0.0,6961.823781776591,699.6409755706053,6961.823781776591,848.8218484814415,14696.51118251625,14746.765651518559,0.0,1242.4027091415626,208854.71345329404,0.0,38424.27384955747,38424.27384955747,0.0,0.0,38424.273849557525,564669.7028439548,208854.71345329777,0.0,38424.27384955747,0.0,38424.273849557525,603093.9766935123,208854.71345329777,38424.273849557525,208854.71345329777,38424.273849557525,0.0,38424.273849557525,0.0,True,realized_supply_plus_inventory_valuation,208854.71345329777,0.0,0.0,0.0,0.0,0.0,0.0,0.0,pv_marginal_cost_applies_to_pv_flows_bess_cycle_cost_applies_to_bess_discharge,621201.3545707813,0.0,0.0,0.0,4992623.661348696,4992623.661348696,4992623.661348696,1.0,0.0,0.0,provisional_distance_based,False,358.52566715586175,2929.9434632328025,695,"{'tsurumaki': {'policy': 'minimum_only', 'initial_soc_kwh': 3000.0, 'target_soc_kwh': None, 'terminal_soc_kwh': 1539.4155978728925, 'terminal_soc_delta_kwh': -1460.5844021271075, 'terminal_soc_floor_kwh': 1200.0, 'terminal_soc_ceiling_kwh': 4800.0, 'absolute_deviation_kwh': None, 'balanced': True}}",,VERIFIED_CONDITIONAL_WEEKLY_EVALUATION,"{'schema_version': 'research_claim_scope_v1', 'run_profile': 'day_ahead_and_hourly_rolling', 'research_submission_ready': False, 'teacher_release_status': 'BLOCKED', 'teacher_release_failed_checks': ['controlled_counterfactual_pair_not_verified', 'day_ahead_research_acceptance_failed', 'final_reporting_or_artifact_contract_failed', 'frontend_run_failed', 'research_run_not_requested'], 'result_label': 'diagnostic_run_finalization_failed', 'physical_feasibility_claim_eligible': True, 'weather_policy_scope': 'not_enabled', 'weather_adaptive_dispatch_claim_eligible': False, 'formal_weather_comparison_claim_eligible': False, 'integrated_global_optimality_claim_eligible': False, 'runtime_comparison_claim_eligible': False, 'demand_charge_claim_scope': 'planning_horizon_allocation_proxy_not_actual_monthly_bill_savings', 'asset_economics_claim_eligible': False, 'diagnostic_only': True, 'blocking_reason': 'dirty_or_nonformal_run', 'bev_utilization_policy': {'policy': 'require_all_available_bevs_at_least_one_trip', 'enabled': False, 'available_bev_count': 35, 'available_bev_ids': ['0549a411-fd2a-4339-b4a3-45a3b7d37898', '0c9b7317-11ce-4340-ad98-a702eaacaaa4', '1804ab20-a2a0-475c-b4d0-71d8a72c192f', '2e2015fd-c7c1-4c32-8498-ebb6be29cc4c', '35f95479-c68e-40bc-b31a-1f0a5490227c', '3acd650a-ca8c-4114-9922-f514a915f460', '3e38e74f-191a-4b72-8061-59f0020151e3', '4159394a-daba-42d9-aa73-3474613ab9f1', '4f5a4c1d-cac3-4fd2-87a8-cf0049c71ebe', '58bf7ff7-1083-4fbf-84b3-58d45c129f30', '66629acd-98e0-4911-bc68-cd1c9b434a49', '8270c9a2-ed1f-4508-81a0-0903ddc4924c', '89d3f73a-7cd0-421c-8e62-45a073264f6c', 'a645e188-64a8-4244-9882-49f00eeb8a62', 'befc4670-e889-45d9-bd65-23118c02e196', 'bf789db6-3414-4525-9104-06a4b1161271', 'builder-bev-tsurumaki-001', 'builder-bev-tsurumaki-002', 'builder-bev-tsurumaki-003', 'builder-bev-tsurumaki-004', 'builder-bev-tsurumaki-005', 'builder-bev-tsurumaki-006', 'builder-bev-tsurumaki-007', 'builder-bev-tsurumaki-008', 'builder-bev-tsurumaki-009', 'builder-bev-tsurumaki-010', 'ca16a2ca-147b-4359-92db-913031d5faff', 'ce309a0b-8c0b-49dc-a839-171db28e76a4', 'cf7b771e-a6ac-4e0b-9738-ad3901a68307', 'd10aa797-db07-40a2-b52b-d4caf02ff33b', 'd225af48-8eec-47b7-abb1-34cfe83e31f0', 'dcf6407f-77ac-4c32-a840-49fcc7f9a525', 'e0772317-52e2-4e70-bfc8-1eb486f0f75c', 'e56620e3-804c-41a3-9441-b054b74c1392', 'ff03ad3a-409a-43ef-9c63-384bacb5f9d2'], 'minimum_used_bev_count': 0, 'mathematical_effect': 'no additional minimum-BEV-use constraint', 'claim_scope': 'baseline optimization policy'}, 'allowed_claims': ['physical_schedule_feasibility_under_recorded_inputs'], 'disallowed_claims': ['actual_monthly_demand_charge_savings', 'formal_research_weather_comparison', 'integrated_global_total_cost_optimum', 'pv_or_bess_investment_economics', 'wall_clock_runtime_comparison', 'weather_adaptive_dispatch_or_charging_policy'], 'evidence': {'research_run': False, 'research_run_accepted': False, 'solver_objective_matches_accounting_total': False, 'used_powertrain_composition_search_accepted': False, 'solver_objective_accounting_reconciliation_artifact': 'solver_objective_accounting_reconciliation.json', 'solver_objective_accounting_reconciliation_errors': [], 'stage1_used_powertrain_composition_search_artifact': 'stage1_used_powertrain_composition_search.json', 'stage1_used_powertrain_composition_search_errors': [], 'optimization_structure': 'two_stage', 'supports_integrated_exact_milp': False, 'mip_gap_target_met': False, 'weather_policy_scope': 'not_enabled', 'rolling_execution_status': 'executed_and_accepted', 'rolling_execution_minutes': 60, 'research_submission_git_provenance_eligible': True, 'research_acceptance_failed_checks': [], 'stage1_best_obj_stop_applied': False, 'stage1_stop_rule_runtime_control_eligible': False, 'runtime_comparison_claim_requires': ['matched_cross_case_solver_controls', 'fixed_explicit_gurobi_threads', 'multiple_repetitions']}, 'diagnostic_label': 'NOT USED FOR RESEARCH CONCLUSIONS', 'finalization_failure': {'type': 'LiteratureFigureError', 'message': 'Conflicting grid CO2 factors were found for the same timestamp: 05:45'}, 'task_id': '2025-12-01', 'job_id': 'ccf82c9c-bfc5-5ab8-847c-a0570ec11857', 'original_worker_state': 'FAILED', 'collection_verified': True, 'collection_basis': 'reporting_recovery_original_archive_verified'}","渋21〜23 / 2025-12-01 / 7日間＋最終翌朝の充電・受電・費用
電費一定・BESS補助運用・翌朝運用SOC上限（統合最適性は未証明）"
