source_path,size_bytes,sha256
先行文献/No16.pdf,3291876,50aeb6ea585595f23b09c11f4de2c1cd2da185aa3d63c06ebc3ac06b75f61074
先行文献/No42.pdf,1800527,1f7925ee2c6862c1d0feef43d142c3f9b539020a32228eed8972f1a55b94785f
先行文献/No55.pdf,2985821,bd2f52fee861f9812f8ad09125eda3b048e0dc07b05ed63168615c7cc382054f
先行文献/No61.pdf,17944794,1ef0ae3da899b344ac1e0218207cb8c91bf23152eb044361ff3e139fb7bc7732
先行文献/No63.pdf,3898141,224c0034d9c65fe4130ff0741ee2ce3786024e0f41cb628f88a1f02a5e975d1b
先行文献/No64.pdf,5598322,771a2c0e7d074da6575d5f6051004cc3e2377dbdbffeb4005206d871c6a66279
先行文献/電気自動車バスのマクロな充電需要推定に関する検討.pdf,334496,f35aedcd4138d80253be4ca7cfb7f87d716d63e79a1671b7906cb0e0889c8425
先行文献/都市の太陽光地域余剰電力活用と運行の低炭素化を目的とした電気バス充電計画法の検.pdf,484312,1ea432ec4fbae5e5fea4ceb2f0a6e6e0adeaff381d6251959c77f9824c25c65d
先行文献/電気バスの低炭素運用に向けたモデル予測型逐次充電計画の導入評価.pdf,672631,a70301be3909bbcd722d9da0e7cc953c67afbe489b3afb431bf498f5e678ad2b
