accounting_reconciliation_delta_jpy,accounting_reconciliation_passed,assignment_hash,assignment_unchanged,canonical_actual_cost_jpy,costs_jpy,dispatch_reoptimization_performed,energy,energy_recourse_optimization_performed,evaluation_wall_time_sec,fallback_used,minimum_bev_soc_kwh,physical_validation_errors,physical_validation_feasible,recourse_hash,repair_used,scenario,selectable,solved_assignment_hash,source_candidate_hash,stage2_feasible,stage2_runtime_seconds,stage2_solver_status,terminal_bess_soc_kwh_total,terminal_bev_soc_kwh_total,used_vehicle_count
0.0,True,0890d2b05c4ef5f8f106b40ad1548696e10d7c060fcf32bb62cd3dded42229a1,True,685663.511394628,"{""degradation_cost"": 0.0, ""demand_cost"": 0.0, ""electricity_cost"": 1.4551915228366852e-11, ""fuel_cost"": 44889.645331858366, ""stationary_battery_degradation_cost"": 0.0, ""vehicle_usage_cost"": 640000.0}",False,"{""bess_to_bus_kwh"": 1230.123108050526, ""grid_import_kwh"": 0.0, ""peak_grid_kw"": 0.0, ""pv_curtail_kwh"": 4503.928918738031, ""pv_to_bess_kwh"": 1363.0172942388103, ""pv_to_bus_kwh"": 189.30378702315795}",True,4.9918254999793135,False,,[],True,b8596951b592c0e431bea90a00f6d83b34ec802901540b596e55bdfb2887cfa3,False,SUNNY,True,0890d2b05c4ef5f8f106b40ad1548696e10d7c060fcf32bb62cd3dded42229a1,b491ffee4b645a4e18471822aafabc97c3ab100f54d63acecdceb01b15376b08,True,1.6627231999882497,optimal,,,32
0.0,True,0890d2b05c4ef5f8f106b40ad1548696e10d7c060fcf32bb62cd3dded42229a1,True,700546.5672147735,"{""degradation_cost"": 0.0, ""demand_cost"": 0.0, ""electricity_cost"": 14639.071298503903, ""fuel_cost"": 44889.645331858366, ""stationary_battery_degradation_cost"": 0.0, ""vehicle_usage_cost"": 640000.0}",False,"{""bess_to_bus_kwh"": 599.2799139418009, ""grid_import_kwh"": 487.96904328346244, ""peak_grid_kw"": 200.0, ""pv_curtail_kwh"": 0.0, ""pv_to_bess_kwh"": 664.0220653094736, ""pv_to_bus_kwh"": 332.1779346905264}",True,4.890910599962808,False,,[],True,fb99147077224ea69a881e5c326a57e5d67df8df0d366b36f2d020ae3b18116f,False,RAIN,True,0890d2b05c4ef5f8f106b40ad1548696e10d7c060fcf32bb62cd3dded42229a1,b491ffee4b645a4e18471822aafabc97c3ab100f54d63acecdceb01b15376b08,True,1.617322999984026,optimal,,,32
0.0,True,0de9a6ab9fa8277f26dbcb6c3e5424ec22f59d789a1c3f9dd9e829bbe81d0361,True,706431.2805291044,"{""degradation_cost"": 0.0, ""demand_cost"": 0.0, ""electricity_cost"": 2.546585164964199e-11, ""fuel_cost"": 65305.46011061945, ""stationary_battery_degradation_cost"": 0.0, ""vehicle_usage_cost"": 640000.0}",False,"{""bess_to_bus_kwh"": 539.2031520147304, ""grid_import_kwh"": 0.0, ""peak_grid_kw"": 0.0, ""pv_curtail_kwh"": 5430.780350786674, ""pv_to_bess_kwh"": 597.4550160828044, ""pv_to_bus_kwh"": 28.0146331305227}",True,4.4435256000142545,False,,[],True,e96b18d204b524a654784106e98813552bf3f8c4f47ebfd443041d28c38f13e4,False,SUNNY,True,0de9a6ab9fa8277f26dbcb6c3e5424ec22f59d789a1c3f9dd9e829bbe81d0361,c4c505dcfb5ff1ea60768004b70d2721bb638292704db01028c918eb7b051698,True,1.1183435000129975,optimal,,,32
0.0,True,0de9a6ab9fa8277f26dbcb6c3e5424ec22f59d789a1c3f9dd9e829bbe81d0361,True,706431.2805291044,"{""degradation_cost"": 0.0, ""demand_cost"": 0.0, ""electricity_cost"": 0.0, ""fuel_cost"": 65305.46011061945, ""stationary_battery_degradation_cost"": 0.0, ""vehicle_usage_cost"": 640000.0}",False,"{""bess_to_bus_kwh"": 449.1215573557894, ""grid_import_kwh"": 0.0, ""peak_grid_kw"": 0.0, ""pv_curtail_kwh"": 380.4621679381846, ""pv_to_bess_kwh"": 497.64161479865754, ""pv_to_bus_kwh"": 118.09621726315791}",True,4.40984620002564,False,,[],True,66cffe18f1bac0a8f47a3166991ad11f904bead312211af722d3932235ac22fb,False,RAIN,True,0de9a6ab9fa8277f26dbcb6c3e5424ec22f59d789a1c3f9dd9e829bbe81d0361,c4c505dcfb5ff1ea60768004b70d2721bb638292704db01028c918eb7b051698,True,1.11919840000337,optimal,,,32
0.0,True,20cee42a2373bd06c6221787f06df2504544b0dd048e48e0de4658fa532d4e77,True,1087269.0947053223,"{""degradation_cost"": 0.0, ""demand_cost"": 0.0, ""electricity_cost"": 3.637978807091713e-12, ""fuel_cost"": 66129.07573008853, ""stationary_battery_degradation_cost"": 0.0, ""vehicle_usage_cost"": 1020000.0}",False,"{""bess_to_bus_kwh"": 810.4392980210562, ""grid_import_kwh"": 0.0, ""peak_grid_kw"": 0.0, ""pv_curtail_kwh"": 5138.303137956954, ""pv_to_bess_kwh"": 897.9936820177878, ""pv_to_bus_kwh"": 19.95318002525788}",True,5.591580599953886,False,,[],True,6a2f1e1e9f6643b89b6148dc818b41d26ca3536ae7607bea84cfd0aa61ef7971,False,SUNNY,True,20cee42a2373bd06c6221787f06df2504544b0dd048e48e0de4658fa532d4e77,4d74261e0e229803b56e4f5ce3651a2a4ca97326b6aab5a96d4f00d57da20695,True,2.2386788000003435,optimal,,,51
0.0,True,20cee42a2373bd06c6221787f06df2504544b0dd048e48e0de4658fa532d4e77,True,1087269.0947053223,"{""degradation_cost"": 0.0, ""demand_cost"": 0.0, ""electricity_cost"": 3.637978807091713e-12, ""fuel_cost"": 66129.07573008853, ""stationary_battery_degradation_cost"": 0.0, ""vehicle_usage_cost"": 1020000.0}",False,"{""bess_to_bus_kwh"": 810.4392980210562, ""grid_import_kwh"": 0.0, ""peak_grid_kw"": 0.0, ""pv_curtail_kwh"": 78.25313795695138, ""pv_to_bess_kwh"": 897.9936820177908, ""pv_to_bus_kwh"": 19.95318002525787}",True,5.545828300004359,False,,[],True,41782580df735ea951482476938cc1f3c7efd06902c78771228435a23cbf4b48,False,RAIN,True,20cee42a2373bd06c6221787f06df2504544b0dd048e48e0de4658fa532d4e77,4d74261e0e229803b56e4f5ce3651a2a4ca97326b6aab5a96d4f00d57da20695,True,2.2575249999645166,optimal,,,51
0.0,True,213b2ccd409559807467d9726bdf7eb4958f9c1d5d68c3363e95db5299d65316,True,694607.6443719033,"{""degradation_cost"": 0.0, ""demand_cost"": 0.0, ""electricity_cost"": 2.546585164964199e-11, ""fuel_cost"": 53682.200807522095, ""stationary_battery_degradation_cost"": 0.0, ""vehicle_usage_cost"": 640000.0}",False,"{""bess_to_bus_kwh"": 853.1856735051924, ""grid_import_kwh"": 0.0, ""peak_grid_kw"": 0.0, ""pv_curtail_kwh"": 4911.674782582021, ""pv_to_bess_kwh"": 945.3580869863612, ""pv_to_bus_kwh"": 199.21713043161773}",True,4.659421499993186,False,,[],True,d710c593dd3728e6f875f49b088aae1862bd93d0fd132c61b635e57ae06fcaae,False,SUNNY,True,213b2ccd409559807467d9726bdf7eb4958f9c1d5d68c3363e95db5299d65316,c6cb0cc9574f1964d3761001ec64bdd7287cb252e56a3509f2627e2623a03034,True,1.4072128999978304,optimal,,,32
0.0,True,213b2ccd409559807467d9726bdf7eb4958f9c1d5d68c3363e95db5299d65316,True,698296.465283954,"{""degradation_cost"": 0.0, ""demand_cost"": 0.0, ""electricity_cost"": 3628.348438082822, ""fuel_cost"": 53682.200807522095, ""stationary_battery_degradation_cost"": 0.0, ""vehicle_usage_cost"": 640000.0}",False,"{""bess_to_bus_kwh"": 599.2799139418013, ""grid_import_kwh"": 120.9449479360937, ""peak_grid_kw"": 180.0, ""pv_curtail_kwh"": 0.0, ""pv_to_bess_kwh"": 664.0220653094736, ""pv_to_bus_kwh"": 332.1779346905264}",True,4.700928200036287,False,,[],True,cfdca27bd868de5705169f061f8fdbfef95f04ca4edf8da9931aa356f51dd59b,False,RAIN,True,213b2ccd409559807467d9726bdf7eb4958f9c1d5d68c3363e95db5299d65316,c6cb0cc9574f1964d3761001ec64bdd7287cb252e56a3509f2627e2623a03034,True,1.4175159999867901,optimal,,,32
0.0,True,223933f431651836b4bb41056c1b77880abdd30d38e746e4b0f7db831eed1fde,True,707349.1733696415,"{""degradation_cost"": 0.0, ""demand_cost"": 0.0, ""electricity_cost"": 1.8189894035458565e-12, ""fuel_cost"": 66207.79728982302, ""stationary_battery_degradation_cost"": 0.0, ""vehicle_usage_cost"": 640000.0}",False,"{""bess_to_bus_kwh"": 504.4929374189394, ""grid_import_kwh"": 0.0, ""peak_grid_kw"": 0.0, ""pv_curtail_kwh"": 5472.196103483057, ""pv_to_bess_kwh"": 558.9949445085218, ""pv_to_bus_kwh"": 25.05895200842061}",True,4.139517900010105,False,,[],True,bfb044b1c3fcde6ac8044dcc962b579c0fd3799a417daba15c9fe0d008fa9d78,False,SUNNY,True,223933f431651836b4bb41056c1b77880abdd30d38e746e4b0f7db831eed1fde,f2bf4f1ebc2123e6114a17683659a8e418270caff8f951214a42e927312db3bc,True,0.8815545000252314,optimal,,,32
0.0,True,223933f431651836b4bb41056c1b77880abdd30d38e746e4b0f7db831eed1fde,True,707349.1733696415,"{""degradation_cost"": 0.0, ""demand_cost"": 0.0, ""electricity_cost"": 5.4569682106375694e-12, ""fuel_cost"": 66207.79728982302, ""stationary_battery_degradation_cost"": 0.0, ""vehicle_usage_cost"": 640000.0}",False,"{""bess_to_bus_kwh"": 414.9780819263153, ""grid_import_kwh"": 0.0, ""peak_grid_kw"": 0.0, ""pv_curtail_kwh"": 421.81668764984454, ""pv_to_bess_kwh"": 459.80950905962914, ""pv_to_bus_kwh"": 114.57380329052636}",True,4.169643300003372,False,,[],True,10dd72bf44a94827e066cf2d087d7cc0ec61ed7898d51ec1fde9a520d5c7f522,False,RAIN,True,223933f431651836b4bb41056c1b77880abdd30d38e746e4b0f7db831eed1fde,f2bf4f1ebc2123e6114a17683659a8e418270caff8f951214a42e927312db3bc,True,0.9084865999757312,optimal,,,32
0.0,True,23efc4a2ab99e6a039ba8aaa172e7865d0806fa51242438bb4daaa7d2d974eca,True,1007361.2748827065,"{""degradation_cost"": 0.0, ""demand_cost"": 0.0, ""electricity_cost"": 7.275957614183426e-12, ""fuel_cost"": 66219.69371681417, ""stationary_battery_degradation_cost"": 0.0, ""vehicle_usage_cost"": 940000.0}",False,"{""bess_to_bus_kwh"": 760.9429795452667, ""grid_import_kwh"": 0.0, ""peak_grid_kw"": 0.0, ""pv_curtail_kwh"": 5193.146704135113, ""pv_to_bess_kwh"": 843.1501158396281, ""pv_to_bus_kwh"": 19.95318002525788}",True,5.215955999970902,False,,[],True,dda22c12efc8919fb203168d99625549e80ce8d9504976d983c76f40967fc343,False,SUNNY,True,23efc4a2ab99e6a039ba8aaa172e7865d0806fa51242438bb4daaa7d2d974eca,5f9cd555a7c397feb3a34ba1a95d2f5e3c9e65a0fc047a4769c45607381d9caf,True,1.9259022999904118,optimal,,,47
0.0,True,23efc4a2ab99e6a039ba8aaa172e7865d0806fa51242438bb4daaa7d2d974eca,True,1007361.2748827065,"{""degradation_cost"": 0.0, ""demand_cost"": 0.0, ""electricity_cost"": 0.0, ""fuel_cost"": 66219.69371681417, ""stationary_battery_degradation_cost"": 0.0, ""vehicle_usage_cost"": 940000.0}",False,"{""bess_to_bus_kwh"": 452.6851702402011, ""grid_import_kwh"": 0.0, ""peak_grid_kw"": 0.0, ""pv_curtail_kwh"": 166.39882275815916, ""pv_to_bess_kwh"": 501.59021633263166, ""pv_to_bus_kwh"": 328.2109609092093}",True,6.531090600008611,False,,[],True,02938488500e7a25a561bef461cfc73919cab0d6022f91319d068dc857e7e8d6,False,RAIN,True,23efc4a2ab99e6a039ba8aaa172e7865d0806fa51242438bb4daaa7d2d974eca,5f9cd555a7c397feb3a34ba1a95d2f5e3c9e65a0fc047a4769c45607381d9caf,True,3.199008999974467,optimal,,,47
0.0,True,5ba26c68511b0a63e4ef14c60935b382a57aafac375d5bcc857b1e485834db0f,True,704318.6336491928,"{""degradation_cost"": 0.0, ""demand_cost"": 0.0, ""electricity_cost"": 1.0913936421275139e-11, ""fuel_cost"": 63228.6165597345, ""stationary_battery_degradation_cost"": 0.0, ""vehicle_usage_cost"": 640000.0}",False,"{""bess_to_bus_kwh"": 621.6495905347294, ""grid_import_kwh"": 0.0, ""peak_grid_kw"": 0.0, ""pv_curtail_kwh"": 5335.180548294151, ""pv_to_bess_kwh"": 688.8084105647971, ""pv_to_bus_kwh"": 32.26104114105245}",True,4.477562799991574,False,,[],True,c93e9d3a0e54e68b3770c896da890fe6b305b978203b00f090151a33e81905fa,False,SUNNY,True,5ba26c68511b0a63e4ef14c60935b382a57aafac375d5bcc857b1e485834db0f,7ddb08cec49d9051f6b92adf6ad72477de19e46709ffab6e15b455e9c017a568,True,1.1620445000007749,optimal,,,32
0.0,True,5ba26c68511b0a63e4ef14c60935b382a57aafac375d5bcc857b1e485834db0f,True,704318.6336491928,"{""degradation_cost"": 0.0, ""demand_cost"": 0.0, ""electricity_cost"": 1.4551915228366852e-11, ""fuel_cost"": 63228.6165597345, ""stationary_battery_degradation_cost"": 0.0, ""vehicle_usage_cost"": 640000.0}",False,"{""bess_to_bus_kwh"": 484.962753008303, ""grid_import_kwh"": 0.0, ""peak_grid_kw"": 0.0, ""pv_curtail_kwh"": 289.8972850907445, ""pv_to_bess_kwh"": 537.3548509787294, ""pv_to_bus_kwh"": 168.94786393052615}",True,4.5177846000296995,False,,[],True,eb4693cd0b7ff2b6f39d1d00fea0adc93d7fdde654698c0a81ad7fdd0c3265c4,False,RAIN,True,5ba26c68511b0a63e4ef14c60935b382a57aafac375d5bcc857b1e485834db0f,7ddb08cec49d9051f6b92adf6ad72477de19e46709ffab6e15b455e9c017a568,True,1.2528492999845184,optimal,,,32
0.0,True,65478159445a0c00501945675704c0178f0b2dc8ca02faa7003057a6b9b8f037,True,703024.5297858134,"{""degradation_cost"": 0.0, ""demand_cost"": 0.0, ""electricity_cost"": -7.275957614183426e-12, ""fuel_cost"": 61956.44405973451, ""stationary_battery_degradation_cost"": 0.0, ""vehicle_usage_cost"": 640000.0}",False,"{""bess_to_bus_kwh"": 467.31323310736855, ""grid_import_kwh"": 0.0, ""peak_grid_kw"": 0.0, ""pv_curtail_kwh"": 5298.75023448757, ""pv_to_bess_kwh"": 517.7985962408511, ""pv_to_bus_kwh"": 239.70116927157895}",True,4.539486500027124,False,,[],True,4ae803dad75480d310b2bddfef162c43681ad27fee24ba63a70626329c25242b,False,SUNNY,True,65478159445a0c00501945675704c0178f0b2dc8ca02faa7003057a6b9b8f037,0d1c20241682c38f2aa95264fe2fba660ef110a846addcf1812b9fbfd80f1349,True,1.2026265999884345,optimal,,,32
0.0,True,65478159445a0c00501945675704c0178f0b2dc8ca02faa7003057a6b9b8f037,True,703024.5297858134,"{""degradation_cost"": 0.0, ""demand_cost"": 0.0, ""electricity_cost"": -1.8189894035458565e-11, ""fuel_cost"": 61956.44405973451, ""stationary_battery_degradation_cost"": 0.0, ""vehicle_usage_cost"": 640000.0}",False,"{""bess_to_bus_kwh"": 498.13480731250075, ""grid_import_kwh"": 0.0, ""peak_grid_kw"": 0.0, ""pv_curtail_kwh"": 235.3704820388166, ""pv_to_bess_kwh"": 551.9499250000005, ""pv_to_bus_kwh"": 208.87959296118302}",True,4.559087600035127,False,,[],True,180943c4542b0a85053087c41cfab1c459ba88aab1c5688c7b8fd82daf0029b1,False,RAIN,True,65478159445a0c00501945675704c0178f0b2dc8ca02faa7003057a6b9b8f037,0d1c20241682c38f2aa95264fe2fba660ef110a846addcf1812b9fbfd80f1349,True,1.2407112999935634,optimal,,,32
0.0,True,662702cc3fb2681a377ebe541a921cb54978cbf77125128b687e685be555b109,True,690112.753615856,"{""degradation_cost"": 0.0, ""demand_cost"": 0.0, ""electricity_cost"": 3.637978807091713e-11, ""fuel_cost"": 49263.48560840704, ""stationary_battery_degradation_cost"": 0.0, ""vehicle_usage_cost"": 640000.0}",False,"{""bess_to_bus_kwh"": 1005.5913220778948, ""grid_import_kwh"": 0.0, ""peak_grid_kw"": 0.0, ""pv_curtail_kwh"": 4710.761266117237, ""pv_to_bess_kwh"": 1114.2286117206581, ""pv_to_bus_kwh"": 231.26012216210532}",True,4.747879699978512,False,,[],True,cd8224885320e00c54dc191108042c625748962e08e3d6a70c071f08c2d0dfc2,False,SUNNY,True,662702cc3fb2681a377ebe541a921cb54978cbf77125128b687e685be555b109,fbf4102a9931f99643e11bea3993ae0b9d4d9b6bf54d26af9e634e4ca37bda02,True,1.4462387000094168,optimal,,,32
0.0,True,662702cc3fb2681a377ebe541a921cb54978cbf77125128b687e685be555b109,True,699427.2582176796,"{""degradation_cost"": 0.0, ""demand_cost"": 0.0, ""electricity_cost"": 9161.807805072338, ""fuel_cost"": 49263.48560840704, ""stationary_battery_degradation_cost"": 0.0, ""vehicle_usage_cost"": 640000.0}",False,"{""bess_to_bus_kwh"": 599.279913941801, ""grid_import_kwh"": 305.3935935024096, ""peak_grid_kw"": 150.0001, ""pv_curtail_kwh"": 1.1368683772161603e-13, ""pv_to_bess_kwh"": 664.0220653094735, ""pv_to_bus_kwh"": 332.1779346905264}",True,4.775767699989956,False,,[],True,efa4f3d468606d951d9aaa977806ede4f6a302f5824095c0479ad520330fad61,False,RAIN,True,662702cc3fb2681a377ebe541a921cb54978cbf77125128b687e685be555b109,fbf4102a9931f99643e11bea3993ae0b9d4d9b6bf54d26af9e634e4ca37bda02,True,1.4720031000324525,optimal,,,32
0.0,True,76fb6a9b635bce41ae73db10f08facc7862a1f55a4465004457e79838c9a516c,True,660983.7838045002,"{""degradation_cost"": 0.0, ""demand_cost"": 0.0, ""electricity_cost"": 1.3096723705530167e-10, ""fuel_cost"": 20628.168617256633, ""stationary_battery_degradation_cost"": 0.0, ""vehicle_usage_cost"": 640000.0}",False,"{""bess_to_bus_kwh"": 2214.748500345289, ""grid_import_kwh"": 0.0, ""peak_grid_kw"": 0.0, ""pv_curtail_kwh"": 3384.819616819216, ""pv_to_bess_kwh"": 2454.0149588313434, ""pv_to_bus_kwh"": 217.41542434944}",True,5.3331235000514425,False,,[],True,9611177de29a546a6031594258301aa1756036a09b2fef3333880d51d3bd3eba,False,SUNNY,True,76fb6a9b635bce41ae73db10f08facc7862a1f55a4465004457e79838c9a516c,db0b67eda7aecd03f57a277a57d87c4dfa722cf1f73b5d2cead06efaa19c4aab,True,1.961137400008738,optimal,,,32
0.0,True,76fb6a9b635bce41ae73db10f08facc7862a1f55a4465004457e79838c9a516c,True,706714.2442025288,"{""degradation_cost"": 0.0, ""demand_cost"": 0.0, ""electricity_cost"": 44980.78071937251, ""fuel_cost"": 20628.168617256633, ""stationary_battery_degradation_cost"": 0.0, ""vehicle_usage_cost"": 640000.0}",False,"{""bess_to_bus_kwh"": 586.8141326918005, ""grid_import_kwh"": 1499.35935731241, ""peak_grid_kw"": 200.0, ""pv_curtail_kwh"": 0.0, ""pv_to_bess_kwh"": 650.2095653094736, ""pv_to_bus_kwh"": 345.99043469052634}",True,5.4026199000072666,False,,[],True,91995d4e7325b541dcb17fe46ecca9dae038ea629d4f97e2e3005510b05118c3,False,RAIN,True,76fb6a9b635bce41ae73db10f08facc7862a1f55a4465004457e79838c9a516c,db0b67eda7aecd03f57a277a57d87c4dfa722cf1f73b5d2cead06efaa19c4aab,True,2.086464399995748,optimal,,,32
0.0,True,ab0f9d80e7a5df0fe3b7d92ccffd930a4373349a14720c411524efe6e747f08b,True,675803.8547091411,"{""degradation_cost"": 0.0, ""demand_cost"": 0.0, ""electricity_cost"": 3.637978807091713e-11, ""fuel_cost"": 35197.08165929199, ""stationary_battery_degradation_cost"": 0.0, ""vehicle_usage_cost"": 640000.0}",False,"{""bess_to_bus_kwh"": 1758.78371136, ""grid_import_kwh"": 0.0, ""peak_grid_kw"": 0.0, ""pv_curtail_kwh"": 4042.2232154991716, ""pv_to_bess_kwh"": 1948.790815911356, ""pv_to_bus_kwh"": 65.23596858947292}",True,5.003621299983934,False,,[],True,94974b5f83ce3855ba86c6633f7958d42547eef59e2293621a0925c5c77053f7,False,SUNNY,True,ab0f9d80e7a5df0fe3b7d92ccffd930a4373349a14720c411524efe6e747f08b,a18de4d5588f4c40dcc6f3b3d823e886fe82591ecd25d56aac982823ac9cd0f6,True,1.6964270999887958,optimal,,,32
0.0,True,ab0f9d80e7a5df0fe3b7d92ccffd930a4373349a14720c411524efe6e747f08b,True,703026.9901469456,"{""degradation_cost"": 0.0, ""demand_cost"": 0.0, ""electricity_cost"": 26776.854528988108, ""fuel_cost"": 35197.08165929199, ""stationary_battery_degradation_cost"": 0.0, ""vehicle_usage_cost"": 640000.0}",False,"{""bess_to_bus_kwh"": 599.2799139418013, ""grid_import_kwh"": 892.5618176329351, ""peak_grid_kw"": 200.0, ""pv_curtail_kwh"": 0.0, ""pv_to_bess_kwh"": 664.0220653094746, ""pv_to_bus_kwh"": 332.17793469052543}",True,5.172256899997592,False,,[],True,5284b4e4fbac95358c8ce63eee89a4755404bab647e7d1876c93a0f9b5bf550c,False,RAIN,True,ab0f9d80e7a5df0fe3b7d92ccffd930a4373349a14720c411524efe6e747f08b,a18de4d5588f4c40dcc6f3b3d823e886fe82591ecd25d56aac982823ac9cd0f6,True,1.8260378999984823,optimal,,,32
0.0,True,b73e8c639f783d7df9f87fff0f79aecc4d8b543ee4a08916c7ad3edea9da61b5,True,1067331.312481715,"{""degradation_cost"": 0.0, ""demand_cost"": 0.0, ""electricity_cost"": 7.275957614183426e-12, ""fuel_cost"": 66190.23909292038, ""stationary_battery_degradation_cost"": 0.0, ""vehicle_usage_cost"": 1000000.0}",False,"{""bess_to_bus_kwh"": 802.0680741305298, ""grid_import_kwh"": 0.0, ""peak_grid_kw"": 0.0, ""pv_curtail_kwh"": 5147.5787322954875, ""pv_to_bess_kwh"": 888.7180876792544, ""pv_to_bus_kwh"": 19.95318002525788}",True,5.445217100030277,False,,[],True,204b7c3d39d34e5e3fb6d7a7d146702d7e79cd54336950bd72094a81d37cd4ad,False,SUNNY,True,b73e8c639f783d7df9f87fff0f79aecc4d8b543ee4a08916c7ad3edea9da61b5,015bd67590e8d0c94272b265aee6a1f5db670a440e1943956c2059eeeae172d5,True,2.1649955000029877,optimal,,,50
0.0,True,b73e8c639f783d7df9f87fff0f79aecc4d8b543ee4a08916c7ad3edea9da61b5,True,1067331.312481715,"{""degradation_cost"": 0.0, ""demand_cost"": 0.0, ""electricity_cost"": 1.0913936421275139e-11, ""fuel_cost"": 66190.23909292038, ""stationary_battery_degradation_cost"": 0.0, ""vehicle_usage_cost"": 1000000.0}",False,"{""bess_to_bus_kwh"": 432.9190470893046, ""grid_import_kwh"": 0.0, ""peak_grid_kw"": 0.0, ""pv_curtail_kwh"": 127.4091254662498, ""pv_to_bess_kwh"": 479.68869483579425, ""pv_to_bus_kwh"": 389.102179697956}",True,6.69968570000492,False,,[],True,95d0ecfa2b6b9f0f45c2799c1dda3cea9ade81c2fa10bf2dc0894cbac33ce2e1,False,RAIN,True,b73e8c639f783d7df9f87fff0f79aecc4d8b543ee4a08916c7ad3edea9da61b5,015bd67590e8d0c94272b265aee6a1f5db670a440e1943956c2059eeeae172d5,True,3.4119974999921396,optimal,,,50
0.0,True,baf28cee74e6cb3a7d38811e4e78df3a2b5a1b96a4be9ea4f84703aaea555798,True,680592.6316040504,"{""degradation_cost"": 0.0, ""demand_cost"": 0.0, ""electricity_cost"": 3.637978807091713e-11, ""fuel_cost"": 39904.70246681411, ""stationary_battery_degradation_cost"": 0.0, ""vehicle_usage_cost"": 640000.0}",False,"{""bess_to_bus_kwh"": 1544.3566500715783, ""grid_import_kwh"": 0.0, ""peak_grid_kw"": 0.0, ""pv_curtail_kwh"": 4261.896781689777, ""pv_to_bess_kwh"": 1711.1985042344354, ""pv_to_bus_kwh"": 83.15471407578876}",True,4.946021699986886,False,,[],True,8865520623c2a9bac136dfe8eac9ed066a458a612b26c6c9a2c09aaf53f50b96,False,SUNNY,True,baf28cee74e6cb3a7d38811e4e78df3a2b5a1b96a4be9ea4f84703aaea555798,740d559976a65c9f771ece25467601716f0720341a876e81ce899e9cd66607ef,True,1.654151400027331,optimal,,,32
0.0,True,baf28cee74e6cb3a7d38811e4e78df3a2b5a1b96a4be9ea4f84703aaea555798,True,701822.2634098906,"{""degradation_cost"": 0.0, ""demand_cost"": 0.0, ""electricity_cost"": 20881.605054924978, ""fuel_cost"": 39904.70246681411, ""stationary_battery_degradation_cost"": 0.0, ""vehicle_usage_cost"": 640000.0}",False,"{""bess_to_bus_kwh"": 599.279913941801, ""grid_import_kwh"": 696.0535018308304, ""peak_grid_kw"": 200.0, ""pv_curtail_kwh"": 0.0, ""pv_to_bess_kwh"": 664.0220653094736, ""pv_to_bus_kwh"": 332.17793469052634}",True,4.921401100000367,False,,[],True,b170e76ab2609774d55d9b8e275c9b2499a11c40e69980eddf09467c336ee55f,False,RAIN,True,baf28cee74e6cb3a7d38811e4e78df3a2b5a1b96a4be9ea4f84703aaea555798,740d559976a65c9f771ece25467601716f0720341a876e81ce899e9cd66607ef,True,1.6476549999788404,optimal,,,32
0.0,True,cff27e8a768bf48f0a0dd830ebd62643b99dec066325d5cc5d7a536b1dd1ba79,True,705596.0349608877,"{""degradation_cost"": 0.0, ""demand_cost"": 0.0, ""electricity_cost"": 1.4551915228366852e-11, ""fuel_cost"": 64484.36956858406, ""stationary_battery_degradation_cost"": 0.0, ""vehicle_usage_cost"": 640000.0}",False,"{""bess_to_bus_kwh"": 584.1495894820972, ""grid_import_kwh"": 0.0, ""peak_grid_kw"": 0.0, ""pv_curtail_kwh"": 5391.65018713895, ""pv_to_bess_kwh"": 647.2571628610492, ""pv_to_bus_kwh"": 17.342650000000177}",True,4.336428600014187,False,,[],True,3e2bdffc6da070b9ac75afcaf3f8e5549ee0c847c414e6b5f1d3833a7c573177,False,SUNNY,True,cff27e8a768bf48f0a0dd830ebd62643b99dec066325d5cc5d7a536b1dd1ba79,738008fead355bc833880f887972922ab0e7ec793a499e6777bad9e49fe8ded2,True,1.067476299998816,optimal,,,32
0.0,True,cff27e8a768bf48f0a0dd830ebd62643b99dec066325d5cc5d7a536b1dd1ba79,True,705596.0349608877,"{""degradation_cost"": 0.0, ""demand_cost"": 0.0, ""electricity_cost"": 1.4551915228366852e-11, ""fuel_cost"": 64484.36956858406, ""stationary_battery_degradation_cost"": 0.0, ""vehicle_usage_cost"": 640000.0}",False,"{""bess_to_bus_kwh"": 484.76137451564426, ""grid_import_kwh"": 0.0, ""peak_grid_kw"": 0.0, ""pv_curtail_kwh"": 342.3374318030528, ""pv_to_bess_kwh"": 537.1317169148421, ""pv_to_bus_kwh"": 116.73085128210515}",True,4.478512700006831,False,,[],True,ab46d15120a521d24d4a24013e8d334dd29607e0a4e1daf0b987ede143921354,False,RAIN,True,cff27e8a768bf48f0a0dd830ebd62643b99dec066325d5cc5d7a536b1dd1ba79,738008fead355bc833880f887972922ab0e7ec793a499e6777bad9e49fe8ded2,True,1.2123917000135407,optimal,,,32
0.0,True,dd3c7bbc38bbbb3cc7f9237b7d696b935c3c0264272ac27930a1b769c0f0393d,True,1047311.1586193787,"{""degradation_cost"": 0.0, ""demand_cost"": 0.0, ""electricity_cost"": 3.637978807091713e-12, ""fuel_cost"": 66170.42678097347, ""stationary_battery_degradation_cost"": 0.0, ""vehicle_usage_cost"": 980000.0}",False,"{""bess_to_bus_kwh"": 782.116143052635, ""grid_import_kwh"": 0.0, ""peak_grid_kw"": 0.0, ""pv_curtail_kwh"": 5169.68613515188, ""pv_to_bess_kwh"": 866.6106848228618, ""pv_to_bus_kwh"": 19.95318002525788}",True,5.355666599993128,False,,[],True,d2fd9462bcaf4ae3b9c7e50077b740f2d036202f6d8f2bfe8ed981e3c8f77c14,False,SUNNY,True,dd3c7bbc38bbbb3cc7f9237b7d696b935c3c0264272ac27930a1b769c0f0393d,b32fce98a5368050d85f4f8d07eb52a8684ed6da0f8f4e5ce0dc6d5e9636eb5c,True,2.0588409999618307,optimal,,,49
0.0,True,dd3c7bbc38bbbb3cc7f9237b7d696b935c3c0264272ac27930a1b769c0f0393d,True,1047311.1586193787,"{""degradation_cost"": 0.0, ""demand_cost"": 0.0, ""electricity_cost"": 1.0913936421275139e-11, ""fuel_cost"": 66170.42678097347, ""stationary_battery_degradation_cost"": 0.0, ""vehicle_usage_cost"": 980000.0}",False,"{""bess_to_bus_kwh"": 782.116143052635, ""grid_import_kwh"": 0.0, ""peak_grid_kw"": 0.0, ""pv_curtail_kwh"": 109.63613515187683, ""pv_to_bess_kwh"": 866.6106848228657, ""pv_to_bus_kwh"": 19.953180025257552}",True,5.356748699967284,False,,[],True,1a0e02bc71a73b00271b997c6bde406fbae504aa50089050d4fcbcd0ec2bda1c,False,RAIN,True,dd3c7bbc38bbbb3cc7f9237b7d696b935c3c0264272ac27930a1b769c0f0393d,b32fce98a5368050d85f4f8d07eb52a8684ed6da0f8f4e5ce0dc6d5e9636eb5c,True,2.0610687999869697,optimal,,,49
0.0,True,ddeb4211cfc03b47cc7403c0d1babc939b410f94f0c300491792a794616ebe80,True,671015.0770377993,"{""degradation_cost"": 0.0, ""demand_cost"": 0.0, ""electricity_cost"": 6.548361852765083e-11, ""fuel_cost"": 30489.460088495543, ""stationary_battery_degradation_cost"": 0.0, ""vehicle_usage_cost"": 640000.0}",False,"{""bess_to_bus_kwh"": 1799.2721240241515, ""grid_import_kwh"": 0.0, ""peak_grid_kw"": 0.0, ""pv_curtail_kwh"": 3841.340786024677, ""pv_to_bess_kwh"": 1993.653323018453, ""pv_to_bus_kwh"": 221.25589095687}",True,5.222876099986024,False,,[],True,f489e12e2fb6c84b851fc92793724ba3b5c2f954d9eb9dd813eadddd4157fceb,False,SUNNY,True,ddeb4211cfc03b47cc7403c0d1babc939b410f94f0c300491792a794616ebe80,aa55c76cf7871bb8ca4a6559745341bae8575986bd6046cb2dfd9c75f736b95a,True,1.9161814999533817,optimal,,,32
0.0,True,ddeb4211cfc03b47cc7403c0d1babc939b410f94f0c300491792a794616ebe80,True,704231.71707933,"{""degradation_cost"": 0.0, ""demand_cost"": 0.0, ""electricity_cost"": 32672.10495888276, ""fuel_cost"": 30489.460088495543, ""stationary_battery_degradation_cost"": 0.0, ""vehicle_usage_cost"": 640000.0}",False,"{""bess_to_bus_kwh"": 599.2799139417948, ""grid_import_kwh"": 1089.070165296088, ""peak_grid_kw"": 200.0, ""pv_curtail_kwh"": 0.0, ""pv_to_bess_kwh"": 664.0220653095064, ""pv_to_bus_kwh"": 332.1779346904936}",True,5.18038279999746,False,,[],True,e9cd5700a18a2c8acc8c76f0415677105fba33018b21fe2a44a0679ac0bbae5b,False,RAIN,True,ddeb4211cfc03b47cc7403c0d1babc939b410f94f0c300491792a794616ebe80,aa55c76cf7871bb8ca4a6559745341bae8575986bd6046cb2dfd9c75f736b95a,True,1.8832723000086844,optimal,,,32
0.0,True,e511bd6940ac14fa39148178676a79bb32dc20e3cc4f821a54a36bbd8e3dcf1f,True,698863.087754261,"{""degradation_cost"": 0.0, ""demand_cost"": 0.0, ""electricity_cost"": 7.275957614183426e-12, ""fuel_cost"": 57865.52658185838, ""stationary_battery_degradation_cost"": 0.0, ""vehicle_usage_cost"": 640000.0}",False,"{""bess_to_bus_kwh"": 634.1815152294739, ""grid_import_kwh"": 0.0, ""peak_grid_kw"": 0.0, ""pv_curtail_kwh"": 5109.957398750279, ""pv_to_bess_kwh"": 702.6941997002472, ""pv_to_bus_kwh"": 243.59840154947372}",True,4.548756899952423,False,,[],True,d9d50874f072d3d6e4e491003e2862644132362cec8d48a72e2dc67f49e8571d,False,SUNNY,True,e511bd6940ac14fa39148178676a79bb32dc20e3cc4f821a54a36bbd8e3dcf1f,b4f0a36c694d539fe75b8d3a6d38ffce9e3ccb53773cbc0f7367c62f735194cb,True,1.2725612999638543,optimal,,,32
0.0,True,e511bd6940ac14fa39148178676a79bb32dc20e3cc4f821a54a36bbd8e3dcf1f,True,698863.087754261,"{""degradation_cost"": 0.0, ""demand_cost"": 0.0, ""electricity_cost"": 1.4551915228366852e-11, ""fuel_cost"": 57865.52658185838, ""stationary_battery_degradation_cost"": 0.0, ""vehicle_usage_cost"": 640000.0}",False,"{""bess_to_bus_kwh"": 632.5992073674008, ""grid_import_kwh"": 0.0, ""peak_grid_kw"": 0.0, ""pv_curtail_kwh"": 50.07834059687514, ""pv_to_bess_kwh"": 700.9409499915799, ""pv_to_bus_kwh"": 245.18070941154497}",True,4.7034720000228845,False,,[],True,8959cc70e85596c7c1d74b5c891a882022c5c25d329804d2f6e34bc9fd231812,False,RAIN,True,e511bd6940ac14fa39148178676a79bb32dc20e3cc4f821a54a36bbd8e3dcf1f,b4f0a36c694d539fe75b8d3a6d38ffce9e3ccb53773cbc0f7367c62f735194cb,True,1.4164893999695778,optimal,,,32
0.0,True,e5a0b6aa409d52be836449063e720054d442693dbfdaaf3d11f8fb928b1c7f1a,True,706897.3427014399,"{""degradation_cost"": 0.0, ""demand_cost"": 0.0, ""electricity_cost"": 7.275957614183426e-12, ""fuel_cost"": 65763.62386061945, ""stationary_battery_degradation_cost"": 0.0, ""vehicle_usage_cost"": 640000.0}",False,"{""bess_to_bus_kwh"": 523.0338156989361, ""grid_import_kwh"": 0.0, ""peak_grid_kw"": 0.0, ""pv_curtail_kwh"": 5451.652119031534, ""pv_to_bess_kwh"": 579.5388539600451, ""pv_to_bus_kwh"": 25.059027008420273}",True,4.202524500025902,False,,[],True,1f6e771efbb646892073eb7d31d59ffbfd99b1f56e1c1d09c84603b6a773d117,False,SUNNY,True,e5a0b6aa409d52be836449063e720054d442693dbfdaaf3d11f8fb928b1c7f1a,152bb82e5e88138615a5f86b151b5ea5ec8d8b74db0330b175c53500a2463836,True,0.9146704999729991,optimal,,,32
0.0,True,e5a0b6aa409d52be836449063e720054d442693dbfdaaf3d11f8fb928b1c7f1a,True,706897.3427014399,"{""degradation_cost"": 0.0, ""demand_cost"": 0.0, ""electricity_cost"": 7.275957614183426e-12, ""fuel_cost"": 65763.62386061945, ""stationary_battery_degradation_cost"": 0.0, ""vehicle_usage_cost"": 640000.0}",False,"{""bess_to_bus_kwh"": 416.1253537810519, ""grid_import_kwh"": 0.0, ""peak_grid_kw"": 0.0, ""pv_curtail_kwh"": 403.15180034675706, ""pv_to_bess_kwh"": 461.08072441113774, ""pv_to_bus_kwh"": 131.96747524210528}",True,4.237147599982563,False,,[],True,e408ecc0be3159e0c1f0cb6a0d6bb69ce600805519c9900579d7aa9cf91a372d,False,RAIN,True,e5a0b6aa409d52be836449063e720054d442693dbfdaaf3d11f8fb928b1c7f1a,152bb82e5e88138615a5f86b151b5ea5ec8d8b74db0330b175c53500a2463836,True,0.9536303000058979,optimal,,,32
0.0,True,e7d6d5694209a960cccd6c2f20729c92bcab88089cc2abdf6474ef82a5822db1,True,1027299.0571063138,"{""degradation_cost"": 0.0, ""demand_cost"": 0.0, ""electricity_cost"": 3.637978807091713e-12, ""fuel_cost"": 66158.53035398232, ""stationary_battery_degradation_cost"": 0.0, ""vehicle_usage_cost"": 960000.0}",False,"{""bess_to_bus_kwh"": 706.0239568351236, ""grid_import_kwh"": 0.0, ""peak_grid_kw"": 0.0, ""pv_curtail_kwh"": 5190.708573944714, ""pv_to_bess_kwh"": 782.2980131137106, ""pv_to_bus_kwh"": 83.24341294157608}",True,5.87289979995694,False,,[],True,9a73437ec282302d509fb1bbe1763244669b41fb90060e4bc8338a061a961a22,False,SUNNY,True,e7d6d5694209a960cccd6c2f20729c92bcab88089cc2abdf6474ef82a5822db1,bd3cb324eeeb0c43f41ae48e196e1f0f97b37ed0f76e11d2a6b415ac7f65fd12,True,2.591965000028722,optimal,,,48
0.0,True,e7d6d5694209a960cccd6c2f20729c92bcab88089cc2abdf6474ef82a5822db1,True,1027299.0571063138,"{""degradation_cost"": 0.0, ""demand_cost"": 0.0, ""electricity_cost"": 1.4551915228366852e-11, ""fuel_cost"": 66158.53035398232, ""stationary_battery_degradation_cost"": 0.0, ""vehicle_usage_cost"": 960000.0}",False,"{""bess_to_bus_kwh"": 415.19750411369796, ""grid_import_kwh"": 0.0, ""peak_grid_kw"": 0.0, ""pv_curtail_kwh"": 162.07750977874645, ""pv_to_bess_kwh"": 460.0526361370633, ""pv_to_bus_kwh"": 374.0698540841903}",True,6.395358600013424,False,,[],True,6387107482e6a82ecf7e439086d51d1b0c1f2fe083c1e969ee090b1ab5aeb6fc,False,RAIN,True,e7d6d5694209a960cccd6c2f20729c92bcab88089cc2abdf6474ef82a5822db1,bd3cb324eeeb0c43f41ae48e196e1f0f97b37ed0f76e11d2a6b415ac7f65fd12,True,3.1195186999975704,optimal,,,48
0.0,True,f1c7f3cd925b59fc21c91a086f18ae067e28aab7f8ece26dcb8ab9a535378f93,True,1126803.0609234155,"{""degradation_cost"": 0.0, ""demand_cost"": 0.0, ""electricity_cost"": 3.637978807091713e-12, ""fuel_cost"": 65670.93988938053, ""stationary_battery_degradation_cost"": 0.0, ""vehicle_usage_cost"": 1060000.0}",False,"{""bess_to_bus_kwh"": 674.8010177638046, ""grid_import_kwh"": 0.0, ""peak_grid_kw"": 0.0, ""pv_curtail_kwh"": 5114.716202492224, ""pv_to_bess_kwh"": 747.7019587410579, ""pv_to_bus_kwh"": 193.83183876671873}",True,7.082936700026039,False,,[],True,c51db25dbbbbc6bc82d5b367e11f0411e2d47c8b8fdeb5d51940fa35906f4638,False,SUNNY,True,f1c7f3cd925b59fc21c91a086f18ae067e28aab7f8ece26dcb8ab9a535378f93,224f0149fff64c812af2093335b4a40a3228e9e76d1a421e54cbb1d7a76007ab,True,3.815302699978929,optimal,,,53
0.0,True,f1c7f3cd925b59fc21c91a086f18ae067e28aab7f8ece26dcb8ab9a535378f93,True,1126803.0609234155,"{""degradation_cost"": 0.0, ""demand_cost"": 0.0, ""electricity_cost"": -3.637978807091713e-12, ""fuel_cost"": 65670.93988938053, ""stationary_battery_degradation_cost"": 0.0, ""vehicle_usage_cost"": 1060000.0}",False,"{""bess_to_bus_kwh"": 404.132378841801, ""grid_import_kwh"": 0.0, ""peak_grid_kw"": 0.0, ""pv_curtail_kwh"": 83.90741279127724, ""pv_to_bess_kwh"": 447.79210952000153, ""pv_to_bus_kwh"": 464.50047768872133}",True,7.155234300007578,False,,[],True,68f9327de30343277c4f0ee35d8795fa31dac3dc65432489eee4cb0161fb04ed,False,RAIN,True,f1c7f3cd925b59fc21c91a086f18ae067e28aab7f8ece26dcb8ab9a535378f93,224f0149fff64c812af2093335b4a40a3228e9e76d1a421e54cbb1d7a76007ab,True,3.8683342000003904,optimal,,,53
0.0,True,f84e87d75edf3de1f9f1d64b225811bc7f27fd2b3e552c6b6e926b507afe1a5b,True,1106790.9594103505,"{""degradation_cost"": 0.0, ""demand_cost"": 0.0, ""electricity_cost"": 3.637978807091713e-12, ""fuel_cost"": 65659.04346238938, ""stationary_battery_degradation_cost"": 0.0, ""vehicle_usage_cost"": 1040000.0}",False,"{""bess_to_bus_kwh"": 835.8777716252666, ""grid_import_kwh"": 0.0, ""peak_grid_kw"": 0.0, ""pv_curtail_kwh"": 5110.116463603257, ""pv_to_bess_kwh"": 926.1803563714849, ""pv_to_bus_kwh"": 19.95318002525788}",True,5.6224826000398025,False,,[],True,3a0b0599c72b2e7594ad74a53f24ea8e223b43d15dcccdf18fcfca6dc9b6c073,False,SUNNY,True,f84e87d75edf3de1f9f1d64b225811bc7f27fd2b3e552c6b6e926b507afe1a5b,0f96311ad938c86155972bc4ca558e405b8bfc1abc7e5513fcd52177b6561a14,True,2.3166773000266403,optimal,,,52
0.0,True,f84e87d75edf3de1f9f1d64b225811bc7f27fd2b3e552c6b6e926b507afe1a5b,True,1106790.9594103505,"{""degradation_cost"": 0.0, ""demand_cost"": 0.0, ""electricity_cost"": -3.637978807091713e-12, ""fuel_cost"": 65659.04346238938, ""stationary_battery_degradation_cost"": 0.0, ""vehicle_usage_cost"": 1040000.0}",False,"{""bess_to_bus_kwh"": 490.5816204883734, ""grid_import_kwh"": 0.0, ""peak_grid_kw"": 0.0, ""pv_curtail_kwh"": 87.36995012500279, ""pv_to_bess_kwh"": 543.580742923436, ""pv_to_bus_kwh"": 365.24930695156127}",True,7.6119590000016615,False,,[],True,e0a0989acacc4afc876a9e1407ba230c1450e4ecf2186825f930cde2c2d90413,False,RAIN,True,f84e87d75edf3de1f9f1d64b225811bc7f27fd2b3e552c6b6e926b507afe1a5b,0f96311ad938c86155972bc4ca558e405b8bfc1abc7e5513fcd52177b6561a14,True,4.315396299993154,optimal,,,52
0.0,True,f932b55a1d8f4bdd80c24466353e6db3669e2b168729bd99769a7d1b9f057493,True,666164.0823664974,"{""degradation_cost"": 0.0, ""demand_cost"": 0.0, ""electricity_cost"": 1.3096723705530167e-10, ""fuel_cost"": 25720.675918141573, ""stationary_battery_degradation_cost"": 0.0, ""vehicle_usage_cost"": 640000.0}",False,"{""bess_to_bus_kwh"": 2027.5084475473354, ""grid_import_kwh"": 0.0, ""peak_grid_kw"": 0.0, ""pv_curtail_kwh"": 3617.622240799076, ""pv_to_bess_kwh"": 2246.546756285135, ""pv_to_bus_kwh"": 192.08100291578893}",True,5.23300200002268,False,,[],True,27d48d6401638ac9eb94584f7f4901eebfaa2d800ac7ad4128d6d1c6008f53b3,False,SUNNY,True,f932b55a1d8f4bdd80c24466353e6db3669e2b168729bd99769a7d1b9f057493,3cca5d222273f3d023c68aa44537ea7db82ceef4833ee135310f693c65aa97be,True,1.9417399000376463,optimal,,,32
0.0,True,f932b55a1d8f4bdd80c24466353e6db3669e2b168729bd99769a7d1b9f057493,True,705452.0961260219,"{""degradation_cost"": 0.0, ""demand_cost"": 0.0, ""electricity_cost"": 38643.947960188285, ""fuel_cost"": 25720.675918141573, ""stationary_battery_degradation_cost"": 0.0, ""vehicle_usage_cost"": 640000.0}",False,"{""bess_to_bus_kwh"": 599.2799139417999, ""grid_import_kwh"": 1288.1315986729371, ""peak_grid_kw"": 200.0, ""pv_curtail_kwh"": 0.0, ""pv_to_bess_kwh"": 664.0220653094736, ""pv_to_bus_kwh"": 332.1779346905264}",True,5.168185100017581,False,,[],True,d168b9b7edd7f08ccfd0d208b8ba762774f9d9653137fe39d190bb8ca4a5325f,False,RAIN,True,f932b55a1d8f4bdd80c24466353e6db3669e2b168729bd99769a7d1b9f057493,3cca5d222273f3d023c68aa44537ea7db82ceef4833ee135310f693c65aa97be,True,1.8857807000167668,optimal,,,32
