season,weather_class,source_day_count,status,interval_start_minute_jst,unit,mean,p10,p50,p90,population_std
spring,sunny,45,DESCRIPTIVE_ONLY,0,W/m2,0.0,0.0,0.0,0.0,0.0
spring,sunny,45,DESCRIPTIVE_ONLY,15,W/m2,0.0,0.0,0.0,0.0,0.0
spring,sunny,45,DESCRIPTIVE_ONLY,30,W/m2,0.0,0.0,0.0,0.0,0.0
spring,sunny,45,DESCRIPTIVE_ONLY,45,W/m2,0.0,0.0,0.0,0.0,0.0
spring,sunny,45,DESCRIPTIVE_ONLY,60,W/m2,0.0,0.0,0.0,0.0,0.0
spring,sunny,45,DESCRIPTIVE_ONLY,75,W/m2,0.0,0.0,0.0,0.0,0.0
spring,sunny,45,DESCRIPTIVE_ONLY,90,W/m2,0.0,0.0,0.0,0.0,0.0
spring,sunny,45,DESCRIPTIVE_ONLY,105,W/m2,0.0,0.0,0.0,0.0,0.0
spring,sunny,45,DESCRIPTIVE_ONLY,120,W/m2,0.0,0.0,0.0,0.0,0.0
spring,sunny,45,DESCRIPTIVE_ONLY,135,W/m2,0.0,0.0,0.0,0.0,0.0
spring,sunny,45,DESCRIPTIVE_ONLY,150,W/m2,0.0,0.0,0.0,0.0,0.0
spring,sunny,45,DESCRIPTIVE_ONLY,165,W/m2,0.0,0.0,0.0,0.0,0.0
spring,sunny,45,DESCRIPTIVE_ONLY,180,W/m2,0.0,0.0,0.0,0.0,0.0
spring,sunny,45,DESCRIPTIVE_ONLY,195,W/m2,0.0,0.0,0.0,0.0,0.0
spring,sunny,45,DESCRIPTIVE_ONLY,210,W/m2,0.0,0.0,0.0,0.0,0.0
spring,sunny,45,DESCRIPTIVE_ONLY,225,W/m2,0.0,0.0,0.0,0.0,0.0
spring,sunny,45,DESCRIPTIVE_ONLY,240,W/m2,0.0,0.0,0.0,0.0,0.0
spring,sunny,45,DESCRIPTIVE_ONLY,255,W/m2,0.0,0.0,0.0,0.0,0.0
spring,sunny,45,DESCRIPTIVE_ONLY,270,W/m2,0.022222222222222223,0.0,0.0,0.0,0.14740554623801777
spring,sunny,45,DESCRIPTIVE_ONLY,285,W/m2,1.1333333333333333,0.0,0.0,5.0,2.5871477215909673
spring,sunny,45,DESCRIPTIVE_ONLY,300,W/m2,6.488888888888889,0.0,0.0,27.60000000000001,10.851773479681604
spring,sunny,45,DESCRIPTIVE_ONLY,315,W/m2,15.466666666666667,0.0,3.0,47.6,20.8908273332261
spring,sunny,45,DESCRIPTIVE_ONLY,330,W/m2,28.933333333333334,0.0,17.0,81.0,31.779378359069405
spring,sunny,45,DESCRIPTIVE_ONLY,345,W/m2,49.75555555555555,0.0,40.0,123.0,46.99085280045022
spring,sunny,45,DESCRIPTIVE_ONLY,360,W/m2,77.26666666666667,4.200000000000001,77.0,164.40000000000003,59.6375720498412
spring,sunny,45,DESCRIPTIVE_ONLY,375,W/m2,114.88888888888889,26.4,124.0,215.60000000000002,70.77828361933317
spring,sunny,45,DESCRIPTIVE_ONLY,390,W/m2,159.44444444444446,53.6,165.0,274.0,80.78463978190011
spring,sunny,45,DESCRIPTIVE_ONLY,405,W/m2,204.11111111111111,103.4,202.0,332.2,85.86222095691633
spring,sunny,45,DESCRIPTIVE_ONLY,420,W/m2,251.15555555555557,151.6,233.0,389.2,90.68136046510588
spring,sunny,45,DESCRIPTIVE_ONLY,435,W/m2,305.6222222222222,194.4,305.0,442.8,93.95088288601512
spring,sunny,45,DESCRIPTIVE_ONLY,450,W/m2,361.6,250.20000000000002,350.0,491.2,94.76905261388517
spring,sunny,45,DESCRIPTIVE_ONLY,465,W/m2,411.5111111111111,291.2,402.0,541.6,97.16803823439571
spring,sunny,45,DESCRIPTIVE_ONLY,480,W/m2,464.0,352.2,464.0,593.6,96.2533693493953
spring,sunny,45,DESCRIPTIVE_ONLY,495,W/m2,511.7111111111111,409.6,508.0,639.0,97.95727463706301
spring,sunny,45,DESCRIPTIVE_ONLY,510,W/m2,551.3333333333334,429.6,549.0,683.4,109.56155043323061
spring,sunny,45,DESCRIPTIVE_ONLY,525,W/m2,589.3555555555556,471.8,592.0,728.4,123.21889385345551
spring,sunny,45,DESCRIPTIVE_ONLY,540,W/m2,621.3555555555556,472.2,619.0,763.6,128.54314546841297
spring,sunny,45,DESCRIPTIVE_ONLY,555,W/m2,661.3333333333334,486.6,674.0,801.2,136.6388589595865
spring,sunny,45,DESCRIPTIVE_ONLY,570,W/m2,698.4888888888889,509.2,708.0,834.2,133.14446994352866
spring,sunny,45,DESCRIPTIVE_ONLY,585,W/m2,733.1333333333333,561.0,741.0,862.2,123.46058300346535
spring,sunny,45,DESCRIPTIVE_ONLY,600,W/m2,762.2444444444444,579.4,766.0,890.0,114.14925036120339
spring,sunny,45,DESCRIPTIVE_ONLY,615,W/m2,782.9555555555555,600.2,792.0,909.2,120.76091265261023
spring,sunny,45,DESCRIPTIVE_ONLY,630,W/m2,810.6,689.4,803.0,926.0,106.61361180553926
spring,sunny,45,DESCRIPTIVE_ONLY,645,W/m2,827.1555555555556,671.0,830.0,940.0,103.54536430538937
spring,sunny,45,DESCRIPTIVE_ONLY,660,W/m2,842.9111111111112,713.8,843.0,953.8,97.29401539713923
spring,sunny,45,DESCRIPTIVE_ONLY,675,W/m2,841.3777777777777,698.4,844.0,959.2,108.96141802162796
spring,sunny,45,DESCRIPTIVE_ONLY,690,W/m2,835.7555555555556,649.2,850.0,961.6,125.74509587177732
spring,sunny,45,DESCRIPTIVE_ONLY,705,W/m2,832.1555555555556,649.4000000000001,850.0,958.6,133.1039619671707
spring,sunny,45,DESCRIPTIVE_ONLY,720,W/m2,839.0444444444445,711.0,848.0,947.8,108.98235444440955
spring,sunny,45,DESCRIPTIVE_ONLY,735,W/m2,845.2444444444444,767.4,861.0,944.6,107.09417570127613
spring,sunny,45,DESCRIPTIVE_ONLY,750,W/m2,833.4444444444445,752.8,850.0,925.2,112.703062278332
spring,sunny,45,DESCRIPTIVE_ONLY,765,W/m2,821.7333333333333,750.4,833.0,907.2,114.9750504336581
spring,sunny,45,DESCRIPTIVE_ONLY,780,W/m2,800.5555555555555,731.4,811.0,889.8,127.80115728141563
spring,sunny,45,DESCRIPTIVE_ONLY,795,W/m2,779.8,692.4,786.0,865.2,101.5398334535653
spring,sunny,45,DESCRIPTIVE_ONLY,810,W/m2,755.4,685.0,754.0,837.0,81.4219189708084
spring,sunny,45,DESCRIPTIVE_ONLY,825,W/m2,726.5333333333333,654.4,721.0,802.4,62.07078396655082
spring,sunny,45,DESCRIPTIVE_ONLY,840,W/m2,685.9111111111112,605.6,681.0,766.2,69.25951911220811
spring,sunny,45,DESCRIPTIVE_ONLY,855,W/m2,636.9777777777778,535.2,636.0,731.8,81.95540491670899
spring,sunny,45,DESCRIPTIVE_ONLY,870,W/m2,598.5333333333333,505.2,593.0,684.2,76.65988375791981
spring,sunny,45,DESCRIPTIVE_ONLY,885,W/m2,549.2666666666667,440.0,552.0,641.6,90.39183837296619
spring,sunny,45,DESCRIPTIVE_ONLY,900,W/m2,495.31111111111113,387.6,501.0,596.0,102.02196326112491
spring,sunny,45,DESCRIPTIVE_ONLY,915,W/m2,442.8222222222222,338.2,447.0,549.6,91.4394247305927
spring,sunny,45,DESCRIPTIVE_ONLY,930,W/m2,389.84444444444443,269.8,383.0,501.6,84.6482803016381
spring,sunny,45,DESCRIPTIVE_ONLY,945,W/m2,343.22222222222223,236.0,335.0,449.6,81.21135358197944
spring,sunny,45,DESCRIPTIVE_ONLY,960,W/m2,294.2888888888889,196.6,283.0,403.8,80.2351051520806
spring,sunny,45,DESCRIPTIVE_ONLY,975,W/m2,240.57777777777778,142.4,235.0,347.8,77.15654761266974
spring,sunny,45,DESCRIPTIVE_ONLY,990,W/m2,186.53333333333333,93.4,178.0,278.0,70.86939474209662
spring,sunny,45,DESCRIPTIVE_ONLY,1005,W/m2,141.66666666666666,57.20000000000001,135.0,220.0,62.82285500604944
spring,sunny,45,DESCRIPTIVE_ONLY,1020,W/m2,100.08888888888889,36.6,90.0,180.4,53.3365924930102
spring,sunny,45,DESCRIPTIVE_ONLY,1035,W/m2,64.28888888888889,18.0,54.0,124.6,42.73152477827749
spring,sunny,45,DESCRIPTIVE_ONLY,1050,W/m2,36.86666666666667,2.0,26.0,81.6,31.829825286636083
spring,sunny,45,DESCRIPTIVE_ONLY,1065,W/m2,17.08888888888889,0.0,11.0,43.400000000000006,19.681714268406854
spring,sunny,45,DESCRIPTIVE_ONLY,1080,W/m2,6.133333333333334,0.0,1.0,18.6,9.810651807545149
spring,sunny,45,DESCRIPTIVE_ONLY,1095,W/m2,1.2666666666666666,0.0,0.0,5.0,2.7760883751542687
spring,sunny,45,DESCRIPTIVE_ONLY,1110,W/m2,0.044444444444444446,0.0,0.0,0.0,0.20608041101101565
spring,sunny,45,DESCRIPTIVE_ONLY,1125,W/m2,0.0,0.0,0.0,0.0,0.0
spring,sunny,45,DESCRIPTIVE_ONLY,1140,W/m2,0.0,0.0,0.0,0.0,0.0
spring,sunny,45,DESCRIPTIVE_ONLY,1155,W/m2,0.0,0.0,0.0,0.0,0.0
spring,sunny,45,DESCRIPTIVE_ONLY,1170,W/m2,0.0,0.0,0.0,0.0,0.0
spring,sunny,45,DESCRIPTIVE_ONLY,1185,W/m2,0.0,0.0,0.0,0.0,0.0
spring,sunny,45,DESCRIPTIVE_ONLY,1200,W/m2,0.0,0.0,0.0,0.0,0.0
spring,sunny,45,DESCRIPTIVE_ONLY,1215,W/m2,0.0,0.0,0.0,0.0,0.0
spring,sunny,45,DESCRIPTIVE_ONLY,1230,W/m2,0.0,0.0,0.0,0.0,0.0
spring,sunny,45,DESCRIPTIVE_ONLY,1245,W/m2,0.0,0.0,0.0,0.0,0.0
spring,sunny,45,DESCRIPTIVE_ONLY,1260,W/m2,0.0,0.0,0.0,0.0,0.0
spring,sunny,45,DESCRIPTIVE_ONLY,1275,W/m2,0.0,0.0,0.0,0.0,0.0
spring,sunny,45,DESCRIPTIVE_ONLY,1290,W/m2,0.0,0.0,0.0,0.0,0.0
spring,sunny,45,DESCRIPTIVE_ONLY,1305,W/m2,0.0,0.0,0.0,0.0,0.0
spring,sunny,45,DESCRIPTIVE_ONLY,1320,W/m2,0.0,0.0,0.0,0.0,0.0
spring,sunny,45,DESCRIPTIVE_ONLY,1335,W/m2,0.0,0.0,0.0,0.0,0.0
spring,sunny,45,DESCRIPTIVE_ONLY,1350,W/m2,0.0,0.0,0.0,0.0,0.0
spring,sunny,45,DESCRIPTIVE_ONLY,1365,W/m2,0.0,0.0,0.0,0.0,0.0
spring,sunny,45,DESCRIPTIVE_ONLY,1380,W/m2,0.0,0.0,0.0,0.0,0.0
spring,sunny,45,DESCRIPTIVE_ONLY,1395,W/m2,0.0,0.0,0.0,0.0,0.0
spring,sunny,45,DESCRIPTIVE_ONLY,1410,W/m2,0.0,0.0,0.0,0.0,0.0
spring,sunny,45,DESCRIPTIVE_ONLY,1425,W/m2,0.0,0.0,0.0,0.0,0.0
spring,cloudy,17,DESCRIPTIVE_ONLY,0,W/m2,0.0,0.0,0.0,0.0,0.0
spring,cloudy,17,DESCRIPTIVE_ONLY,15,W/m2,0.0,0.0,0.0,0.0,0.0
spring,cloudy,17,DESCRIPTIVE_ONLY,30,W/m2,0.0,0.0,0.0,0.0,0.0
spring,cloudy,17,DESCRIPTIVE_ONLY,45,W/m2,0.0,0.0,0.0,0.0,0.0
spring,cloudy,17,DESCRIPTIVE_ONLY,60,W/m2,0.0,0.0,0.0,0.0,0.0
spring,cloudy,17,DESCRIPTIVE_ONLY,75,W/m2,0.0,0.0,0.0,0.0,0.0
spring,cloudy,17,DESCRIPTIVE_ONLY,90,W/m2,0.0,0.0,0.0,0.0,0.0
spring,cloudy,17,DESCRIPTIVE_ONLY,105,W/m2,0.0,0.0,0.0,0.0,0.0
spring,cloudy,17,DESCRIPTIVE_ONLY,120,W/m2,0.0,0.0,0.0,0.0,0.0
spring,cloudy,17,DESCRIPTIVE_ONLY,135,W/m2,0.0,0.0,0.0,0.0,0.0
spring,cloudy,17,DESCRIPTIVE_ONLY,150,W/m2,0.0,0.0,0.0,0.0,0.0
spring,cloudy,17,DESCRIPTIVE_ONLY,165,W/m2,0.0,0.0,0.0,0.0,0.0
spring,cloudy,17,DESCRIPTIVE_ONLY,180,W/m2,0.0,0.0,0.0,0.0,0.0
spring,cloudy,17,DESCRIPTIVE_ONLY,195,W/m2,0.0,0.0,0.0,0.0,0.0
spring,cloudy,17,DESCRIPTIVE_ONLY,210,W/m2,0.0,0.0,0.0,0.0,0.0
spring,cloudy,17,DESCRIPTIVE_ONLY,225,W/m2,0.0,0.0,0.0,0.0,0.0
spring,cloudy,17,DESCRIPTIVE_ONLY,240,W/m2,0.0,0.0,0.0,0.0,0.0
spring,cloudy,17,DESCRIPTIVE_ONLY,255,W/m2,0.0,0.0,0.0,0.0,0.0
spring,cloudy,17,DESCRIPTIVE_ONLY,270,W/m2,0.11764705882352941,0.0,0.0,0.40000000000000036,0.32218973970892123
spring,cloudy,17,DESCRIPTIVE_ONLY,285,W/m2,3.4705882352941178,0.0,0.0,10.0,4.131908077373163
spring,cloudy,17,DESCRIPTIVE_ONLY,300,W/m2,10.882352941176471,0.0,1.0,28.0,12.135908569885034
spring,cloudy,17,DESCRIPTIVE_ONLY,315,W/m2,21.88235294117647,0.0,10.0,54.4,23.3663467227881
spring,cloudy,17,DESCRIPTIVE_ONLY,330,W/m2,34.23529411764706,0.0,27.0,80.80000000000001,32.925101119617295
spring,cloudy,17,DESCRIPTIVE_ONLY,345,W/m2,54.11764705882353,3.0000000000000004,30.0,127.2,47.55292080216113
spring,cloudy,17,DESCRIPTIVE_ONLY,360,W/m2,71.17647058823529,11.8,72.0,142.2,50.92813309443444
spring,cloudy,17,DESCRIPTIVE_ONLY,375,W/m2,96.70588235294117,21.200000000000003,108.0,161.0,55.839860005178416
spring,cloudy,17,DESCRIPTIVE_ONLY,390,W/m2,125.88235294117646,42.6,111.0,207.8,64.07521531757095
spring,cloudy,17,DESCRIPTIVE_ONLY,405,W/m2,153.52941176470588,73.0,137.0,246.6,73.24505014157758
spring,cloudy,17,DESCRIPTIVE_ONLY,420,W/m2,180.2941176470588,90.60000000000001,172.0,281.6,80.71282768948947
spring,cloudy,17,DESCRIPTIVE_ONLY,435,W/m2,202.52941176470588,112.4,189.0,329.2,84.09106943354632
spring,cloudy,17,DESCRIPTIVE_ONLY,450,W/m2,232.52941176470588,131.6,198.0,409.8,104.54276785803351
spring,cloudy,17,DESCRIPTIVE_ONLY,465,W/m2,255.35294117647058,113.4,223.0,433.20000000000005,120.02055763932846
spring,cloudy,17,DESCRIPTIVE_ONLY,480,W/m2,274.3529411764706,116.6,252.0,449.6,120.41640555440773
spring,cloudy,17,DESCRIPTIVE_ONLY,495,W/m2,306.5882352941176,159.4,268.0,494.0,131.08598831370168
spring,cloudy,17,DESCRIPTIVE_ONLY,510,W/m2,350.94117647058823,171.8,334.0,582.0,153.21283565804995
spring,cloudy,17,DESCRIPTIVE_ONLY,525,W/m2,399.6470588235294,194.6,377.0,670.0,191.39732039936024
spring,cloudy,17,DESCRIPTIVE_ONLY,540,W/m2,406.5882352941176,209.4,342.0,674.0,196.0246259510237
spring,cloudy,17,DESCRIPTIVE_ONLY,555,W/m2,399.11764705882354,208.4,308.0,654.2,192.18033270034843
spring,cloudy,17,DESCRIPTIVE_ONLY,570,W/m2,409.3529411764706,204.6,321.0,661.0,192.86049245548713
spring,cloudy,17,DESCRIPTIVE_ONLY,585,W/m2,418.3529411764706,225.2,386.0,703.6,179.6201682559357
spring,cloudy,17,DESCRIPTIVE_ONLY,600,W/m2,401.2352941176471,233.0,367.0,562.0,146.3233845698367
spring,cloudy,17,DESCRIPTIVE_ONLY,615,W/m2,392.0,209.4,382.0,572.2,158.3101943876604
spring,cloudy,17,DESCRIPTIVE_ONLY,630,W/m2,431.3529411764706,231.4,412.0,670.6,182.8383861023881
spring,cloudy,17,DESCRIPTIVE_ONLY,645,W/m2,430.5882352941176,231.6,406.0,660.6,189.6343412755281
spring,cloudy,17,DESCRIPTIVE_ONLY,660,W/m2,436.88235294117646,252.2,386.0,777.8000000000001,195.7170473662368
spring,cloudy,17,DESCRIPTIVE_ONLY,675,W/m2,448.11764705882354,279.4,373.0,735.6,189.6280825420679
spring,cloudy,17,DESCRIPTIVE_ONLY,690,W/m2,427.2352941176471,239.6,370.0,665.6000000000001,197.02180512700042
spring,cloudy,17,DESCRIPTIVE_ONLY,705,W/m2,441.88235294117646,242.8,420.0,728.0000000000001,189.72949237484565
spring,cloudy,17,DESCRIPTIVE_ONLY,720,W/m2,434.0,260.6,375.0,672.0,169.88196594383166
spring,cloudy,17,DESCRIPTIVE_ONLY,735,W/m2,426.05882352941177,212.6,369.0,654.6,176.3147154741588
spring,cloudy,17,DESCRIPTIVE_ONLY,750,W/m2,391.3529411764706,201.4,302.0,597.6,179.20147753345398
spring,cloudy,17,DESCRIPTIVE_ONLY,765,W/m2,397.88235294117646,196.6,375.0,663.8000000000001,187.0756004315277
spring,cloudy,17,DESCRIPTIVE_ONLY,780,W/m2,398.1764705882353,178.2,364.0,641.0000000000001,199.03686779208627
spring,cloudy,17,DESCRIPTIVE_ONLY,795,W/m2,402.05882352941177,203.2,401.0,588.6,171.15196913793423
spring,cloudy,17,DESCRIPTIVE_ONLY,810,W/m2,374.5882352941176,195.0,384.0,564.0,171.40768697963736
spring,cloudy,17,DESCRIPTIVE_ONLY,825,W/m2,330.3529411764706,142.8,269.0,513.8,161.77324041657474
spring,cloudy,17,DESCRIPTIVE_ONLY,840,W/m2,295.29411764705884,120.6,318.0,437.6,142.39620149671143
spring,cloudy,17,DESCRIPTIVE_ONLY,855,W/m2,281.29411764705884,146.8,259.0,425.8,136.7474119363152
spring,cloudy,17,DESCRIPTIVE_ONLY,870,W/m2,284.70588235294116,140.0,303.0,409.00000000000006,132.9138441449871
spring,cloudy,17,DESCRIPTIVE_ONLY,885,W/m2,261.1764705882353,116.2,256.0,415.2000000000001,128.88263484276632
spring,cloudy,17,DESCRIPTIVE_ONLY,900,W/m2,226.05882352941177,106.4,203.0,365.00000000000006,109.32545615419036
spring,cloudy,17,DESCRIPTIVE_ONLY,915,W/m2,197.88235294117646,119.4,175.0,305.40000000000003,85.69774679784979
spring,cloudy,17,DESCRIPTIVE_ONLY,930,W/m2,172.0,103.2,164.0,266.8,65.4217089351845
spring,cloudy,17,DESCRIPTIVE_ONLY,945,W/m2,163.76470588235293,93.4,165.0,243.4,57.80446696739001
spring,cloudy,17,DESCRIPTIVE_ONLY,960,W/m2,142.1764705882353,80.0,143.0,203.2,50.57811116204047
spring,cloudy,17,DESCRIPTIVE_ONLY,975,W/m2,120.11764705882354,79.0,112.0,181.4,43.63873394526955
spring,cloudy,17,DESCRIPTIVE_ONLY,990,W/m2,104.6470588235294,53.8,103.0,165.60000000000002,43.61049681585789
spring,cloudy,17,DESCRIPTIVE_ONLY,1005,W/m2,87.17647058823529,35.8,82.0,142.6,39.46738831598094
spring,cloudy,17,DESCRIPTIVE_ONLY,1020,W/m2,61.529411764705884,14.6,57.0,101.8,30.391790004110966
spring,cloudy,17,DESCRIPTIVE_ONLY,1035,W/m2,43.588235294117645,11.4,35.0,79.0,25.96617443007098
spring,cloudy,17,DESCRIPTIVE_ONLY,1050,W/m2,25.823529411764707,3.4000000000000004,21.0,53.8,19.641598395834606
spring,cloudy,17,DESCRIPTIVE_ONLY,1065,W/m2,16.352941176470587,0.6000000000000001,11.0,35.800000000000004,14.80437604808154
spring,cloudy,17,DESCRIPTIVE_ONLY,1080,W/m2,7.705882352941177,0.0,3.0,19.0,8.538939911352497
spring,cloudy,17,DESCRIPTIVE_ONLY,1095,W/m2,2.3529411764705883,0.0,0.0,6.600000000000001,3.3244402708105394
spring,cloudy,17,DESCRIPTIVE_ONLY,1110,W/m2,0.11764705882352941,0.0,0.0,0.40000000000000036,0.32218973970892123
spring,cloudy,17,DESCRIPTIVE_ONLY,1125,W/m2,0.0,0.0,0.0,0.0,0.0
spring,cloudy,17,DESCRIPTIVE_ONLY,1140,W/m2,0.0,0.0,0.0,0.0,0.0
spring,cloudy,17,DESCRIPTIVE_ONLY,1155,W/m2,0.0,0.0,0.0,0.0,0.0
spring,cloudy,17,DESCRIPTIVE_ONLY,1170,W/m2,0.0,0.0,0.0,0.0,0.0
spring,cloudy,17,DESCRIPTIVE_ONLY,1185,W/m2,0.0,0.0,0.0,0.0,0.0
spring,cloudy,17,DESCRIPTIVE_ONLY,1200,W/m2,0.0,0.0,0.0,0.0,0.0
spring,cloudy,17,DESCRIPTIVE_ONLY,1215,W/m2,0.0,0.0,0.0,0.0,0.0
spring,cloudy,17,DESCRIPTIVE_ONLY,1230,W/m2,0.0,0.0,0.0,0.0,0.0
spring,cloudy,17,DESCRIPTIVE_ONLY,1245,W/m2,0.0,0.0,0.0,0.0,0.0
spring,cloudy,17,DESCRIPTIVE_ONLY,1260,W/m2,0.0,0.0,0.0,0.0,0.0
spring,cloudy,17,DESCRIPTIVE_ONLY,1275,W/m2,0.0,0.0,0.0,0.0,0.0
spring,cloudy,17,DESCRIPTIVE_ONLY,1290,W/m2,0.0,0.0,0.0,0.0,0.0
spring,cloudy,17,DESCRIPTIVE_ONLY,1305,W/m2,0.0,0.0,0.0,0.0,0.0
spring,cloudy,17,DESCRIPTIVE_ONLY,1320,W/m2,0.0,0.0,0.0,0.0,0.0
spring,cloudy,17,DESCRIPTIVE_ONLY,1335,W/m2,0.0,0.0,0.0,0.0,0.0
spring,cloudy,17,DESCRIPTIVE_ONLY,1350,W/m2,0.0,0.0,0.0,0.0,0.0
spring,cloudy,17,DESCRIPTIVE_ONLY,1365,W/m2,0.0,0.0,0.0,0.0,0.0
spring,cloudy,17,DESCRIPTIVE_ONLY,1380,W/m2,0.0,0.0,0.0,0.0,0.0
spring,cloudy,17,DESCRIPTIVE_ONLY,1395,W/m2,0.0,0.0,0.0,0.0,0.0
spring,cloudy,17,DESCRIPTIVE_ONLY,1410,W/m2,0.0,0.0,0.0,0.0,0.0
spring,cloudy,17,DESCRIPTIVE_ONLY,1425,W/m2,0.0,0.0,0.0,0.0,0.0
spring,rainy,29,DESCRIPTIVE_ONLY,0,W/m2,0.0,0.0,0.0,0.0,0.0
spring,rainy,29,DESCRIPTIVE_ONLY,15,W/m2,0.0,0.0,0.0,0.0,0.0
spring,rainy,29,DESCRIPTIVE_ONLY,30,W/m2,0.0,0.0,0.0,0.0,0.0
spring,rainy,29,DESCRIPTIVE_ONLY,45,W/m2,0.0,0.0,0.0,0.0,0.0
spring,rainy,29,DESCRIPTIVE_ONLY,60,W/m2,0.0,0.0,0.0,0.0,0.0
spring,rainy,29,DESCRIPTIVE_ONLY,75,W/m2,0.0,0.0,0.0,0.0,0.0
spring,rainy,29,DESCRIPTIVE_ONLY,90,W/m2,0.0,0.0,0.0,0.0,0.0
spring,rainy,29,DESCRIPTIVE_ONLY,105,W/m2,0.0,0.0,0.0,0.0,0.0
spring,rainy,29,DESCRIPTIVE_ONLY,120,W/m2,0.0,0.0,0.0,0.0,0.0
spring,rainy,29,DESCRIPTIVE_ONLY,135,W/m2,0.0,0.0,0.0,0.0,0.0
spring,rainy,29,DESCRIPTIVE_ONLY,150,W/m2,0.0,0.0,0.0,0.0,0.0
spring,rainy,29,DESCRIPTIVE_ONLY,165,W/m2,0.0,0.0,0.0,0.0,0.0
spring,rainy,29,DESCRIPTIVE_ONLY,180,W/m2,0.0,0.0,0.0,0.0,0.0
spring,rainy,29,DESCRIPTIVE_ONLY,195,W/m2,0.0,0.0,0.0,0.0,0.0
spring,rainy,29,DESCRIPTIVE_ONLY,210,W/m2,0.0,0.0,0.0,0.0,0.0
spring,rainy,29,DESCRIPTIVE_ONLY,225,W/m2,0.0,0.0,0.0,0.0,0.0
spring,rainy,29,DESCRIPTIVE_ONLY,240,W/m2,0.0,0.0,0.0,0.0,0.0
spring,rainy,29,DESCRIPTIVE_ONLY,255,W/m2,0.0,0.0,0.0,0.0,0.0
spring,rainy,29,DESCRIPTIVE_ONLY,270,W/m2,0.0,0.0,0.0,0.0,0.0
spring,rainy,29,DESCRIPTIVE_ONLY,285,W/m2,1.1724137931034482,0.0,0.0,5.399999999999999,2.6401275506966857
spring,rainy,29,DESCRIPTIVE_ONLY,300,W/m2,5.344827586206897,0.0,0.0,19.2,7.764978238169055
spring,rainy,29,DESCRIPTIVE_ONLY,315,W/m2,10.517241379310345,0.0,0.0,27.2,12.110470504414259
spring,rainy,29,DESCRIPTIVE_ONLY,330,W/m2,17.0,0.0,8.0,44.2,19.56774263230529
spring,rainy,29,DESCRIPTIVE_ONLY,345,W/m2,29.482758620689655,0.0,18.0,67.8,33.486611518795115
spring,rainy,29,DESCRIPTIVE_ONLY,360,W/m2,41.03448275862069,0.8000000000000003,26.0,87.99999999999999,41.42086993427071
spring,rainy,29,DESCRIPTIVE_ONLY,375,W/m2,55.51724137931034,8.600000000000001,44.0,122.79999999999998,51.43835995780418
spring,rainy,29,DESCRIPTIVE_ONLY,390,W/m2,70.37931034482759,12.8,56.0,153.39999999999998,60.99203667246578
spring,rainy,29,DESCRIPTIVE_ONLY,405,W/m2,87.51724137931035,19.6,64.0,184.79999999999995,75.71207742660401
spring,rainy,29,DESCRIPTIVE_ONLY,420,W/m2,105.10344827586206,39.0,78.0,212.79999999999995,83.54034533358251
spring,rainy,29,DESCRIPTIVE_ONLY,435,W/m2,111.96551724137932,41.8,90.0,231.59999999999997,88.52760440661342
spring,rainy,29,DESCRIPTIVE_ONLY,450,W/m2,130.10344827586206,57.6,95.0,245.59999999999997,94.28070517035677
spring,rainy,29,DESCRIPTIVE_ONLY,465,W/m2,151.6551724137931,67.4,119.0,271.0,108.04733185748734
spring,rainy,29,DESCRIPTIVE_ONLY,480,W/m2,166.9655172413793,78.8,140.0,310.6,109.03478810836434
spring,rainy,29,DESCRIPTIVE_ONLY,495,W/m2,175.9655172413793,89.4,137.0,300.79999999999995,121.05640827049658
spring,rainy,29,DESCRIPTIVE_ONLY,510,W/m2,192.79310344827587,85.2,158.0,340.39999999999986,131.27317642606695
spring,rainy,29,DESCRIPTIVE_ONLY,525,W/m2,204.41379310344828,95.2,177.0,402.19999999999993,129.9722827856344
spring,rainy,29,DESCRIPTIVE_ONLY,540,W/m2,209.68965517241378,89.8,179.0,388.3999999999999,130.6187142551717
spring,rainy,29,DESCRIPTIVE_ONLY,555,W/m2,226.93103448275863,80.60000000000001,191.0,471.79999999999995,172.031659282475
spring,rainy,29,DESCRIPTIVE_ONLY,570,W/m2,249.93103448275863,80.80000000000001,178.0,515.5999999999999,187.5592653066708
spring,rainy,29,DESCRIPTIVE_ONLY,585,W/m2,276.86206896551727,97.4,220.0,545.7999999999998,198.72138252231804
spring,rainy,29,DESCRIPTIVE_ONLY,600,W/m2,284.2413793103448,112.2,229.0,503.5999999999999,196.062209545569
spring,rainy,29,DESCRIPTIVE_ONLY,615,W/m2,278.6896551724138,119.0,221.0,529.5999999999999,198.21063394839825
spring,rainy,29,DESCRIPTIVE_ONLY,630,W/m2,281.3448275862069,121.0,219.0,517.9999999999999,210.53565114792463
spring,rainy,29,DESCRIPTIVE_ONLY,645,W/m2,283.1034482758621,100.2,216.0,578.8,217.50423615812656
spring,rainy,29,DESCRIPTIVE_ONLY,660,W/m2,299.58620689655174,118.8,209.0,637.6,218.96394243256665
spring,rainy,29,DESCRIPTIVE_ONLY,675,W/m2,327.0,127.60000000000001,214.0,804.0,253.0166956464772
spring,rainy,29,DESCRIPTIVE_ONLY,690,W/m2,327.0689655172414,123.4,203.0,784.5999999999999,251.58297884347706
spring,rainy,29,DESCRIPTIVE_ONLY,705,W/m2,298.2068965517241,114.00000000000001,180.0,669.3999999999999,236.78877235008054
spring,rainy,29,DESCRIPTIVE_ONLY,720,W/m2,292.9655172413793,106.80000000000001,196.0,634.5999999999999,216.4775185840753
spring,rainy,29,DESCRIPTIVE_ONLY,735,W/m2,280.7241379310345,96.4,208.0,597.8,203.34528076762376
spring,rainy,29,DESCRIPTIVE_ONLY,750,W/m2,270.2413793103448,106.6,216.0,561.5999999999999,190.11496615658166
spring,rainy,29,DESCRIPTIVE_ONLY,765,W/m2,252.31034482758622,88.2,220.0,445.0,160.53189680865464
spring,rainy,29,DESCRIPTIVE_ONLY,780,W/m2,236.9655172413793,88.0,197.0,428.79999999999995,148.79921272470187
spring,rainy,29,DESCRIPTIVE_ONLY,795,W/m2,249.0,100.4,211.0,451.79999999999995,156.2286123293196
spring,rainy,29,DESCRIPTIVE_ONLY,810,W/m2,225.9655172413793,83.4,160.0,417.59999999999985,176.24541720794167
spring,rainy,29,DESCRIPTIVE_ONLY,825,W/m2,233.20689655172413,82.4,165.0,525.9999999999999,191.56836887241477
spring,rainy,29,DESCRIPTIVE_ONLY,840,W/m2,228.17241379310346,81.0,147.0,549.1999999999999,197.47283863261265
spring,rainy,29,DESCRIPTIVE_ONLY,855,W/m2,203.6551724137931,57.8,118.0,508.3999999999999,191.04111777348533
spring,rainy,29,DESCRIPTIVE_ONLY,870,W/m2,188.24137931034483,78.6,116.0,446.2,161.36564928915726
spring,rainy,29,DESCRIPTIVE_ONLY,885,W/m2,185.41379310344828,73.4,145.0,353.9999999999999,146.87069547415047
spring,rainy,29,DESCRIPTIVE_ONLY,900,W/m2,176.51724137931035,62.4,137.0,383.79999999999995,138.87742565985033
spring,rainy,29,DESCRIPTIVE_ONLY,915,W/m2,149.10344827586206,51.8,126.0,287.2,117.48612385492264
spring,rainy,29,DESCRIPTIVE_ONLY,930,W/m2,140.24137931034483,65.4,109.0,241.79999999999998,101.61443529423597
spring,rainy,29,DESCRIPTIVE_ONLY,945,W/m2,131.86206896551724,65.60000000000001,102.0,202.0,81.20715279262596
spring,rainy,29,DESCRIPTIVE_ONLY,960,W/m2,119.44827586206897,53.800000000000004,91.0,216.6,73.84447132523334
spring,rainy,29,DESCRIPTIVE_ONLY,975,W/m2,107.72413793103448,49.0,96.0,209.0,64.44452120942485
spring,rainy,29,DESCRIPTIVE_ONLY,990,W/m2,91.86206896551724,27.8,84.0,176.4,55.85740721289315
spring,rainy,29,DESCRIPTIVE_ONLY,1005,W/m2,68.62068965517241,17.400000000000002,63.0,131.79999999999998,43.664404972395324
spring,rainy,29,DESCRIPTIVE_ONLY,1020,W/m2,48.13793103448276,8.0,37.0,88.99999999999999,37.03188201232222
spring,rainy,29,DESCRIPTIVE_ONLY,1035,W/m2,32.10344827586207,4.0,25.0,71.8,28.80534532242022
spring,rainy,29,DESCRIPTIVE_ONLY,1050,W/m2,21.551724137931036,1.0,12.0,59.0,25.396967246173517
spring,rainy,29,DESCRIPTIVE_ONLY,1065,W/m2,13.862068965517242,0.0,7.0,34.199999999999996,19.855901820332715
spring,rainy,29,DESCRIPTIVE_ONLY,1080,W/m2,5.655172413793103,0.0,0.0,16.0,8.005497516551664
spring,rainy,29,DESCRIPTIVE_ONLY,1095,W/m2,1.3793103448275863,0.0,0.0,5.599999999999998,2.578609530460678
spring,rainy,29,DESCRIPTIVE_ONLY,1110,W/m2,0.20689655172413793,0.0,0.0,1.0,0.6090869562984722
spring,rainy,29,DESCRIPTIVE_ONLY,1125,W/m2,0.0,0.0,0.0,0.0,0.0
spring,rainy,29,DESCRIPTIVE_ONLY,1140,W/m2,0.0,0.0,0.0,0.0,0.0
spring,rainy,29,DESCRIPTIVE_ONLY,1155,W/m2,0.0,0.0,0.0,0.0,0.0
spring,rainy,29,DESCRIPTIVE_ONLY,1170,W/m2,0.0,0.0,0.0,0.0,0.0
spring,rainy,29,DESCRIPTIVE_ONLY,1185,W/m2,0.0,0.0,0.0,0.0,0.0
spring,rainy,29,DESCRIPTIVE_ONLY,1200,W/m2,0.0,0.0,0.0,0.0,0.0
spring,rainy,29,DESCRIPTIVE_ONLY,1215,W/m2,0.0,0.0,0.0,0.0,0.0
spring,rainy,29,DESCRIPTIVE_ONLY,1230,W/m2,0.0,0.0,0.0,0.0,0.0
spring,rainy,29,DESCRIPTIVE_ONLY,1245,W/m2,0.0,0.0,0.0,0.0,0.0
spring,rainy,29,DESCRIPTIVE_ONLY,1260,W/m2,0.0,0.0,0.0,0.0,0.0
spring,rainy,29,DESCRIPTIVE_ONLY,1275,W/m2,0.0,0.0,0.0,0.0,0.0
spring,rainy,29,DESCRIPTIVE_ONLY,1290,W/m2,0.0,0.0,0.0,0.0,0.0
spring,rainy,29,DESCRIPTIVE_ONLY,1305,W/m2,0.0,0.0,0.0,0.0,0.0
spring,rainy,29,DESCRIPTIVE_ONLY,1320,W/m2,0.0,0.0,0.0,0.0,0.0
spring,rainy,29,DESCRIPTIVE_ONLY,1335,W/m2,0.0,0.0,0.0,0.0,0.0
spring,rainy,29,DESCRIPTIVE_ONLY,1350,W/m2,0.0,0.0,0.0,0.0,0.0
spring,rainy,29,DESCRIPTIVE_ONLY,1365,W/m2,0.0,0.0,0.0,0.0,0.0
spring,rainy,29,DESCRIPTIVE_ONLY,1380,W/m2,0.0,0.0,0.0,0.0,0.0
spring,rainy,29,DESCRIPTIVE_ONLY,1395,W/m2,0.0,0.0,0.0,0.0,0.0
spring,rainy,29,DESCRIPTIVE_ONLY,1410,W/m2,0.0,0.0,0.0,0.0,0.0
spring,rainy,29,DESCRIPTIVE_ONLY,1425,W/m2,0.0,0.0,0.0,0.0,0.0
summer,sunny,57,DESCRIPTIVE_ONLY,0,W/m2,0.0,0.0,0.0,0.0,0.0
summer,sunny,57,DESCRIPTIVE_ONLY,15,W/m2,0.0,0.0,0.0,0.0,0.0
summer,sunny,57,DESCRIPTIVE_ONLY,30,W/m2,0.0,0.0,0.0,0.0,0.0
summer,sunny,57,DESCRIPTIVE_ONLY,45,W/m2,0.0,0.0,0.0,0.0,0.0
summer,sunny,57,DESCRIPTIVE_ONLY,60,W/m2,0.0,0.0,0.0,0.0,0.0
summer,sunny,57,DESCRIPTIVE_ONLY,75,W/m2,0.0,0.0,0.0,0.0,0.0
summer,sunny,57,DESCRIPTIVE_ONLY,90,W/m2,0.0,0.0,0.0,0.0,0.0
summer,sunny,57,DESCRIPTIVE_ONLY,105,W/m2,0.0,0.0,0.0,0.0,0.0
summer,sunny,57,DESCRIPTIVE_ONLY,120,W/m2,0.0,0.0,0.0,0.0,0.0
summer,sunny,57,DESCRIPTIVE_ONLY,135,W/m2,0.0,0.0,0.0,0.0,0.0
summer,sunny,57,DESCRIPTIVE_ONLY,150,W/m2,0.0,0.0,0.0,0.0,0.0
summer,sunny,57,DESCRIPTIVE_ONLY,165,W/m2,0.0,0.0,0.0,0.0,0.0
summer,sunny,57,DESCRIPTIVE_ONLY,180,W/m2,0.0,0.0,0.0,0.0,0.0
summer,sunny,57,DESCRIPTIVE_ONLY,195,W/m2,0.0,0.0,0.0,0.0,0.0
summer,sunny,57,DESCRIPTIVE_ONLY,210,W/m2,0.0,0.0,0.0,0.0,0.0
summer,sunny,57,DESCRIPTIVE_ONLY,225,W/m2,0.0,0.0,0.0,0.0,0.0
summer,sunny,57,DESCRIPTIVE_ONLY,240,W/m2,0.0,0.0,0.0,0.0,0.0
summer,sunny,57,DESCRIPTIVE_ONLY,255,W/m2,0.0,0.0,0.0,0.0,0.0
summer,sunny,57,DESCRIPTIVE_ONLY,270,W/m2,1.1403508771929824,0.0,0.0,4.399999999999999,1.867906197081567
summer,sunny,57,DESCRIPTIVE_ONLY,285,W/m2,7.631578947368421,0.0,4.0,18.4,8.36792451357085
summer,sunny,57,DESCRIPTIVE_ONLY,300,W/m2,20.70175438596491,0.0,20.0,44.0,17.18625002449883
summer,sunny,57,DESCRIPTIVE_ONLY,315,W/m2,43.21052631578947,8.0,47.0,77.19999999999999,25.739407183910277
summer,sunny,57,DESCRIPTIVE_ONLY,330,W/m2,71.05263157894737,23.6,74.0,110.8,33.159064306858404
summer,sunny,57,DESCRIPTIVE_ONLY,345,W/m2,102.15789473684211,43.400000000000006,101.0,150.2,40.04286715012993
summer,sunny,57,DESCRIPTIVE_ONLY,360,W/m2,139.43859649122808,74.6,129.0,207.4,49.51626262852266
summer,sunny,57,DESCRIPTIVE_ONLY,375,W/m2,179.87719298245614,102.60000000000001,178.0,250.8,59.3299043486115
summer,sunny,57,DESCRIPTIVE_ONLY,390,W/m2,223.12280701754386,126.80000000000001,226.0,307.2,66.63176371656616
summer,sunny,57,DESCRIPTIVE_ONLY,405,W/m2,272.2456140350877,173.0,269.0,354.0,70.15703706104159
summer,sunny,57,DESCRIPTIVE_ONLY,420,W/m2,321.0,221.8,327.0,419.8,75.62047434624354
summer,sunny,57,DESCRIPTIVE_ONLY,435,W/m2,369.9122807017544,232.4,387.0,469.4,84.4684682581975
summer,sunny,57,DESCRIPTIVE_ONLY,450,W/m2,416.43859649122805,276.0,442.0,517.2,88.94883558774745
summer,sunny,57,DESCRIPTIVE_ONLY,465,W/m2,468.64912280701753,328.6,488.0,569.0,88.91519539940708
summer,sunny,57,DESCRIPTIVE_ONLY,480,W/m2,516.9298245614035,400.4,534.0,613.4,87.84193532546746
summer,sunny,57,DESCRIPTIVE_ONLY,495,W/m2,556.719298245614,426.8,576.0,656.2,94.95590008478172
summer,sunny,57,DESCRIPTIVE_ONLY,510,W/m2,596.0175438596491,475.2,619.0,697.2,105.48725560806746
summer,sunny,57,DESCRIPTIVE_ONLY,525,W/m2,635.0,505.40000000000003,666.0,735.4,113.31480756739204
summer,sunny,57,DESCRIPTIVE_ONLY,540,W/m2,666.9473684210526,516.4,704.0,767.0,119.33388528530075
summer,sunny,57,DESCRIPTIVE_ONLY,555,W/m2,694.561403508772,516.8,734.0,799.2,126.70438277965772
summer,sunny,57,DESCRIPTIVE_ONLY,570,W/m2,720.2280701754386,529.4,770.0,831.0,131.05242255555328
summer,sunny,57,DESCRIPTIVE_ONLY,585,W/m2,741.7368421052631,557.2,792.0,857.8,130.2595959108956
summer,sunny,57,DESCRIPTIVE_ONLY,600,W/m2,757.7368421052631,525.4,814.0,880.6,147.27376659429135
summer,sunny,57,DESCRIPTIVE_ONLY,615,W/m2,782.4912280701755,550.4,837.0,900.6,141.57164484743276
summer,sunny,57,DESCRIPTIVE_ONLY,630,W/m2,809.8070175438596,616.6,841.0,917.2,118.08745474561613
summer,sunny,57,DESCRIPTIVE_ONLY,645,W/m2,814.0701754385965,628.4,875.0,929.8,125.20311352682619
summer,sunny,57,DESCRIPTIVE_ONLY,660,W/m2,828.6666666666666,656.0,875.0,941.4,126.30669070543755
summer,sunny,57,DESCRIPTIVE_ONLY,675,W/m2,828.5087719298245,612.6,885.0,950.4,150.21296260169947
summer,sunny,57,DESCRIPTIVE_ONLY,690,W/m2,840.9298245614035,666.6,894.0,951.6,135.37613094557616
summer,sunny,57,DESCRIPTIVE_ONLY,705,W/m2,848.4561403508771,670.2,887.0,953.8,116.88036621330265
summer,sunny,57,DESCRIPTIVE_ONLY,720,W/m2,846.4912280701755,706.4,882.0,949.0,114.79793426942373
summer,sunny,57,DESCRIPTIVE_ONLY,735,W/m2,847.3333333333334,701.4,881.0,941.8,102.94783781091044
summer,sunny,57,DESCRIPTIVE_ONLY,750,W/m2,848.4035087719299,729.0,887.0,933.4,87.36872049550601
summer,sunny,57,DESCRIPTIVE_ONLY,765,W/m2,835.859649122807,737.8,863.0,919.4,91.45710116914296
summer,sunny,57,DESCRIPTIVE_ONLY,780,W/m2,818.7894736842105,723.8000000000001,847.0,902.4,91.93165593461747
summer,sunny,57,DESCRIPTIVE_ONLY,795,W/m2,791.1052631578947,675.8000000000001,819.0,880.8,105.03895421282397
summer,sunny,57,DESCRIPTIVE_ONLY,810,W/m2,758.561403508772,627.8000000000001,795.0,846.4,118.33375599784061
summer,sunny,57,DESCRIPTIVE_ONLY,825,W/m2,724.561403508772,552.8,782.0,822.1999999999999,134.15767334494294
summer,sunny,57,DESCRIPTIVE_ONLY,840,W/m2,688.8245614035088,520.4,748.0,793.0,131.89617431997877
summer,sunny,57,DESCRIPTIVE_ONLY,855,W/m2,658.6666666666666,543.6,708.0,752.4,125.26397857119731
summer,sunny,57,DESCRIPTIVE_ONLY,870,W/m2,619.1929824561404,503.8,658.0,717.0,120.8999062000262
summer,sunny,57,DESCRIPTIVE_ONLY,885,W/m2,575.1578947368421,402.80000000000007,623.0,680.4,123.42478204816909
summer,sunny,57,DESCRIPTIVE_ONLY,900,W/m2,533.6842105263158,350.0,573.0,637.4,118.8543495937746
summer,sunny,57,DESCRIPTIVE_ONLY,915,W/m2,491.70175438596493,343.0,517.0,593.8,114.85581577776009
summer,sunny,57,DESCRIPTIVE_ONLY,930,W/m2,448.6666666666667,310.0,487.0,550.4,113.89535568575053
summer,sunny,57,DESCRIPTIVE_ONLY,945,W/m2,405.3333333333333,255.20000000000005,443.0,503.0,104.58159465948332
summer,sunny,57,DESCRIPTIVE_ONLY,960,W/m2,359.6842105263158,216.0,385.0,452.8,94.88962339415993
summer,sunny,57,DESCRIPTIVE_ONLY,975,W/m2,310.8070175438597,181.8,324.0,403.4,85.58538131371343
summer,sunny,57,DESCRIPTIVE_ONLY,990,W/m2,263.8421052631579,152.2,259.0,351.4,73.24814576988118
summer,sunny,57,DESCRIPTIVE_ONLY,1005,W/m2,214.68421052631578,128.6,202.0,301.4,66.26108855094125
summer,sunny,57,DESCRIPTIVE_ONLY,1020,W/m2,172.82456140350877,100.0,162.0,249.2,58.473302592171954
summer,sunny,57,DESCRIPTIVE_ONLY,1035,W/m2,134.57894736842104,73.0,130.0,200.8,49.805216160425445
summer,sunny,57,DESCRIPTIVE_ONLY,1050,W/m2,97.50877192982456,36.2,92.0,154.4,42.72971881982923
summer,sunny,57,DESCRIPTIVE_ONLY,1065,W/m2,63.421052631578945,18.8,63.0,107.8,33.648830103185155
summer,sunny,57,DESCRIPTIVE_ONLY,1080,W/m2,38.0,3.0,39.0,70.0,25.378537693070427
summer,sunny,57,DESCRIPTIVE_ONLY,1095,W/m2,18.964912280701753,0.0,18.0,40.4,15.03792271988214
summer,sunny,57,DESCRIPTIVE_ONLY,1110,W/m2,5.228070175438597,0.0,4.0,13.0,4.980726163711716
summer,sunny,57,DESCRIPTIVE_ONLY,1125,W/m2,0.42105263157894735,0.0,0.0,1.3999999999999986,0.6740130776245103
summer,sunny,57,DESCRIPTIVE_ONLY,1140,W/m2,0.0,0.0,0.0,0.0,0.0
summer,sunny,57,DESCRIPTIVE_ONLY,1155,W/m2,0.0,0.0,0.0,0.0,0.0
summer,sunny,57,DESCRIPTIVE_ONLY,1170,W/m2,0.0,0.0,0.0,0.0,0.0
summer,sunny,57,DESCRIPTIVE_ONLY,1185,W/m2,0.0,0.0,0.0,0.0,0.0
summer,sunny,57,DESCRIPTIVE_ONLY,1200,W/m2,0.0,0.0,0.0,0.0,0.0
summer,sunny,57,DESCRIPTIVE_ONLY,1215,W/m2,0.0,0.0,0.0,0.0,0.0
summer,sunny,57,DESCRIPTIVE_ONLY,1230,W/m2,0.0,0.0,0.0,0.0,0.0
summer,sunny,57,DESCRIPTIVE_ONLY,1245,W/m2,0.0,0.0,0.0,0.0,0.0
summer,sunny,57,DESCRIPTIVE_ONLY,1260,W/m2,0.0,0.0,0.0,0.0,0.0
summer,sunny,57,DESCRIPTIVE_ONLY,1275,W/m2,0.0,0.0,0.0,0.0,0.0
summer,sunny,57,DESCRIPTIVE_ONLY,1290,W/m2,0.0,0.0,0.0,0.0,0.0
summer,sunny,57,DESCRIPTIVE_ONLY,1305,W/m2,0.0,0.0,0.0,0.0,0.0
summer,sunny,57,DESCRIPTIVE_ONLY,1320,W/m2,0.0,0.0,0.0,0.0,0.0
summer,sunny,57,DESCRIPTIVE_ONLY,1335,W/m2,0.0,0.0,0.0,0.0,0.0
summer,sunny,57,DESCRIPTIVE_ONLY,1350,W/m2,0.0,0.0,0.0,0.0,0.0
summer,sunny,57,DESCRIPTIVE_ONLY,1365,W/m2,0.0,0.0,0.0,0.0,0.0
summer,sunny,57,DESCRIPTIVE_ONLY,1380,W/m2,0.0,0.0,0.0,0.0,0.0
summer,sunny,57,DESCRIPTIVE_ONLY,1395,W/m2,0.0,0.0,0.0,0.0,0.0
summer,sunny,57,DESCRIPTIVE_ONLY,1410,W/m2,0.0,0.0,0.0,0.0,0.0
summer,sunny,57,DESCRIPTIVE_ONLY,1425,W/m2,0.0,0.0,0.0,0.0,0.0
summer,cloudy,15,DESCRIPTIVE_ONLY,0,W/m2,0.0,0.0,0.0,0.0,0.0
summer,cloudy,15,DESCRIPTIVE_ONLY,15,W/m2,0.0,0.0,0.0,0.0,0.0
summer,cloudy,15,DESCRIPTIVE_ONLY,30,W/m2,0.0,0.0,0.0,0.0,0.0
summer,cloudy,15,DESCRIPTIVE_ONLY,45,W/m2,0.0,0.0,0.0,0.0,0.0
summer,cloudy,15,DESCRIPTIVE_ONLY,60,W/m2,0.0,0.0,0.0,0.0,0.0
summer,cloudy,15,DESCRIPTIVE_ONLY,75,W/m2,0.0,0.0,0.0,0.0,0.0
summer,cloudy,15,DESCRIPTIVE_ONLY,90,W/m2,0.0,0.0,0.0,0.0,0.0
summer,cloudy,15,DESCRIPTIVE_ONLY,105,W/m2,0.0,0.0,0.0,0.0,0.0
summer,cloudy,15,DESCRIPTIVE_ONLY,120,W/m2,0.0,0.0,0.0,0.0,0.0
summer,cloudy,15,DESCRIPTIVE_ONLY,135,W/m2,0.0,0.0,0.0,0.0,0.0
summer,cloudy,15,DESCRIPTIVE_ONLY,150,W/m2,0.0,0.0,0.0,0.0,0.0
summer,cloudy,15,DESCRIPTIVE_ONLY,165,W/m2,0.0,0.0,0.0,0.0,0.0
summer,cloudy,15,DESCRIPTIVE_ONLY,180,W/m2,0.0,0.0,0.0,0.0,0.0
summer,cloudy,15,DESCRIPTIVE_ONLY,195,W/m2,0.0,0.0,0.0,0.0,0.0
summer,cloudy,15,DESCRIPTIVE_ONLY,210,W/m2,0.0,0.0,0.0,0.0,0.0
summer,cloudy,15,DESCRIPTIVE_ONLY,225,W/m2,0.0,0.0,0.0,0.0,0.0
summer,cloudy,15,DESCRIPTIVE_ONLY,240,W/m2,0.0,0.0,0.0,0.0,0.0
summer,cloudy,15,DESCRIPTIVE_ONLY,255,W/m2,0.0,0.0,0.0,0.0,0.0
summer,cloudy,15,DESCRIPTIVE_ONLY,270,W/m2,1.0666666666666667,0.0,1.0,2.0,1.0624918300339485
summer,cloudy,15,DESCRIPTIVE_ONLY,285,W/m2,10.333333333333334,0.0,11.0,17.6,7.086763875156433
summer,cloudy,15,DESCRIPTIVE_ONLY,300,W/m2,24.6,1.0,26.0,44.8,17.137872291117898
summer,cloudy,15,DESCRIPTIVE_ONLY,315,W/m2,39.93333333333333,8.8,37.0,73.2,24.378861517488648
summer,cloudy,15,DESCRIPTIVE_ONLY,330,W/m2,57.13333333333333,17.8,49.0,101.39999999999999,31.62671163571845
summer,cloudy,15,DESCRIPTIVE_ONLY,345,W/m2,75.13333333333334,27.6,68.0,132.6,40.19762292585084
summer,cloudy,15,DESCRIPTIVE_ONLY,360,W/m2,98.4,57.6,85.0,164.99999999999997,46.72158673104614
summer,cloudy,15,DESCRIPTIVE_ONLY,375,W/m2,123.06666666666666,73.0,114.0,191.6,53.02762382842445
summer,cloudy,15,DESCRIPTIVE_ONLY,390,W/m2,150.86666666666667,87.0,131.0,220.39999999999998,63.448526819427066
summer,cloudy,15,DESCRIPTIVE_ONLY,405,W/m2,172.66666666666666,83.2,163.0,237.6,73.45353784687448
summer,cloudy,15,DESCRIPTIVE_ONLY,420,W/m2,208.73333333333332,119.6,197.0,284.4,77.3774012371973
summer,cloudy,15,DESCRIPTIVE_ONLY,435,W/m2,234.66666666666666,131.0,217.0,361.2,96.58203191530446
summer,cloudy,15,DESCRIPTIVE_ONLY,450,W/m2,265.4,135.2,234.0,411.2,112.25257235359909
summer,cloudy,15,DESCRIPTIVE_ONLY,465,W/m2,298.6,136.0,295.0,435.0,122.122779747815
summer,cloudy,15,DESCRIPTIVE_ONLY,480,W/m2,348.73333333333335,128.8,365.0,539.8,154.9500851528933
summer,cloudy,15,DESCRIPTIVE_ONLY,495,W/m2,334.26666666666665,149.4,333.0,563.8,161.31437905186533
summer,cloudy,15,DESCRIPTIVE_ONLY,510,W/m2,322.1333333333333,145.0,309.0,517.4,157.88597854851525
summer,cloudy,15,DESCRIPTIVE_ONLY,525,W/m2,362.46666666666664,145.20000000000002,354.0,600.6,167.66310135374317
summer,cloudy,15,DESCRIPTIVE_ONLY,540,W/m2,400.26666666666665,160.0,394.0,698.1999999999999,196.3664827702415
summer,cloudy,15,DESCRIPTIVE_ONLY,555,W/m2,392.6666666666667,157.4,418.0,715.6,199.00541589503428
summer,cloudy,15,DESCRIPTIVE_ONLY,570,W/m2,383.06666666666666,170.8,386.0,623.5999999999999,190.47640857130372
summer,cloudy,15,DESCRIPTIVE_ONLY,585,W/m2,374.53333333333336,178.0,432.0,608.2,181.35301363791987
summer,cloudy,15,DESCRIPTIVE_ONLY,600,W/m2,369.53333333333336,181.4,366.0,551.8,154.7246443057975
summer,cloudy,15,DESCRIPTIVE_ONLY,615,W/m2,380.06666666666666,230.8,385.0,532.8,138.37507803872134
summer,cloudy,15,DESCRIPTIVE_ONLY,630,W/m2,408.1333333333333,211.6,416.0,599.5999999999999,157.50295940782263
summer,cloudy,15,DESCRIPTIVE_ONLY,645,W/m2,422.46666666666664,261.6,390.0,601.0,154.79313794724737
summer,cloudy,15,DESCRIPTIVE_ONLY,660,W/m2,430.06666666666666,247.4,382.0,656.5999999999999,171.52316332074673
summer,cloudy,15,DESCRIPTIVE_ONLY,675,W/m2,425.06666666666666,189.4,399.0,759.6,203.06565987931643
summer,cloudy,15,DESCRIPTIVE_ONLY,690,W/m2,428.06666666666666,193.6,427.0,674.1999999999999,188.42309365420743
summer,cloudy,15,DESCRIPTIVE_ONLY,705,W/m2,430.0,251.4,374.0,664.8,168.13090138341613
summer,cloudy,15,DESCRIPTIVE_ONLY,720,W/m2,443.2,232.2,434.0,713.0,185.74362259128395
summer,cloudy,15,DESCRIPTIVE_ONLY,735,W/m2,476.0,240.0,454.0,672.1999999999999,192.84674398772376
summer,cloudy,15,DESCRIPTIVE_ONLY,750,W/m2,496.8,184.20000000000002,528.0,702.0,208.95588051069538
summer,cloudy,15,DESCRIPTIVE_ONLY,765,W/m2,461.53333333333336,178.20000000000002,498.0,682.4,191.00012798134165
summer,cloudy,15,DESCRIPTIVE_ONLY,780,W/m2,443.06666666666666,177.20000000000002,412.0,679.8,191.7221832641063
summer,cloudy,15,DESCRIPTIVE_ONLY,795,W/m2,461.3333333333333,245.60000000000002,468.0,665.1999999999999,178.3519616438861
summer,cloudy,15,DESCRIPTIVE_ONLY,810,W/m2,431.1333333333333,214.20000000000002,403.0,649.6,169.3524398669499
summer,cloudy,15,DESCRIPTIVE_ONLY,825,W/m2,410.2,224.0,376.0,600.8,138.30410936290602
summer,cloudy,15,DESCRIPTIVE_ONLY,840,W/m2,378.46666666666664,213.8,363.0,540.2,132.02013314474257
summer,cloudy,15,DESCRIPTIVE_ONLY,855,W/m2,366.93333333333334,179.4,382.0,502.8,129.48537454949198
summer,cloudy,15,DESCRIPTIVE_ONLY,870,W/m2,340.46666666666664,145.4,333.0,523.6,133.13445167281915
summer,cloudy,15,DESCRIPTIVE_ONLY,885,W/m2,303.73333333333335,130.0,280.0,512.8,144.10712065065425
summer,cloudy,15,DESCRIPTIVE_ONLY,900,W/m2,280.1333333333333,120.80000000000001,274.0,428.59999999999997,127.1366019506403
summer,cloudy,15,DESCRIPTIVE_ONLY,915,W/m2,255.26666666666668,130.20000000000002,237.0,399.4,109.44616129505056
summer,cloudy,15,DESCRIPTIVE_ONLY,930,W/m2,235.33333333333334,116.2,232.0,373.79999999999995,95.31957942743045
summer,cloudy,15,DESCRIPTIVE_ONLY,945,W/m2,210.4,105.0,180.0,372.0,97.87529480585657
summer,cloudy,15,DESCRIPTIVE_ONLY,960,W/m2,189.73333333333332,105.8,171.0,345.4,96.84659117502393
summer,cloudy,15,DESCRIPTIVE_ONLY,975,W/m2,165.53333333333333,82.0,174.0,266.79999999999995,84.38156723413526
summer,cloudy,15,DESCRIPTIVE_ONLY,990,W/m2,151.0,78.6,147.0,219.8,65.76321160040771
summer,cloudy,15,DESCRIPTIVE_ONLY,1005,W/m2,133.0,67.0,123.0,195.39999999999998,51.710733895391584
summer,cloudy,15,DESCRIPTIVE_ONLY,1020,W/m2,101.26666666666667,53.6,92.0,146.6,39.51955915183715
summer,cloudy,15,DESCRIPTIVE_ONLY,1035,W/m2,70.8,40.0,69.0,99.2,26.15900100029306
summer,cloudy,15,DESCRIPTIVE_ONLY,1050,W/m2,47.666666666666664,27.0,47.0,77.6,20.240772932101404
summer,cloudy,15,DESCRIPTIVE_ONLY,1065,W/m2,32.733333333333334,12.200000000000001,34.0,50.0,14.534862304893784
summer,cloudy,15,DESCRIPTIVE_ONLY,1080,W/m2,20.266666666666666,3.4000000000000004,22.0,35.8,12.379912044203797
summer,cloudy,15,DESCRIPTIVE_ONLY,1095,W/m2,12.0,0.40000000000000013,12.0,22.2,7.650708028237212
summer,cloudy,15,DESCRIPTIVE_ONLY,1110,W/m2,3.466666666666667,0.0,3.0,7.0,3.323986896618109
summer,cloudy,15,DESCRIPTIVE_ONLY,1125,W/m2,0.26666666666666666,0.0,0.0,1.0,0.5734883511361751
summer,cloudy,15,DESCRIPTIVE_ONLY,1140,W/m2,0.0,0.0,0.0,0.0,0.0
summer,cloudy,15,DESCRIPTIVE_ONLY,1155,W/m2,0.0,0.0,0.0,0.0,0.0
summer,cloudy,15,DESCRIPTIVE_ONLY,1170,W/m2,0.0,0.0,0.0,0.0,0.0
summer,cloudy,15,DESCRIPTIVE_ONLY,1185,W/m2,0.0,0.0,0.0,0.0,0.0
summer,cloudy,15,DESCRIPTIVE_ONLY,1200,W/m2,0.0,0.0,0.0,0.0,0.0
summer,cloudy,15,DESCRIPTIVE_ONLY,1215,W/m2,0.0,0.0,0.0,0.0,0.0
summer,cloudy,15,DESCRIPTIVE_ONLY,1230,W/m2,0.0,0.0,0.0,0.0,0.0
summer,cloudy,15,DESCRIPTIVE_ONLY,1245,W/m2,0.0,0.0,0.0,0.0,0.0
summer,cloudy,15,DESCRIPTIVE_ONLY,1260,W/m2,0.0,0.0,0.0,0.0,0.0
summer,cloudy,15,DESCRIPTIVE_ONLY,1275,W/m2,0.0,0.0,0.0,0.0,0.0
summer,cloudy,15,DESCRIPTIVE_ONLY,1290,W/m2,0.0,0.0,0.0,0.0,0.0
summer,cloudy,15,DESCRIPTIVE_ONLY,1305,W/m2,0.0,0.0,0.0,0.0,0.0
summer,cloudy,15,DESCRIPTIVE_ONLY,1320,W/m2,0.0,0.0,0.0,0.0,0.0
summer,cloudy,15,DESCRIPTIVE_ONLY,1335,W/m2,0.0,0.0,0.0,0.0,0.0
summer,cloudy,15,DESCRIPTIVE_ONLY,1350,W/m2,0.0,0.0,0.0,0.0,0.0
summer,cloudy,15,DESCRIPTIVE_ONLY,1365,W/m2,0.0,0.0,0.0,0.0,0.0
summer,cloudy,15,DESCRIPTIVE_ONLY,1380,W/m2,0.0,0.0,0.0,0.0,0.0
summer,cloudy,15,DESCRIPTIVE_ONLY,1395,W/m2,0.0,0.0,0.0,0.0,0.0
summer,cloudy,15,DESCRIPTIVE_ONLY,1410,W/m2,0.0,0.0,0.0,0.0,0.0
summer,cloudy,15,DESCRIPTIVE_ONLY,1425,W/m2,0.0,0.0,0.0,0.0,0.0
summer,rainy,20,DESCRIPTIVE_ONLY,0,W/m2,0.0,0.0,0.0,0.0,0.0
summer,rainy,20,DESCRIPTIVE_ONLY,15,W/m2,0.0,0.0,0.0,0.0,0.0
summer,rainy,20,DESCRIPTIVE_ONLY,30,W/m2,0.0,0.0,0.0,0.0,0.0
summer,rainy,20,DESCRIPTIVE_ONLY,45,W/m2,0.0,0.0,0.0,0.0,0.0
summer,rainy,20,DESCRIPTIVE_ONLY,60,W/m2,0.0,0.0,0.0,0.0,0.0
summer,rainy,20,DESCRIPTIVE_ONLY,75,W/m2,0.0,0.0,0.0,0.0,0.0
summer,rainy,20,DESCRIPTIVE_ONLY,90,W/m2,0.0,0.0,0.0,0.0,0.0
summer,rainy,20,DESCRIPTIVE_ONLY,105,W/m2,0.0,0.0,0.0,0.0,0.0
summer,rainy,20,DESCRIPTIVE_ONLY,120,W/m2,0.0,0.0,0.0,0.0,0.0
summer,rainy,20,DESCRIPTIVE_ONLY,135,W/m2,0.0,0.0,0.0,0.0,0.0
summer,rainy,20,DESCRIPTIVE_ONLY,150,W/m2,0.0,0.0,0.0,0.0,0.0
summer,rainy,20,DESCRIPTIVE_ONLY,165,W/m2,0.0,0.0,0.0,0.0,0.0
summer,rainy,20,DESCRIPTIVE_ONLY,180,W/m2,0.0,0.0,0.0,0.0,0.0
summer,rainy,20,DESCRIPTIVE_ONLY,195,W/m2,0.0,0.0,0.0,0.0,0.0
summer,rainy,20,DESCRIPTIVE_ONLY,210,W/m2,0.0,0.0,0.0,0.0,0.0
summer,rainy,20,DESCRIPTIVE_ONLY,225,W/m2,0.0,0.0,0.0,0.0,0.0
summer,rainy,20,DESCRIPTIVE_ONLY,240,W/m2,0.0,0.0,0.0,0.0,0.0
summer,rainy,20,DESCRIPTIVE_ONLY,255,W/m2,0.0,0.0,0.0,0.0,0.0
summer,rainy,20,DESCRIPTIVE_ONLY,270,W/m2,0.45,0.0,0.0,2.0,0.7399324293474371
summer,rainy,20,DESCRIPTIVE_ONLY,285,W/m2,5.85,0.0,5.5,12.0,4.992744736114595
summer,rainy,20,DESCRIPTIVE_ONLY,300,W/m2,17.2,1.0,20.0,36.1,12.002499739637573
summer,rainy,20,DESCRIPTIVE_ONLY,315,W/m2,32.55,10.0,29.0,61.30000000000002,20.626378741795662
summer,rainy,20,DESCRIPTIVE_ONLY,330,W/m2,50.65,18.6,42.5,94.60000000000002,29.572411129294142
summer,rainy,20,DESCRIPTIVE_ONLY,345,W/m2,74.6,38.0,63.5,116.50000000000003,35.942175782776424
summer,rainy,20,DESCRIPTIVE_ONLY,360,W/m2,100.4,48.6,101.5,147.40000000000003,39.99174914904323
summer,rainy,20,DESCRIPTIVE_ONLY,375,W/m2,128.4,60.6,127.5,203.60000000000002,51.70435184778937
summer,rainy,20,DESCRIPTIVE_ONLY,390,W/m2,156.45,80.0,148.0,261.50000000000006,67.57697462893704
summer,rainy,20,DESCRIPTIVE_ONLY,405,W/m2,174.6,102.30000000000001,147.5,294.00000000000006,81.25786115816733
summer,rainy,20,DESCRIPTIVE_ONLY,420,W/m2,190.0,81.7,149.0,360.8,101.20128457682738
summer,rainy,20,DESCRIPTIVE_ONLY,435,W/m2,221.25,90.5,205.0,403.20000000000005,117.99189590815125
summer,rainy,20,DESCRIPTIVE_ONLY,450,W/m2,231.95,87.6,207.0,427.00000000000006,131.57829418258925
summer,rainy,20,DESCRIPTIVE_ONLY,465,W/m2,252.8,97.2,215.5,505.90000000000003,153.64361359978489
summer,rainy,20,DESCRIPTIVE_ONLY,480,W/m2,283.7,83.3,231.5,552.5,172.2617485108055
summer,rainy,20,DESCRIPTIVE_ONLY,495,W/m2,300.9,83.7,261.5,596.3,184.08011842673287
summer,rainy,20,DESCRIPTIVE_ONLY,510,W/m2,306.1,102.8,251.0,632.0,204.60349459381186
summer,rainy,20,DESCRIPTIVE_ONLY,525,W/m2,319.55,103.4,264.0,657.9000000000001,217.03029166455082
summer,rainy,20,DESCRIPTIVE_ONLY,540,W/m2,341.5,117.4,263.0,680.8000000000001,216.98836374331228
summer,rainy,20,DESCRIPTIVE_ONLY,555,W/m2,347.9,106.8,310.0,754.8,235.20393279024907
summer,rainy,20,DESCRIPTIVE_ONLY,570,W/m2,358.7,100.2,333.5,786.4,250.84558995525515
summer,rainy,20,DESCRIPTIVE_ONLY,585,W/m2,375.25,118.3,352.0,768.6,243.5723455156599
summer,rainy,20,DESCRIPTIVE_ONLY,600,W/m2,404.65,142.2,442.0,730.3000000000001,230.6732049892228
summer,rainy,20,DESCRIPTIVE_ONLY,615,W/m2,424.6,101.80000000000001,413.5,747.3000000000001,248.53579219098404
summer,rainy,20,DESCRIPTIVE_ONLY,630,W/m2,442.6,121.1,415.0,796.2,266.6537830221053
summer,rainy,20,DESCRIPTIVE_ONLY,645,W/m2,453.8,117.5,388.5,819.3000000000001,266.6986314175609
summer,rainy,20,DESCRIPTIVE_ONLY,660,W/m2,479.2,122.80000000000001,426.5,815.8000000000001,266.9555393693864
summer,rainy,20,DESCRIPTIVE_ONLY,675,W/m2,477.05,116.5,391.5,869.3000000000001,276.4381440756684
summer,rainy,20,DESCRIPTIVE_ONLY,690,W/m2,469.1,112.9,413.0,870.7,268.63784171259266
summer,rainy,20,DESCRIPTIVE_ONLY,705,W/m2,456.95,114.4,432.5,832.8000000000001,270.5966509401031
summer,rainy,20,DESCRIPTIVE_ONLY,720,W/m2,451.1,148.0,433.5,825.1,272.84279356435275
summer,rainy,20,DESCRIPTIVE_ONLY,735,W/m2,440.95,103.0,410.0,842.1,278.0529580853259
summer,rainy,20,DESCRIPTIVE_ONLY,750,W/m2,450.45,104.60000000000001,429.0,841.5,283.63365015456117
summer,rainy,20,DESCRIPTIVE_ONLY,765,W/m2,469.2,102.3,433.0,821.5,280.51053456153835
summer,rainy,20,DESCRIPTIVE_ONLY,780,W/m2,456.15,118.0,439.5,802.1,263.3196299177105
summer,rainy,20,DESCRIPTIVE_ONLY,795,W/m2,413.1,88.0,404.0,754.4000000000001,259.2145636340674
summer,rainy,20,DESCRIPTIVE_ONLY,810,W/m2,395.55,114.30000000000001,331.0,749.7,254.60076099650607
summer,rainy,20,DESCRIPTIVE_ONLY,825,W/m2,378.25,98.8,349.0,751.9,253.91157417494776
summer,rainy,20,DESCRIPTIVE_ONLY,840,W/m2,363.35,121.10000000000001,335.0,722.7,215.6650817819148
summer,rainy,20,DESCRIPTIVE_ONLY,855,W/m2,359.1,86.7,331.0,707.6,217.90936189159015
summer,rainy,20,DESCRIPTIVE_ONLY,870,W/m2,341.75,93.1,328.0,663.6,208.26110414573336
summer,rainy,20,DESCRIPTIVE_ONLY,885,W/m2,308.25,88.80000000000001,280.0,590.6000000000001,190.68478570667352
summer,rainy,20,DESCRIPTIVE_ONLY,900,W/m2,292.85,75.0,256.5,562.8000000000001,185.95840260660447
summer,rainy,20,DESCRIPTIVE_ONLY,915,W/m2,283.05,92.7,246.0,474.2000000000001,161.97699682362307
summer,rainy,20,DESCRIPTIVE_ONLY,930,W/m2,272.0,69.9,263.0,480.1,156.21043499075213
summer,rainy,20,DESCRIPTIVE_ONLY,945,W/m2,244.65,97.5,237.5,471.4,139.9440155919502
summer,rainy,20,DESCRIPTIVE_ONLY,960,W/m2,217.0,68.2,208.5,391.90000000000003,118.5436628420094
summer,rainy,20,DESCRIPTIVE_ONLY,975,W/m2,197.4,77.8,178.0,340.00000000000006,106.24659994559826
summer,rainy,20,DESCRIPTIVE_ONLY,990,W/m2,178.55,61.8,172.5,316.3,103.29495389417626
summer,rainy,20,DESCRIPTIVE_ONLY,1005,W/m2,145.85,58.400000000000006,145.0,247.00000000000006,80.81229795025013
summer,rainy,20,DESCRIPTIVE_ONLY,1020,W/m2,113.25,41.3,106.0,217.1,67.83573910557767
summer,rainy,20,DESCRIPTIVE_ONLY,1035,W/m2,86.65,29.7,75.0,146.90000000000006,54.13249948044151
summer,rainy,20,DESCRIPTIVE_ONLY,1050,W/m2,57.1,19.9,45.5,121.2,40.229218237495
summer,rainy,20,DESCRIPTIVE_ONLY,1065,W/m2,39.45,13.0,26.5,89.30000000000001,29.416789423728755
summer,rainy,20,DESCRIPTIVE_ONLY,1080,W/m2,25.15,7.9,26.5,42.60000000000002,16.974318837585205
summer,rainy,20,DESCRIPTIVE_ONLY,1095,W/m2,13.2,2.0,11.5,26.70000000000001,9.892421341612982
summer,rainy,20,DESCRIPTIVE_ONLY,1110,W/m2,4.15,0.0,3.5,9.100000000000001,3.5675621928706445
summer,rainy,20,DESCRIPTIVE_ONLY,1125,W/m2,0.2,0.0,0.0,1.0,0.4
summer,rainy,20,DESCRIPTIVE_ONLY,1140,W/m2,0.0,0.0,0.0,0.0,0.0
summer,rainy,20,DESCRIPTIVE_ONLY,1155,W/m2,0.0,0.0,0.0,0.0,0.0
summer,rainy,20,DESCRIPTIVE_ONLY,1170,W/m2,0.0,0.0,0.0,0.0,0.0
summer,rainy,20,DESCRIPTIVE_ONLY,1185,W/m2,0.0,0.0,0.0,0.0,0.0
summer,rainy,20,DESCRIPTIVE_ONLY,1200,W/m2,0.0,0.0,0.0,0.0,0.0
summer,rainy,20,DESCRIPTIVE_ONLY,1215,W/m2,0.0,0.0,0.0,0.0,0.0
summer,rainy,20,DESCRIPTIVE_ONLY,1230,W/m2,0.0,0.0,0.0,0.0,0.0
summer,rainy,20,DESCRIPTIVE_ONLY,1245,W/m2,0.0,0.0,0.0,0.0,0.0
summer,rainy,20,DESCRIPTIVE_ONLY,1260,W/m2,0.0,0.0,0.0,0.0,0.0
summer,rainy,20,DESCRIPTIVE_ONLY,1275,W/m2,0.0,0.0,0.0,0.0,0.0
summer,rainy,20,DESCRIPTIVE_ONLY,1290,W/m2,0.0,0.0,0.0,0.0,0.0
summer,rainy,20,DESCRIPTIVE_ONLY,1305,W/m2,0.0,0.0,0.0,0.0,0.0
summer,rainy,20,DESCRIPTIVE_ONLY,1320,W/m2,0.0,0.0,0.0,0.0,0.0
summer,rainy,20,DESCRIPTIVE_ONLY,1335,W/m2,0.0,0.0,0.0,0.0,0.0
summer,rainy,20,DESCRIPTIVE_ONLY,1350,W/m2,0.0,0.0,0.0,0.0,0.0
summer,rainy,20,DESCRIPTIVE_ONLY,1365,W/m2,0.0,0.0,0.0,0.0,0.0
summer,rainy,20,DESCRIPTIVE_ONLY,1380,W/m2,0.0,0.0,0.0,0.0,0.0
summer,rainy,20,DESCRIPTIVE_ONLY,1395,W/m2,0.0,0.0,0.0,0.0,0.0
summer,rainy,20,DESCRIPTIVE_ONLY,1410,W/m2,0.0,0.0,0.0,0.0,0.0
summer,rainy,20,DESCRIPTIVE_ONLY,1425,W/m2,0.0,0.0,0.0,0.0,0.0
autumn,sunny,41,DESCRIPTIVE_ONLY,0,W/m2,0.0,0.0,0.0,0.0,0.0
autumn,sunny,41,DESCRIPTIVE_ONLY,15,W/m2,0.0,0.0,0.0,0.0,0.0
autumn,sunny,41,DESCRIPTIVE_ONLY,30,W/m2,0.0,0.0,0.0,0.0,0.0
autumn,sunny,41,DESCRIPTIVE_ONLY,45,W/m2,0.0,0.0,0.0,0.0,0.0
autumn,sunny,41,DESCRIPTIVE_ONLY,60,W/m2,0.0,0.0,0.0,0.0,0.0
autumn,sunny,41,DESCRIPTIVE_ONLY,75,W/m2,0.0,0.0,0.0,0.0,0.0
autumn,sunny,41,DESCRIPTIVE_ONLY,90,W/m2,0.0,0.0,0.0,0.0,0.0
autumn,sunny,41,DESCRIPTIVE_ONLY,105,W/m2,0.0,0.0,0.0,0.0,0.0
autumn,sunny,41,DESCRIPTIVE_ONLY,120,W/m2,0.0,0.0,0.0,0.0,0.0
autumn,sunny,41,DESCRIPTIVE_ONLY,135,W/m2,0.0,0.0,0.0,0.0,0.0
autumn,sunny,41,DESCRIPTIVE_ONLY,150,W/m2,0.0,0.0,0.0,0.0,0.0
autumn,sunny,41,DESCRIPTIVE_ONLY,165,W/m2,0.0,0.0,0.0,0.0,0.0
autumn,sunny,41,DESCRIPTIVE_ONLY,180,W/m2,0.0,0.0,0.0,0.0,0.0
autumn,sunny,41,DESCRIPTIVE_ONLY,195,W/m2,0.0,0.0,0.0,0.0,0.0
autumn,sunny,41,DESCRIPTIVE_ONLY,210,W/m2,0.0,0.0,0.0,0.0,0.0
autumn,sunny,41,DESCRIPTIVE_ONLY,225,W/m2,0.0,0.0,0.0,0.0,0.0
autumn,sunny,41,DESCRIPTIVE_ONLY,240,W/m2,0.0,0.0,0.0,0.0,0.0
autumn,sunny,41,DESCRIPTIVE_ONLY,255,W/m2,0.0,0.0,0.0,0.0,0.0
autumn,sunny,41,DESCRIPTIVE_ONLY,270,W/m2,0.0,0.0,0.0,0.0,0.0
autumn,sunny,41,DESCRIPTIVE_ONLY,285,W/m2,0.0,0.0,0.0,0.0,0.0
autumn,sunny,41,DESCRIPTIVE_ONLY,300,W/m2,0.0,0.0,0.0,0.0,0.0
autumn,sunny,41,DESCRIPTIVE_ONLY,315,W/m2,0.43902439024390244,0.0,0.0,2.0,1.210699867901547
autumn,sunny,41,DESCRIPTIVE_ONLY,330,W/m2,3.902439024390244,0.0,0.0,16.0,7.547588463352757
autumn,sunny,41,DESCRIPTIVE_ONLY,345,W/m2,13.341463414634147,0.0,0.0,50.0,19.70342270142679
autumn,sunny,41,DESCRIPTIVE_ONLY,360,W/m2,26.4390243902439,0.0,6.0,80.0,33.37521263693133
autumn,sunny,41,DESCRIPTIVE_ONLY,375,W/m2,47.048780487804876,0.0,25.0,120.0,48.84267986670644
autumn,sunny,41,DESCRIPTIVE_ONLY,390,W/m2,74.34146341463415,7.0,61.0,165.0,60.217333926166894
autumn,sunny,41,DESCRIPTIVE_ONLY,405,W/m2,113.70731707317073,29.0,96.0,214.0,69.06633216802066
autumn,sunny,41,DESCRIPTIVE_ONLY,420,W/m2,148.5609756097561,62.0,128.0,263.0,78.2803120687748
autumn,sunny,41,DESCRIPTIVE_ONLY,435,W/m2,191.609756097561,93.0,178.0,312.0,85.92222179099821
autumn,sunny,41,DESCRIPTIVE_ONLY,450,W/m2,236.46341463414635,128.0,225.0,361.0,90.66989108472494
autumn,sunny,41,DESCRIPTIVE_ONLY,465,W/m2,289.7560975609756,183.0,275.0,414.0,94.96001224849533
autumn,sunny,41,DESCRIPTIVE_ONLY,480,W/m2,334.390243902439,241.0,313.0,463.0,87.15583969318085
autumn,sunny,41,DESCRIPTIVE_ONLY,495,W/m2,377.7560975609756,269.0,359.0,508.0,97.7342790022418
autumn,sunny,41,DESCRIPTIVE_ONLY,510,W/m2,409.609756097561,283.0,401.0,553.0,114.00960123213854
autumn,sunny,41,DESCRIPTIVE_ONLY,525,W/m2,449.390243902439,331.0,440.0,590.0,115.95644221079057
autumn,sunny,41,DESCRIPTIVE_ONLY,540,W/m2,492.1707317073171,385.0,476.0,643.0,105.58891812672351
autumn,sunny,41,DESCRIPTIVE_ONLY,555,W/m2,518.6829268292682,319.0,509.0,684.0,123.87098698171381
autumn,sunny,41,DESCRIPTIVE_ONLY,570,W/m2,561.2682926829268,437.0,566.0,718.0,117.52779108607834
autumn,sunny,41,DESCRIPTIVE_ONLY,585,W/m2,588.0731707317074,459.0,575.0,744.0,121.75753399715524
autumn,sunny,41,DESCRIPTIVE_ONLY,600,W/m2,603.0487804878048,477.0,594.0,763.0,122.56664712032253
autumn,sunny,41,DESCRIPTIVE_ONLY,615,W/m2,621.2682926829268,478.0,582.0,784.0,117.7181471370398
autumn,sunny,41,DESCRIPTIVE_ONLY,630,W/m2,636.3170731707318,498.0,630.0,801.0,123.36866009596073
autumn,sunny,41,DESCRIPTIVE_ONLY,645,W/m2,643.6829268292682,478.0,658.0,799.0,131.65335841397123
autumn,sunny,41,DESCRIPTIVE_ONLY,660,W/m2,652.0487804878048,509.0,659.0,823.0,134.65981550985038
autumn,sunny,41,DESCRIPTIVE_ONLY,675,W/m2,650.2682926829268,439.0,639.0,815.0,134.93305013611857
autumn,sunny,41,DESCRIPTIVE_ONLY,690,W/m2,648.9268292682926,496.0,636.0,823.0,132.74721810394635
autumn,sunny,41,DESCRIPTIVE_ONLY,705,W/m2,637.9024390243902,480.0,630.0,825.0,145.20545660613965
autumn,sunny,41,DESCRIPTIVE_ONLY,720,W/m2,633.170731707317,481.0,640.0,805.0,140.6933878590941
autumn,sunny,41,DESCRIPTIVE_ONLY,735,W/m2,623.0487804878048,436.0,636.0,792.0,138.6513351627572
autumn,sunny,41,DESCRIPTIVE_ONLY,750,W/m2,603.609756097561,454.0,594.0,785.0,137.58791035389072
autumn,sunny,41,DESCRIPTIVE_ONLY,765,W/m2,576.0243902439024,372.0,563.0,746.0,143.84383262970925
autumn,sunny,41,DESCRIPTIVE_ONLY,780,W/m2,560.1219512195122,341.0,561.0,723.0,147.67535176238437
autumn,sunny,41,DESCRIPTIVE_ONLY,795,W/m2,538.7317073170732,386.0,537.0,696.0,136.71102233833375
autumn,sunny,41,DESCRIPTIVE_ONLY,810,W/m2,511.8048780487805,367.0,497.0,666.0,126.22496747961169
autumn,sunny,41,DESCRIPTIVE_ONLY,825,W/m2,476.6585365853659,380.0,439.0,633.0,126.71238986065995
autumn,sunny,41,DESCRIPTIVE_ONLY,840,W/m2,430.8536585365854,270.0,386.0,597.0,128.97297145008287
autumn,sunny,41,DESCRIPTIVE_ONLY,855,W/m2,388.9756097560976,262.0,345.0,577.0,128.8899110140649
autumn,sunny,41,DESCRIPTIVE_ONLY,870,W/m2,352.5121951219512,244.0,304.0,547.0,122.62119379761465
autumn,sunny,41,DESCRIPTIVE_ONLY,885,W/m2,313.2439024390244,176.0,261.0,520.0,123.40826166908602
autumn,sunny,41,DESCRIPTIVE_ONLY,900,W/m2,280.3658536585366,177.0,240.0,475.0,116.49238561896695
autumn,sunny,41,DESCRIPTIVE_ONLY,915,W/m2,238.1951219512195,135.0,190.0,428.0,113.7560975609756
autumn,sunny,41,DESCRIPTIVE_ONLY,930,W/m2,193.609756097561,87.0,150.0,379.0,107.41936920513133
autumn,sunny,41,DESCRIPTIVE_ONLY,945,W/m2,152.4390243902439,61.0,117.0,323.0,103.20782934483496
autumn,sunny,41,DESCRIPTIVE_ONLY,960,W/m2,115.63414634146342,22.0,81.0,266.0,99.29550774540411
autumn,sunny,41,DESCRIPTIVE_ONLY,975,W/m2,82.58536585365853,4.0,43.0,218.0,88.02105502267725
autumn,sunny,41,DESCRIPTIVE_ONLY,990,W/m2,54.926829268292686,0.0,20.0,162.0,69.77818173357645
autumn,sunny,41,DESCRIPTIVE_ONLY,1005,W/m2,35.707317073170735,0.0,5.0,114.0,51.27079894549353
autumn,sunny,41,DESCRIPTIVE_ONLY,1020,W/m2,21.463414634146343,0.0,0.0,84.0,35.566562510707705
autumn,sunny,41,DESCRIPTIVE_ONLY,1035,W/m2,10.560975609756097,0.0,0.0,48.0,21.565610361584895
autumn,sunny,41,DESCRIPTIVE_ONLY,1050,W/m2,3.658536585365854,0.0,0.0,18.0,8.967719225216635
autumn,sunny,41,DESCRIPTIVE_ONLY,1065,W/m2,0.8048780487804879,0.0,0.0,2.0,2.441705843084357
autumn,sunny,41,DESCRIPTIVE_ONLY,1080,W/m2,0.04878048780487805,0.0,0.0,0.0,0.21540880161775236
autumn,sunny,41,DESCRIPTIVE_ONLY,1095,W/m2,0.0,0.0,0.0,0.0,0.0
autumn,sunny,41,DESCRIPTIVE_ONLY,1110,W/m2,0.0,0.0,0.0,0.0,0.0
autumn,sunny,41,DESCRIPTIVE_ONLY,1125,W/m2,0.0,0.0,0.0,0.0,0.0
autumn,sunny,41,DESCRIPTIVE_ONLY,1140,W/m2,0.0,0.0,0.0,0.0,0.0
autumn,sunny,41,DESCRIPTIVE_ONLY,1155,W/m2,0.0,0.0,0.0,0.0,0.0
autumn,sunny,41,DESCRIPTIVE_ONLY,1170,W/m2,0.0,0.0,0.0,0.0,0.0
autumn,sunny,41,DESCRIPTIVE_ONLY,1185,W/m2,0.0,0.0,0.0,0.0,0.0
autumn,sunny,41,DESCRIPTIVE_ONLY,1200,W/m2,0.0,0.0,0.0,0.0,0.0
autumn,sunny,41,DESCRIPTIVE_ONLY,1215,W/m2,0.0,0.0,0.0,0.0,0.0
autumn,sunny,41,DESCRIPTIVE_ONLY,1230,W/m2,0.0,0.0,0.0,0.0,0.0
autumn,sunny,41,DESCRIPTIVE_ONLY,1245,W/m2,0.0,0.0,0.0,0.0,0.0
autumn,sunny,41,DESCRIPTIVE_ONLY,1260,W/m2,0.0,0.0,0.0,0.0,0.0
autumn,sunny,41,DESCRIPTIVE_ONLY,1275,W/m2,0.0,0.0,0.0,0.0,0.0
autumn,sunny,41,DESCRIPTIVE_ONLY,1290,W/m2,0.0,0.0,0.0,0.0,0.0
autumn,sunny,41,DESCRIPTIVE_ONLY,1305,W/m2,0.0,0.0,0.0,0.0,0.0
autumn,sunny,41,DESCRIPTIVE_ONLY,1320,W/m2,0.0,0.0,0.0,0.0,0.0
autumn,sunny,41,DESCRIPTIVE_ONLY,1335,W/m2,0.0,0.0,0.0,0.0,0.0
autumn,sunny,41,DESCRIPTIVE_ONLY,1350,W/m2,0.0,0.0,0.0,0.0,0.0
autumn,sunny,41,DESCRIPTIVE_ONLY,1365,W/m2,0.0,0.0,0.0,0.0,0.0
autumn,sunny,41,DESCRIPTIVE_ONLY,1380,W/m2,0.0,0.0,0.0,0.0,0.0
autumn,sunny,41,DESCRIPTIVE_ONLY,1395,W/m2,0.0,0.0,0.0,0.0,0.0
autumn,sunny,41,DESCRIPTIVE_ONLY,1410,W/m2,0.0,0.0,0.0,0.0,0.0
autumn,sunny,41,DESCRIPTIVE_ONLY,1425,W/m2,0.0,0.0,0.0,0.0,0.0
autumn,cloudy,22,DESCRIPTIVE_ONLY,0,W/m2,0.0,0.0,0.0,0.0,0.0
autumn,cloudy,22,DESCRIPTIVE_ONLY,15,W/m2,0.0,0.0,0.0,0.0,0.0
autumn,cloudy,22,DESCRIPTIVE_ONLY,30,W/m2,0.0,0.0,0.0,0.0,0.0
autumn,cloudy,22,DESCRIPTIVE_ONLY,45,W/m2,0.0,0.0,0.0,0.0,0.0
autumn,cloudy,22,DESCRIPTIVE_ONLY,60,W/m2,0.0,0.0,0.0,0.0,0.0
autumn,cloudy,22,DESCRIPTIVE_ONLY,75,W/m2,0.0,0.0,0.0,0.0,0.0
autumn,cloudy,22,DESCRIPTIVE_ONLY,90,W/m2,0.0,0.0,0.0,0.0,0.0
autumn,cloudy,22,DESCRIPTIVE_ONLY,105,W/m2,0.0,0.0,0.0,0.0,0.0
autumn,cloudy,22,DESCRIPTIVE_ONLY,120,W/m2,0.0,0.0,0.0,0.0,0.0
autumn,cloudy,22,DESCRIPTIVE_ONLY,135,W/m2,0.0,0.0,0.0,0.0,0.0
autumn,cloudy,22,DESCRIPTIVE_ONLY,150,W/m2,0.0,0.0,0.0,0.0,0.0
autumn,cloudy,22,DESCRIPTIVE_ONLY,165,W/m2,0.0,0.0,0.0,0.0,0.0
autumn,cloudy,22,DESCRIPTIVE_ONLY,180,W/m2,0.0,0.0,0.0,0.0,0.0
autumn,cloudy,22,DESCRIPTIVE_ONLY,195,W/m2,0.0,0.0,0.0,0.0,0.0
autumn,cloudy,22,DESCRIPTIVE_ONLY,210,W/m2,0.0,0.0,0.0,0.0,0.0
autumn,cloudy,22,DESCRIPTIVE_ONLY,225,W/m2,0.0,0.0,0.0,0.0,0.0
autumn,cloudy,22,DESCRIPTIVE_ONLY,240,W/m2,0.0,0.0,0.0,0.0,0.0
autumn,cloudy,22,DESCRIPTIVE_ONLY,255,W/m2,0.0,0.0,0.0,0.0,0.0
autumn,cloudy,22,DESCRIPTIVE_ONLY,270,W/m2,0.0,0.0,0.0,0.0,0.0
autumn,cloudy,22,DESCRIPTIVE_ONLY,285,W/m2,0.0,0.0,0.0,0.0,0.0
autumn,cloudy,22,DESCRIPTIVE_ONLY,300,W/m2,0.0,0.0,0.0,0.0,0.0
autumn,cloudy,22,DESCRIPTIVE_ONLY,315,W/m2,0.0,0.0,0.0,0.0,0.0
autumn,cloudy,22,DESCRIPTIVE_ONLY,330,W/m2,0.6818181818181818,0.0,0.0,2.8000000000000043,1.715871462561534
autumn,cloudy,22,DESCRIPTIVE_ONLY,345,W/m2,3.727272727272727,0.0,0.5,15.10000000000002,6.796936597279544
autumn,cloudy,22,DESCRIPTIVE_ONLY,360,W/m2,12.772727272727273,0.0,6.0,31.900000000000002,14.234822278105765
autumn,cloudy,22,DESCRIPTIVE_ONLY,375,W/m2,27.818181818181817,4.2,22.5,61.00000000000004,24.86442578105289
autumn,cloudy,22,DESCRIPTIVE_ONLY,390,W/m2,43.45454545454545,13.0,31.0,89.40000000000003,32.10597122701246
autumn,cloudy,22,DESCRIPTIVE_ONLY,405,W/m2,71.18181818181819,28.1,62.5,130.70000000000005,39.866409149964795
autumn,cloudy,22,DESCRIPTIVE_ONLY,420,W/m2,102.95454545454545,55.7,93.5,174.10000000000005,44.06036899190109
autumn,cloudy,22,DESCRIPTIVE_ONLY,435,W/m2,127.5909090909091,77.1,106.0,199.50000000000003,51.7508533885798
autumn,cloudy,22,DESCRIPTIVE_ONLY,450,W/m2,161.4090909090909,80.5,149.0,255.00000000000003,69.97964580109192
autumn,cloudy,22,DESCRIPTIVE_ONLY,465,W/m2,178.9090909090909,116.6,174.5,237.20000000000002,65.0865920356099
autumn,cloudy,22,DESCRIPTIVE_ONLY,480,W/m2,204.04545454545453,100.9,214.5,309.0000000000001,83.41379724151115
autumn,cloudy,22,DESCRIPTIVE_ONLY,495,W/m2,203.0,94.8,198.0,295.20000000000005,83.10945685168336
autumn,cloudy,22,DESCRIPTIVE_ONLY,510,W/m2,216.9090909090909,133.2,202.0,323.9000000000001,85.79675194684295
autumn,cloudy,22,DESCRIPTIVE_ONLY,525,W/m2,227.0909090909091,145.6,209.5,334.30000000000007,80.56387025263027
autumn,cloudy,22,DESCRIPTIVE_ONLY,540,W/m2,251.5,152.6,246.0,378.00000000000006,92.20123742021136
autumn,cloudy,22,DESCRIPTIVE_ONLY,555,W/m2,274.27272727272725,148.4,247.0,434.8,122.29851029278612
autumn,cloudy,22,DESCRIPTIVE_ONLY,570,W/m2,301.6363636363636,142.7,284.5,453.0,144.2464889928932
autumn,cloudy,22,DESCRIPTIVE_ONLY,585,W/m2,311.09090909090907,124.8,304.5,517.7,163.637045453125
autumn,cloudy,22,DESCRIPTIVE_ONLY,600,W/m2,312.1363636363636,98.7,303.0,591.2000000000003,179.9495624927227
autumn,cloudy,22,DESCRIPTIVE_ONLY,615,W/m2,300.3181818181818,99.6,321.5,488.8,146.15912448226243
autumn,cloudy,22,DESCRIPTIVE_ONLY,630,W/m2,322.6818181818182,108.6,343.0,507.40000000000003,158.66442184790697
autumn,cloudy,22,DESCRIPTIVE_ONLY,645,W/m2,320.5,125.7,305.5,509.20000000000005,153.65686388242415
autumn,cloudy,22,DESCRIPTIVE_ONLY,660,W/m2,356.59090909090907,153.0,363.5,557.3000000000001,155.05707426941777
autumn,cloudy,22,DESCRIPTIVE_ONLY,675,W/m2,341.77272727272725,170.2,320.0,527.0,149.232561587666
autumn,cloudy,22,DESCRIPTIVE_ONLY,690,W/m2,341.22727272727275,166.4,310.5,548.5000000000001,142.74386846191004
autumn,cloudy,22,DESCRIPTIVE_ONLY,705,W/m2,333.8636363636364,128.0,309.0,527.3000000000001,153.11056476064059
autumn,cloudy,22,DESCRIPTIVE_ONLY,720,W/m2,313.8636363636364,130.5,274.0,531.4000000000001,158.08464230351854
autumn,cloudy,22,DESCRIPTIVE_ONLY,735,W/m2,304.04545454545456,138.9,296.0,512.2,155.6950624757858
autumn,cloudy,22,DESCRIPTIVE_ONLY,750,W/m2,277.27272727272725,140.4,261.5,472.50000000000006,130.66444943865733
autumn,cloudy,22,DESCRIPTIVE_ONLY,765,W/m2,273.04545454545456,150.1,229.0,456.20000000000005,129.0706210049815
autumn,cloudy,22,DESCRIPTIVE_ONLY,780,W/m2,289.40909090909093,119.5,261.0,504.00000000000017,143.35545748272943
autumn,cloudy,22,DESCRIPTIVE_ONLY,795,W/m2,286.0,126.3,273.5,505.5000000000002,139.4674937689131
autumn,cloudy,22,DESCRIPTIVE_ONLY,810,W/m2,258.0,104.5,267.0,407.3,124.85992151206888
autumn,cloudy,22,DESCRIPTIVE_ONLY,825,W/m2,233.13636363636363,99.3,237.0,396.4000000000001,110.28941078921133
autumn,cloudy,22,DESCRIPTIVE_ONLY,840,W/m2,207.5909090909091,94.5,171.5,337.8,96.72108874627324
autumn,cloudy,22,DESCRIPTIVE_ONLY,855,W/m2,194.4090909090909,100.9,175.5,305.6,88.15206855248857
autumn,cloudy,22,DESCRIPTIVE_ONLY,870,W/m2,172.3181818181818,87.7,171.0,234.70000000000002,70.79187573035121
autumn,cloudy,22,DESCRIPTIVE_ONLY,885,W/m2,153.5909090909091,85.5,132.5,250.5,74.691279210378
autumn,cloudy,22,DESCRIPTIVE_ONLY,900,W/m2,143.6818181818182,57.300000000000004,133.5,217.8,73.53007199509128
autumn,cloudy,22,DESCRIPTIVE_ONLY,915,W/m2,126.31818181818181,41.5,114.0,230.10000000000002,71.27564059444686
autumn,cloudy,22,DESCRIPTIVE_ONLY,930,W/m2,95.0909090909091,35.1,90.0,156.10000000000002,59.0984610558816
autumn,cloudy,22,DESCRIPTIVE_ONLY,945,W/m2,81.18181818181819,13.4,80.0,136.60000000000002,56.62848332744699
autumn,cloudy,22,DESCRIPTIVE_ONLY,960,W/m2,58.31818181818182,10.0,49.5,110.50000000000003,49.38474770397358
autumn,cloudy,22,DESCRIPTIVE_ONLY,975,W/m2,34.22727272727273,4.1,28.0,67.20000000000002,29.52030398060694
autumn,cloudy,22,DESCRIPTIVE_ONLY,990,W/m2,22.727272727272727,0.0,11.0,60.30000000000001,27.17649689476321
autumn,cloudy,22,DESCRIPTIVE_ONLY,1005,W/m2,12.409090909090908,0.0,3.0,30.900000000000002,19.411006931188414
autumn,cloudy,22,DESCRIPTIVE_ONLY,1020,W/m2,5.363636363636363,0.0,0.0,17.60000000000001,11.699049901382647
autumn,cloudy,22,DESCRIPTIVE_ONLY,1035,W/m2,2.772727272727273,0.0,0.0,9.200000000000017,7.223269331453088
autumn,cloudy,22,DESCRIPTIVE_ONLY,1050,W/m2,0.45454545454545453,0.0,0.0,0.9000000000000021,1.3047909176733932
autumn,cloudy,22,DESCRIPTIVE_ONLY,1065,W/m2,0.0,0.0,0.0,0.0,0.0
autumn,cloudy,22,DESCRIPTIVE_ONLY,1080,W/m2,0.0,0.0,0.0,0.0,0.0
autumn,cloudy,22,DESCRIPTIVE_ONLY,1095,W/m2,0.0,0.0,0.0,0.0,0.0
autumn,cloudy,22,DESCRIPTIVE_ONLY,1110,W/m2,0.0,0.0,0.0,0.0,0.0
autumn,cloudy,22,DESCRIPTIVE_ONLY,1125,W/m2,0.0,0.0,0.0,0.0,0.0
autumn,cloudy,22,DESCRIPTIVE_ONLY,1140,W/m2,0.0,0.0,0.0,0.0,0.0
autumn,cloudy,22,DESCRIPTIVE_ONLY,1155,W/m2,0.0,0.0,0.0,0.0,0.0
autumn,cloudy,22,DESCRIPTIVE_ONLY,1170,W/m2,0.0,0.0,0.0,0.0,0.0
autumn,cloudy,22,DESCRIPTIVE_ONLY,1185,W/m2,0.0,0.0,0.0,0.0,0.0
autumn,cloudy,22,DESCRIPTIVE_ONLY,1200,W/m2,0.0,0.0,0.0,0.0,0.0
autumn,cloudy,22,DESCRIPTIVE_ONLY,1215,W/m2,0.0,0.0,0.0,0.0,0.0
autumn,cloudy,22,DESCRIPTIVE_ONLY,1230,W/m2,0.0,0.0,0.0,0.0,0.0
autumn,cloudy,22,DESCRIPTIVE_ONLY,1245,W/m2,0.0,0.0,0.0,0.0,0.0
autumn,cloudy,22,DESCRIPTIVE_ONLY,1260,W/m2,0.0,0.0,0.0,0.0,0.0
autumn,cloudy,22,DESCRIPTIVE_ONLY,1275,W/m2,0.0,0.0,0.0,0.0,0.0
autumn,cloudy,22,DESCRIPTIVE_ONLY,1290,W/m2,0.0,0.0,0.0,0.0,0.0
autumn,cloudy,22,DESCRIPTIVE_ONLY,1305,W/m2,0.0,0.0,0.0,0.0,0.0
autumn,cloudy,22,DESCRIPTIVE_ONLY,1320,W/m2,0.0,0.0,0.0,0.0,0.0
autumn,cloudy,22,DESCRIPTIVE_ONLY,1335,W/m2,0.0,0.0,0.0,0.0,0.0
autumn,cloudy,22,DESCRIPTIVE_ONLY,1350,W/m2,0.0,0.0,0.0,0.0,0.0
autumn,cloudy,22,DESCRIPTIVE_ONLY,1365,W/m2,0.0,0.0,0.0,0.0,0.0
autumn,cloudy,22,DESCRIPTIVE_ONLY,1380,W/m2,0.0,0.0,0.0,0.0,0.0
autumn,cloudy,22,DESCRIPTIVE_ONLY,1395,W/m2,0.0,0.0,0.0,0.0,0.0
autumn,cloudy,22,DESCRIPTIVE_ONLY,1410,W/m2,0.0,0.0,0.0,0.0,0.0
autumn,cloudy,22,DESCRIPTIVE_ONLY,1425,W/m2,0.0,0.0,0.0,0.0,0.0
autumn,rainy,28,DESCRIPTIVE_ONLY,0,W/m2,0.0,0.0,0.0,0.0,0.0
autumn,rainy,28,DESCRIPTIVE_ONLY,15,W/m2,0.0,0.0,0.0,0.0,0.0
autumn,rainy,28,DESCRIPTIVE_ONLY,30,W/m2,0.0,0.0,0.0,0.0,0.0
autumn,rainy,28,DESCRIPTIVE_ONLY,45,W/m2,0.0,0.0,0.0,0.0,0.0
autumn,rainy,28,DESCRIPTIVE_ONLY,60,W/m2,0.0,0.0,0.0,0.0,0.0
autumn,rainy,28,DESCRIPTIVE_ONLY,75,W/m2,0.0,0.0,0.0,0.0,0.0
autumn,rainy,28,DESCRIPTIVE_ONLY,90,W/m2,0.0,0.0,0.0,0.0,0.0
autumn,rainy,28,DESCRIPTIVE_ONLY,105,W/m2,0.0,0.0,0.0,0.0,0.0
autumn,rainy,28,DESCRIPTIVE_ONLY,120,W/m2,0.0,0.0,0.0,0.0,0.0
autumn,rainy,28,DESCRIPTIVE_ONLY,135,W/m2,0.0,0.0,0.0,0.0,0.0
autumn,rainy,28,DESCRIPTIVE_ONLY,150,W/m2,0.0,0.0,0.0,0.0,0.0
autumn,rainy,28,DESCRIPTIVE_ONLY,165,W/m2,0.0,0.0,0.0,0.0,0.0
autumn,rainy,28,DESCRIPTIVE_ONLY,180,W/m2,0.0,0.0,0.0,0.0,0.0
autumn,rainy,28,DESCRIPTIVE_ONLY,195,W/m2,0.0,0.0,0.0,0.0,0.0
autumn,rainy,28,DESCRIPTIVE_ONLY,210,W/m2,0.0,0.0,0.0,0.0,0.0
autumn,rainy,28,DESCRIPTIVE_ONLY,225,W/m2,0.0,0.0,0.0,0.0,0.0
autumn,rainy,28,DESCRIPTIVE_ONLY,240,W/m2,0.0,0.0,0.0,0.0,0.0
autumn,rainy,28,DESCRIPTIVE_ONLY,255,W/m2,0.0,0.0,0.0,0.0,0.0
autumn,rainy,28,DESCRIPTIVE_ONLY,270,W/m2,0.0,0.0,0.0,0.0,0.0
autumn,rainy,28,DESCRIPTIVE_ONLY,285,W/m2,0.0,0.0,0.0,0.0,0.0
autumn,rainy,28,DESCRIPTIVE_ONLY,300,W/m2,0.0,0.0,0.0,0.0,0.0
autumn,rainy,28,DESCRIPTIVE_ONLY,315,W/m2,0.14285714285714285,0.0,0.0,0.0,0.5802884574739972
autumn,rainy,28,DESCRIPTIVE_ONLY,330,W/m2,2.9642857142857144,0.0,0.0,9.600000000000001,5.240516215420159
autumn,rainy,28,DESCRIPTIVE_ONLY,345,W/m2,11.107142857142858,0.0,2.0,31.800000000000004,15.868520692855773
autumn,rainy,28,DESCRIPTIVE_ONLY,360,W/m2,21.571428571428573,0.0,11.5,55.80000000000001,26.790761429253624
autumn,rainy,28,DESCRIPTIVE_ONLY,375,W/m2,37.785714285714285,1.0,20.5,81.30000000000003,38.896710421739435
autumn,rainy,28,DESCRIPTIVE_ONLY,390,W/m2,56.42857142857143,9.7,34.5,131.10000000000002,52.369858132482335
autumn,rainy,28,DESCRIPTIVE_ONLY,405,W/m2,77.35714285714286,15.7,53.5,177.50000000000003,66.61414172344354
autumn,rainy,28,DESCRIPTIVE_ONLY,420,W/m2,100.64285714285714,31.8,70.5,216.20000000000005,78.83763345623454
autumn,rainy,28,DESCRIPTIVE_ONLY,435,W/m2,126.14285714285714,45.5,105.0,302.0,90.92371774723904
autumn,rainy,28,DESCRIPTIVE_ONLY,450,W/m2,147.35714285714286,50.6,110.5,321.70000000000005,99.60070793126002
autumn,rainy,28,DESCRIPTIVE_ONLY,465,W/m2,175.07142857142858,71.3,129.0,409.2,116.33324318262495
autumn,rainy,28,DESCRIPTIVE_ONLY,480,W/m2,203.89285714285714,71.5,151.5,453.7,137.51138635600697
autumn,rainy,28,DESCRIPTIVE_ONLY,495,W/m2,228.35714285714286,69.4,189.0,497.9,149.91359756437666
autumn,rainy,28,DESCRIPTIVE_ONLY,510,W/m2,230.67857142857142,60.4,192.0,465.90000000000003,159.65365495602137
autumn,rainy,28,DESCRIPTIVE_ONLY,525,W/m2,236.64285714285714,51.7,196.5,476.90000000000003,169.55766281831134
autumn,rainy,28,DESCRIPTIVE_ONLY,540,W/m2,252.35714285714286,68.30000000000001,209.0,473.40000000000003,170.02945423109034
autumn,rainy,28,DESCRIPTIVE_ONLY,555,W/m2,283.7857142857143,66.6,207.5,607.8000000000001,205.3928912984049
autumn,rainy,28,DESCRIPTIVE_ONLY,570,W/m2,299.82142857142856,65.9,231.5,643.9000000000001,224.20383798986973
autumn,rainy,28,DESCRIPTIVE_ONLY,585,W/m2,312.89285714285717,77.9,246.0,694.5,227.80620512145128
autumn,rainy,28,DESCRIPTIVE_ONLY,600,W/m2,316.67857142857144,53.1,263.5,692.0,231.18484465457328
autumn,rainy,28,DESCRIPTIVE_ONLY,615,W/m2,303.9642857142857,63.1,256.5,640.1,225.27879269646203
autumn,rainy,28,DESCRIPTIVE_ONLY,630,W/m2,285.7857142857143,59.5,241.0,630.5000000000001,219.86283989648396
autumn,rainy,28,DESCRIPTIVE_ONLY,645,W/m2,276.39285714285717,69.2,209.5,534.1,201.23393268349477
autumn,rainy,28,DESCRIPTIVE_ONLY,660,W/m2,292.2142857142857,87.6,221.5,630.0,205.1353833696276
autumn,rainy,28,DESCRIPTIVE_ONLY,675,W/m2,271.4642857142857,52.0,224.5,592.1,196.4545534764533
autumn,rainy,28,DESCRIPTIVE_ONLY,690,W/m2,262.85714285714283,71.8,236.5,535.8,191.91008204843416
autumn,rainy,28,DESCRIPTIVE_ONLY,705,W/m2,275.92857142857144,69.4,197.5,589.2000000000002,205.2047633413006
autumn,rainy,28,DESCRIPTIVE_ONLY,720,W/m2,291.07142857142856,67.2,188.0,663.6,232.051245659757
autumn,rainy,28,DESCRIPTIVE_ONLY,735,W/m2,285.5,75.5,200.5,651.8000000000001,226.6686537027751
autumn,rainy,28,DESCRIPTIVE_ONLY,750,W/m2,248.75,58.0,165.0,565.7,193.49264013319547
autumn,rainy,28,DESCRIPTIVE_ONLY,765,W/m2,220.75,67.5,125.0,454.3,171.34856391911447
autumn,rainy,28,DESCRIPTIVE_ONLY,780,W/m2,220.25,58.1,135.0,436.80000000000007,163.06935969527987
autumn,rainy,28,DESCRIPTIVE_ONLY,795,W/m2,186.07142857142858,51.0,124.5,403.80000000000007,138.24794717448495
autumn,rainy,28,DESCRIPTIVE_ONLY,810,W/m2,175.35714285714286,52.8,113.5,352.1000000000001,135.96459998462686
autumn,rainy,28,DESCRIPTIVE_ONLY,825,W/m2,155.57142857142858,41.1,97.5,339.9,133.48633653230704
autumn,rainy,28,DESCRIPTIVE_ONLY,840,W/m2,147.82142857142858,33.7,98.5,274.70000000000005,122.76430774089854
autumn,rainy,28,DESCRIPTIVE_ONLY,855,W/m2,145.89285714285714,39.6,90.0,280.2,112.86855163853035
autumn,rainy,28,DESCRIPTIVE_ONLY,870,W/m2,137.21428571428572,33.1,109.0,251.90000000000006,105.77954067063156
autumn,rainy,28,DESCRIPTIVE_ONLY,885,W/m2,138.85714285714286,40.800000000000004,126.0,252.60000000000002,94.77669781639152
autumn,rainy,28,DESCRIPTIVE_ONLY,900,W/m2,125.75,29.8,97.5,249.50000000000003,92.25532311393822
autumn,rainy,28,DESCRIPTIVE_ONLY,915,W/m2,120.07142857142857,33.0,71.5,251.70000000000005,91.50446069198273
autumn,rainy,28,DESCRIPTIVE_ONLY,930,W/m2,100.21428571428571,16.4,66.5,226.5,84.91986018041494
autumn,rainy,28,DESCRIPTIVE_ONLY,945,W/m2,84.96428571428571,21.8,62.5,197.0,75.73849848697309
autumn,rainy,28,DESCRIPTIVE_ONLY,960,W/m2,68.03571428571429,10.7,51.5,147.70000000000002,62.718465122696834
autumn,rainy,28,DESCRIPTIVE_ONLY,975,W/m2,47.392857142857146,4.7,31.0,103.80000000000001,51.63079042982165
autumn,rainy,28,DESCRIPTIVE_ONLY,990,W/m2,32.107142857142854,0.0,15.5,79.60000000000001,39.731544939321275
autumn,rainy,28,DESCRIPTIVE_ONLY,1005,W/m2,20.535714285714285,0.0,8.5,57.6,27.665711298151237
autumn,rainy,28,DESCRIPTIVE_ONLY,1020,W/m2,11.464285714285714,0.0,2.5,38.500000000000014,16.759820453473033
autumn,rainy,28,DESCRIPTIVE_ONLY,1035,W/m2,4.678571428571429,0.0,0.0,15.000000000000007,8.298250983656441
autumn,rainy,28,DESCRIPTIVE_ONLY,1050,W/m2,1.8571428571428572,0.0,0.0,6.300000000000001,3.9974481656094922
autumn,rainy,28,DESCRIPTIVE_ONLY,1065,W/m2,0.2857142857142857,0.0,0.0,0.6000000000000014,0.8390957231764807
autumn,rainy,28,DESCRIPTIVE_ONLY,1080,W/m2,0.0,0.0,0.0,0.0,0.0
autumn,rainy,28,DESCRIPTIVE_ONLY,1095,W/m2,0.0,0.0,0.0,0.0,0.0
autumn,rainy,28,DESCRIPTIVE_ONLY,1110,W/m2,0.0,0.0,0.0,0.0,0.0
autumn,rainy,28,DESCRIPTIVE_ONLY,1125,W/m2,0.0,0.0,0.0,0.0,0.0
autumn,rainy,28,DESCRIPTIVE_ONLY,1140,W/m2,0.0,0.0,0.0,0.0,0.0
autumn,rainy,28,DESCRIPTIVE_ONLY,1155,W/m2,0.0,0.0,0.0,0.0,0.0
autumn,rainy,28,DESCRIPTIVE_ONLY,1170,W/m2,0.0,0.0,0.0,0.0,0.0
autumn,rainy,28,DESCRIPTIVE_ONLY,1185,W/m2,0.0,0.0,0.0,0.0,0.0
autumn,rainy,28,DESCRIPTIVE_ONLY,1200,W/m2,0.0,0.0,0.0,0.0,0.0
autumn,rainy,28,DESCRIPTIVE_ONLY,1215,W/m2,0.0,0.0,0.0,0.0,0.0
autumn,rainy,28,DESCRIPTIVE_ONLY,1230,W/m2,0.0,0.0,0.0,0.0,0.0
autumn,rainy,28,DESCRIPTIVE_ONLY,1245,W/m2,0.0,0.0,0.0,0.0,0.0
autumn,rainy,28,DESCRIPTIVE_ONLY,1260,W/m2,0.0,0.0,0.0,0.0,0.0
autumn,rainy,28,DESCRIPTIVE_ONLY,1275,W/m2,0.0,0.0,0.0,0.0,0.0
autumn,rainy,28,DESCRIPTIVE_ONLY,1290,W/m2,0.0,0.0,0.0,0.0,0.0
autumn,rainy,28,DESCRIPTIVE_ONLY,1305,W/m2,0.0,0.0,0.0,0.0,0.0
autumn,rainy,28,DESCRIPTIVE_ONLY,1320,W/m2,0.0,0.0,0.0,0.0,0.0
autumn,rainy,28,DESCRIPTIVE_ONLY,1335,W/m2,0.0,0.0,0.0,0.0,0.0
autumn,rainy,28,DESCRIPTIVE_ONLY,1350,W/m2,0.0,0.0,0.0,0.0,0.0
autumn,rainy,28,DESCRIPTIVE_ONLY,1365,W/m2,0.0,0.0,0.0,0.0,0.0
autumn,rainy,28,DESCRIPTIVE_ONLY,1380,W/m2,0.0,0.0,0.0,0.0,0.0
autumn,rainy,28,DESCRIPTIVE_ONLY,1395,W/m2,0.0,0.0,0.0,0.0,0.0
autumn,rainy,28,DESCRIPTIVE_ONLY,1410,W/m2,0.0,0.0,0.0,0.0,0.0
autumn,rainy,28,DESCRIPTIVE_ONLY,1425,W/m2,0.0,0.0,0.0,0.0,0.0
winter,sunny,70,DESCRIPTIVE_ONLY,0,W/m2,0.0,0.0,0.0,0.0,0.0
winter,sunny,70,DESCRIPTIVE_ONLY,15,W/m2,0.0,0.0,0.0,0.0,0.0
winter,sunny,70,DESCRIPTIVE_ONLY,30,W/m2,0.0,0.0,0.0,0.0,0.0
winter,sunny,70,DESCRIPTIVE_ONLY,45,W/m2,0.0,0.0,0.0,0.0,0.0
winter,sunny,70,DESCRIPTIVE_ONLY,60,W/m2,0.0,0.0,0.0,0.0,0.0
winter,sunny,70,DESCRIPTIVE_ONLY,75,W/m2,0.0,0.0,0.0,0.0,0.0
winter,sunny,70,DESCRIPTIVE_ONLY,90,W/m2,0.0,0.0,0.0,0.0,0.0
winter,sunny,70,DESCRIPTIVE_ONLY,105,W/m2,0.0,0.0,0.0,0.0,0.0
winter,sunny,70,DESCRIPTIVE_ONLY,120,W/m2,0.0,0.0,0.0,0.0,0.0
winter,sunny,70,DESCRIPTIVE_ONLY,135,W/m2,0.0,0.0,0.0,0.0,0.0
winter,sunny,70,DESCRIPTIVE_ONLY,150,W/m2,0.0,0.0,0.0,0.0,0.0
winter,sunny,70,DESCRIPTIVE_ONLY,165,W/m2,0.0,0.0,0.0,0.0,0.0
winter,sunny,70,DESCRIPTIVE_ONLY,180,W/m2,0.0,0.0,0.0,0.0,0.0
winter,sunny,70,DESCRIPTIVE_ONLY,195,W/m2,0.0,0.0,0.0,0.0,0.0
winter,sunny,70,DESCRIPTIVE_ONLY,210,W/m2,0.0,0.0,0.0,0.0,0.0
winter,sunny,70,DESCRIPTIVE_ONLY,225,W/m2,0.0,0.0,0.0,0.0,0.0
winter,sunny,70,DESCRIPTIVE_ONLY,240,W/m2,0.0,0.0,0.0,0.0,0.0
winter,sunny,70,DESCRIPTIVE_ONLY,255,W/m2,0.0,0.0,0.0,0.0,0.0
winter,sunny,70,DESCRIPTIVE_ONLY,270,W/m2,0.0,0.0,0.0,0.0,0.0
winter,sunny,70,DESCRIPTIVE_ONLY,285,W/m2,0.0,0.0,0.0,0.0,0.0
winter,sunny,70,DESCRIPTIVE_ONLY,300,W/m2,0.0,0.0,0.0,0.0,0.0
winter,sunny,70,DESCRIPTIVE_ONLY,315,W/m2,0.0,0.0,0.0,0.0,0.0
winter,sunny,70,DESCRIPTIVE_ONLY,330,W/m2,0.0,0.0,0.0,0.0,0.0
winter,sunny,70,DESCRIPTIVE_ONLY,345,W/m2,0.0,0.0,0.0,0.0,0.0
winter,sunny,70,DESCRIPTIVE_ONLY,360,W/m2,0.0,0.0,0.0,0.0,0.0
winter,sunny,70,DESCRIPTIVE_ONLY,375,W/m2,0.14285714285714285,0.0,0.0,0.0,0.5678459118386225
winter,sunny,70,DESCRIPTIVE_ONLY,390,W/m2,2.8,0.0,0.0,12.100000000000001,6.314608912219799
winter,sunny,70,DESCRIPTIVE_ONLY,405,W/m2,14.957142857142857,1.0,7.0,45.000000000000014,18.437102122998546
winter,sunny,70,DESCRIPTIVE_ONLY,420,W/m2,41.8,15.0,35.0,94.70000000000002,28.76287289445992
winter,sunny,70,DESCRIPTIVE_ONLY,435,W/m2,79.92857142857143,46.8,68.0,144.5,36.799969498656395
winter,sunny,70,DESCRIPTIVE_ONLY,450,W/m2,120.74285714285715,73.9,105.5,196.2,46.30078237977833
winter,sunny,70,DESCRIPTIVE_ONLY,465,W/m2,162.65714285714284,96.4,150.0,248.0,54.77092182491564
winter,sunny,70,DESCRIPTIVE_ONLY,480,W/m2,206.21428571428572,138.6,195.5,285.1,60.971162470968395
winter,sunny,70,DESCRIPTIVE_ONLY,495,W/m2,248.88571428571427,163.6,238.0,338.1,65.49886429923649
winter,sunny,70,DESCRIPTIVE_ONLY,510,W/m2,294.25714285714287,196.0,284.0,399.2,71.26142729701787
winter,sunny,70,DESCRIPTIVE_ONLY,525,W/m2,338.22857142857146,257.8,328.0,449.2,73.77556146440199
winter,sunny,70,DESCRIPTIVE_ONLY,540,W/m2,376.62857142857143,316.1,366.0,494.3,78.78690453705242
winter,sunny,70,DESCRIPTIVE_ONLY,555,W/m2,415.34285714285716,343.5,399.0,536.3,81.02766471384692
winter,sunny,70,DESCRIPTIVE_ONLY,570,W/m2,452.62857142857143,388.6,433.5,574.3,78.27427445090964
winter,sunny,70,DESCRIPTIVE_ONLY,585,W/m2,484.1714285714286,425.5,464.5,609.2,84.06578570697245
winter,sunny,70,DESCRIPTIVE_ONLY,600,W/m2,511.3142857142857,449.7,493.0,641.1,92.02306277033303
winter,sunny,70,DESCRIPTIVE_ONLY,615,W/m2,534.7285714285714,468.9,513.5,669.0,94.64171859153437
winter,sunny,70,DESCRIPTIVE_ONLY,630,W/m2,559.3571428571429,485.9,533.0,692.1,85.86052405987711
winter,sunny,70,DESCRIPTIVE_ONLY,645,W/m2,576.6285714285714,506.6,548.5,711.2,82.23488509465197
winter,sunny,70,DESCRIPTIVE_ONLY,660,W/m2,585.6428571428571,509.7,556.5,725.4,87.17978725669414
winter,sunny,70,DESCRIPTIVE_ONLY,675,W/m2,596.4,523.0,566.0,735.6,87.33276262990556
winter,sunny,70,DESCRIPTIVE_ONLY,690,W/m2,598.4142857142857,517.9,571.5,741.6,92.73579873677122
winter,sunny,70,DESCRIPTIVE_ONLY,705,W/m2,592.1142857142858,498.9,570.5,743.7,106.01974787168432
winter,sunny,70,DESCRIPTIVE_ONLY,720,W/m2,586.2,443.6,568.0,742.6,106.52667003418172
winter,sunny,70,DESCRIPTIVE_ONLY,735,W/m2,572.7428571428571,483.4,559.0,734.5,117.11711912370768
winter,sunny,70,DESCRIPTIVE_ONLY,750,W/m2,562.0857142857143,455.8,546.5,730.1,120.08957881005125
winter,sunny,70,DESCRIPTIVE_ONLY,765,W/m2,549.3285714285714,445.6,535.5,716.0,114.49088815005216
winter,sunny,70,DESCRIPTIVE_ONLY,780,W/m2,530.7,430.6,515.0,696.1,111.90153196959753
winter,sunny,70,DESCRIPTIVE_ONLY,795,W/m2,495.64285714285717,329.3,491.5,673.1,123.47527638175596
winter,sunny,70,DESCRIPTIVE_ONLY,810,W/m2,466.42857142857144,279.9,464.5,646.2,124.62796882018458
winter,sunny,70,DESCRIPTIVE_ONLY,825,W/m2,440.72857142857146,258.3,434.0,615.3,120.39991948603993
winter,sunny,70,DESCRIPTIVE_ONLY,840,W/m2,399.72857142857146,235.70000000000002,384.0,581.3,120.41202140135006
winter,sunny,70,DESCRIPTIVE_ONLY,855,W/m2,362.4714285714286,207.4,341.5,544.3,116.43645985546567
winter,sunny,70,DESCRIPTIVE_ONLY,870,W/m2,332.1142857142857,209.1,314.5,481.40000000000003,103.98358975711268
winter,sunny,70,DESCRIPTIVE_ONLY,885,W/m2,292.37142857142857,169.7,274.5,438.8,101.44726588283216
winter,sunny,70,DESCRIPTIVE_ONLY,900,W/m2,250.47142857142856,156.1,227.5,392.3,93.26072844122415
winter,sunny,70,DESCRIPTIVE_ONLY,915,W/m2,212.55714285714285,126.10000000000001,186.0,347.40000000000003,87.32936598456047
winter,sunny,70,DESCRIPTIVE_ONLY,930,W/m2,168.24285714285713,88.8,136.5,298.50000000000006,82.63559172903746
winter,sunny,70,DESCRIPTIVE_ONLY,945,W/m2,125.72857142857143,53.8,91.5,242.20000000000005,77.0873199557436
winter,sunny,70,DESCRIPTIVE_ONLY,960,W/m2,86.74285714285715,21.0,68.5,181.30000000000007,67.9980431891317
winter,sunny,70,DESCRIPTIVE_ONLY,975,W/m2,52.785714285714285,3.0,29.0,130.30000000000007,55.81625284478216
winter,sunny,70,DESCRIPTIVE_ONLY,990,W/m2,30.357142857142858,0.0,8.0,91.70000000000005,40.89499994385822
winter,sunny,70,DESCRIPTIVE_ONLY,1005,W/m2,14.285714285714286,0.0,0.0,41.30000000000002,22.979582774493448
winter,sunny,70,DESCRIPTIVE_ONLY,1020,W/m2,4.9,0.0,0.0,17.60000000000001,9.931407611353848
winter,sunny,70,DESCRIPTIVE_ONLY,1035,W/m2,0.6428571428571429,0.0,0.0,1.2000000000000028,1.8441855677136358
winter,sunny,70,DESCRIPTIVE_ONLY,1050,W/m2,0.0,0.0,0.0,0.0,0.0
winter,sunny,70,DESCRIPTIVE_ONLY,1065,W/m2,0.0,0.0,0.0,0.0,0.0
winter,sunny,70,DESCRIPTIVE_ONLY,1080,W/m2,0.0,0.0,0.0,0.0,0.0
winter,sunny,70,DESCRIPTIVE_ONLY,1095,W/m2,0.0,0.0,0.0,0.0,0.0
winter,sunny,70,DESCRIPTIVE_ONLY,1110,W/m2,0.0,0.0,0.0,0.0,0.0
winter,sunny,70,DESCRIPTIVE_ONLY,1125,W/m2,0.0,0.0,0.0,0.0,0.0
winter,sunny,70,DESCRIPTIVE_ONLY,1140,W/m2,0.0,0.0,0.0,0.0,0.0
winter,sunny,70,DESCRIPTIVE_ONLY,1155,W/m2,0.0,0.0,0.0,0.0,0.0
winter,sunny,70,DESCRIPTIVE_ONLY,1170,W/m2,0.0,0.0,0.0,0.0,0.0
winter,sunny,70,DESCRIPTIVE_ONLY,1185,W/m2,0.0,0.0,0.0,0.0,0.0
winter,sunny,70,DESCRIPTIVE_ONLY,1200,W/m2,0.0,0.0,0.0,0.0,0.0
winter,sunny,70,DESCRIPTIVE_ONLY,1215,W/m2,0.0,0.0,0.0,0.0,0.0
winter,sunny,70,DESCRIPTIVE_ONLY,1230,W/m2,0.0,0.0,0.0,0.0,0.0
winter,sunny,70,DESCRIPTIVE_ONLY,1245,W/m2,0.0,0.0,0.0,0.0,0.0
winter,sunny,70,DESCRIPTIVE_ONLY,1260,W/m2,0.0,0.0,0.0,0.0,0.0
winter,sunny,70,DESCRIPTIVE_ONLY,1275,W/m2,0.0,0.0,0.0,0.0,0.0
winter,sunny,70,DESCRIPTIVE_ONLY,1290,W/m2,0.0,0.0,0.0,0.0,0.0
winter,sunny,70,DESCRIPTIVE_ONLY,1305,W/m2,0.0,0.0,0.0,0.0,0.0
winter,sunny,70,DESCRIPTIVE_ONLY,1320,W/m2,0.0,0.0,0.0,0.0,0.0
winter,sunny,70,DESCRIPTIVE_ONLY,1335,W/m2,0.0,0.0,0.0,0.0,0.0
winter,sunny,70,DESCRIPTIVE_ONLY,1350,W/m2,0.0,0.0,0.0,0.0,0.0
winter,sunny,70,DESCRIPTIVE_ONLY,1365,W/m2,0.0,0.0,0.0,0.0,0.0
winter,sunny,70,DESCRIPTIVE_ONLY,1380,W/m2,0.0,0.0,0.0,0.0,0.0
winter,sunny,70,DESCRIPTIVE_ONLY,1395,W/m2,0.0,0.0,0.0,0.0,0.0
winter,sunny,70,DESCRIPTIVE_ONLY,1410,W/m2,0.0,0.0,0.0,0.0,0.0
winter,sunny,70,DESCRIPTIVE_ONLY,1425,W/m2,0.0,0.0,0.0,0.0,0.0
winter,cloudy,10,DESCRIPTIVE_ONLY,0,W/m2,0.0,0.0,0.0,0.0,0.0
winter,cloudy,10,DESCRIPTIVE_ONLY,15,W/m2,0.0,0.0,0.0,0.0,0.0
winter,cloudy,10,DESCRIPTIVE_ONLY,30,W/m2,0.0,0.0,0.0,0.0,0.0
winter,cloudy,10,DESCRIPTIVE_ONLY,45,W/m2,0.0,0.0,0.0,0.0,0.0
winter,cloudy,10,DESCRIPTIVE_ONLY,60,W/m2,0.0,0.0,0.0,0.0,0.0
winter,cloudy,10,DESCRIPTIVE_ONLY,75,W/m2,0.0,0.0,0.0,0.0,0.0
winter,cloudy,10,DESCRIPTIVE_ONLY,90,W/m2,0.0,0.0,0.0,0.0,0.0
winter,cloudy,10,DESCRIPTIVE_ONLY,105,W/m2,0.0,0.0,0.0,0.0,0.0
winter,cloudy,10,DESCRIPTIVE_ONLY,120,W/m2,0.0,0.0,0.0,0.0,0.0
winter,cloudy,10,DESCRIPTIVE_ONLY,135,W/m2,0.0,0.0,0.0,0.0,0.0
winter,cloudy,10,DESCRIPTIVE_ONLY,150,W/m2,0.0,0.0,0.0,0.0,0.0
winter,cloudy,10,DESCRIPTIVE_ONLY,165,W/m2,0.0,0.0,0.0,0.0,0.0
winter,cloudy,10,DESCRIPTIVE_ONLY,180,W/m2,0.0,0.0,0.0,0.0,0.0
winter,cloudy,10,DESCRIPTIVE_ONLY,195,W/m2,0.0,0.0,0.0,0.0,0.0
winter,cloudy,10,DESCRIPTIVE_ONLY,210,W/m2,0.0,0.0,0.0,0.0,0.0
winter,cloudy,10,DESCRIPTIVE_ONLY,225,W/m2,0.0,0.0,0.0,0.0,0.0
winter,cloudy,10,DESCRIPTIVE_ONLY,240,W/m2,0.0,0.0,0.0,0.0,0.0
winter,cloudy,10,DESCRIPTIVE_ONLY,255,W/m2,0.0,0.0,0.0,0.0,0.0
winter,cloudy,10,DESCRIPTIVE_ONLY,270,W/m2,0.0,0.0,0.0,0.0,0.0
winter,cloudy,10,DESCRIPTIVE_ONLY,285,W/m2,0.0,0.0,0.0,0.0,0.0
winter,cloudy,10,DESCRIPTIVE_ONLY,300,W/m2,0.0,0.0,0.0,0.0,0.0
winter,cloudy,10,DESCRIPTIVE_ONLY,315,W/m2,0.0,0.0,0.0,0.0,0.0
winter,cloudy,10,DESCRIPTIVE_ONLY,330,W/m2,0.0,0.0,0.0,0.0,0.0
winter,cloudy,10,DESCRIPTIVE_ONLY,345,W/m2,0.0,0.0,0.0,0.0,0.0
winter,cloudy,10,DESCRIPTIVE_ONLY,360,W/m2,0.0,0.0,0.0,0.0,0.0
winter,cloudy,10,DESCRIPTIVE_ONLY,375,W/m2,0.0,0.0,0.0,0.0,0.0
winter,cloudy,10,DESCRIPTIVE_ONLY,390,W/m2,0.0,0.0,0.0,0.0,0.0
winter,cloudy,10,DESCRIPTIVE_ONLY,405,W/m2,1.1,0.0,1.0,3.0999999999999996,1.3
winter,cloudy,10,DESCRIPTIVE_ONLY,420,W/m2,11.8,7.5,11.5,16.699999999999996,5.075431016179808
winter,cloudy,10,DESCRIPTIVE_ONLY,435,W/m2,30.2,17.9,30.5,39.5,8.692525524840292
winter,cloudy,10,DESCRIPTIVE_ONLY,450,W/m2,48.6,23.9,39.0,81.1,21.615735009478627
winter,cloudy,10,DESCRIPTIVE_ONLY,465,W/m2,74.3,38.7,65.0,127.0,34.14395993437199
winter,cloudy,10,DESCRIPTIVE_ONLY,480,W/m2,94.6,52.7,82.5,173.6,45.84146594514621
winter,cloudy,10,DESCRIPTIVE_ONLY,495,W/m2,118.0,62.2,114.5,191.39999999999998,56.24944444170093
winter,cloudy,10,DESCRIPTIVE_ONLY,510,W/m2,147.8,84.2,140.0,264.2,71.23173450085292
winter,cloudy,10,DESCRIPTIVE_ONLY,525,W/m2,173.6,98.7,159.5,281.7,74.97359535196375
winter,cloudy,10,DESCRIPTIVE_ONLY,540,W/m2,213.3,118.9,207.0,328.7,83.8093670182516
winter,cloudy,10,DESCRIPTIVE_ONLY,555,W/m2,231.9,136.3,224.0,386.6,95.57557219289875
winter,cloudy,10,DESCRIPTIVE_ONLY,570,W/m2,247.2,117.0,214.0,423.3,114.75870337364395
winter,cloudy,10,DESCRIPTIVE_ONLY,585,W/m2,250.4,133.7,223.0,453.0,123.07412400663269
winter,cloudy,10,DESCRIPTIVE_ONLY,600,W/m2,249.4,156.8,192.0,407.79999999999995,114.56282119431242
winter,cloudy,10,DESCRIPTIVE_ONLY,615,W/m2,258.0,160.4,212.0,457.9,122.91216375932855
winter,cloudy,10,DESCRIPTIVE_ONLY,630,W/m2,233.3,124.8,197.0,450.0,134.14622618620325
winter,cloudy,10,DESCRIPTIVE_ONLY,645,W/m2,254.9,134.7,204.0,431.79999999999995,132.38991653445515
winter,cloudy,10,DESCRIPTIVE_ONLY,660,W/m2,249.4,125.7,220.0,409.69999999999993,129.44744107165656
winter,cloudy,10,DESCRIPTIVE_ONLY,675,W/m2,228.2,116.30000000000001,202.0,349.19999999999993,118.62613540025654
winter,cloudy,10,DESCRIPTIVE_ONLY,690,W/m2,247.5,124.7,236.0,390.7,116.67069040680269
winter,cloudy,10,DESCRIPTIVE_ONLY,705,W/m2,262.3,105.4,226.5,436.7,139.84995530925278
winter,cloudy,10,DESCRIPTIVE_ONLY,720,W/m2,258.4,108.80000000000001,196.0,484.59999999999997,147.9001014198435
winter,cloudy,10,DESCRIPTIVE_ONLY,735,W/m2,277.0,105.0,265.0,491.59999999999997,141.8047954055151
winter,cloudy,10,DESCRIPTIVE_ONLY,750,W/m2,278.2,95.4,248.5,500.59999999999997,146.06080925422808
winter,cloudy,10,DESCRIPTIVE_ONLY,765,W/m2,255.0,94.3,247.0,436.7,122.12862072421845
winter,cloudy,10,DESCRIPTIVE_ONLY,780,W/m2,230.3,121.9,229.0,355.2,91.06925935791945
winter,cloudy,10,DESCRIPTIVE_ONLY,795,W/m2,244.4,115.9,235.5,396.7,110.43568263926294
winter,cloudy,10,DESCRIPTIVE_ONLY,810,W/m2,223.8,108.9,187.5,380.7,105.08929536351455
winter,cloudy,10,DESCRIPTIVE_ONLY,825,W/m2,214.9,98.6,179.5,365.0,115.78985275057569
winter,cloudy,10,DESCRIPTIVE_ONLY,840,W/m2,200.0,89.5,172.0,368.4,106.155546251715
winter,cloudy,10,DESCRIPTIVE_ONLY,855,W/m2,183.9,108.7,162.5,266.4,73.17164751459407
winter,cloudy,10,DESCRIPTIVE_ONLY,870,W/m2,172.8,88.8,181.0,235.69999999999996,63.23574938276607
winter,cloudy,10,DESCRIPTIVE_ONLY,885,W/m2,154.0,63.8,161.0,212.89999999999998,59.88822922745337
winter,cloudy,10,DESCRIPTIVE_ONLY,900,W/m2,138.8,61.6,170.0,181.39999999999998,51.96691255019871
winter,cloudy,10,DESCRIPTIVE_ONLY,915,W/m2,106.4,54.6,125.0,151.1,41.735356713462984
winter,cloudy,10,DESCRIPTIVE_ONLY,930,W/m2,82.6,42.5,95.5,111.0,29.455729493597676
winter,cloudy,10,DESCRIPTIVE_ONLY,945,W/m2,52.2,29.900000000000002,53.5,74.6,21.022844717116662
winter,cloudy,10,DESCRIPTIVE_ONLY,960,W/m2,31.5,14.9,25.5,61.199999999999996,19.25227259312521
winter,cloudy,10,DESCRIPTIVE_ONLY,975,W/m2,16.7,2.0,11.0,34.89999999999999,15.665567337316578
winter,cloudy,10,DESCRIPTIVE_ONLY,990,W/m2,5.2,0.0,1.5,14.999999999999996,7.6131465242697125
winter,cloudy,10,DESCRIPTIVE_ONLY,1005,W/m2,0.8,0.0,0.0,3.1999999999999993,1.6613247725836149
winter,cloudy,10,DESCRIPTIVE_ONLY,1020,W/m2,0.0,0.0,0.0,0.0,0.0
winter,cloudy,10,DESCRIPTIVE_ONLY,1035,W/m2,0.0,0.0,0.0,0.0,0.0
winter,cloudy,10,DESCRIPTIVE_ONLY,1050,W/m2,0.0,0.0,0.0,0.0,0.0
winter,cloudy,10,DESCRIPTIVE_ONLY,1065,W/m2,0.0,0.0,0.0,0.0,0.0
winter,cloudy,10,DESCRIPTIVE_ONLY,1080,W/m2,0.0,0.0,0.0,0.0,0.0
winter,cloudy,10,DESCRIPTIVE_ONLY,1095,W/m2,0.0,0.0,0.0,0.0,0.0
winter,cloudy,10,DESCRIPTIVE_ONLY,1110,W/m2,0.0,0.0,0.0,0.0,0.0
winter,cloudy,10,DESCRIPTIVE_ONLY,1125,W/m2,0.0,0.0,0.0,0.0,0.0
winter,cloudy,10,DESCRIPTIVE_ONLY,1140,W/m2,0.0,0.0,0.0,0.0,0.0
winter,cloudy,10,DESCRIPTIVE_ONLY,1155,W/m2,0.0,0.0,0.0,0.0,0.0
winter,cloudy,10,DESCRIPTIVE_ONLY,1170,W/m2,0.0,0.0,0.0,0.0,0.0
winter,cloudy,10,DESCRIPTIVE_ONLY,1185,W/m2,0.0,0.0,0.0,0.0,0.0
winter,cloudy,10,DESCRIPTIVE_ONLY,1200,W/m2,0.0,0.0,0.0,0.0,0.0
winter,cloudy,10,DESCRIPTIVE_ONLY,1215,W/m2,0.0,0.0,0.0,0.0,0.0
winter,cloudy,10,DESCRIPTIVE_ONLY,1230,W/m2,0.0,0.0,0.0,0.0,0.0
winter,cloudy,10,DESCRIPTIVE_ONLY,1245,W/m2,0.0,0.0,0.0,0.0,0.0
winter,cloudy,10,DESCRIPTIVE_ONLY,1260,W/m2,0.0,0.0,0.0,0.0,0.0
winter,cloudy,10,DESCRIPTIVE_ONLY,1275,W/m2,0.0,0.0,0.0,0.0,0.0
winter,cloudy,10,DESCRIPTIVE_ONLY,1290,W/m2,0.0,0.0,0.0,0.0,0.0
winter,cloudy,10,DESCRIPTIVE_ONLY,1305,W/m2,0.0,0.0,0.0,0.0,0.0
winter,cloudy,10,DESCRIPTIVE_ONLY,1320,W/m2,0.0,0.0,0.0,0.0,0.0
winter,cloudy,10,DESCRIPTIVE_ONLY,1335,W/m2,0.0,0.0,0.0,0.0,0.0
winter,cloudy,10,DESCRIPTIVE_ONLY,1350,W/m2,0.0,0.0,0.0,0.0,0.0
winter,cloudy,10,DESCRIPTIVE_ONLY,1365,W/m2,0.0,0.0,0.0,0.0,0.0
winter,cloudy,10,DESCRIPTIVE_ONLY,1380,W/m2,0.0,0.0,0.0,0.0,0.0
winter,cloudy,10,DESCRIPTIVE_ONLY,1395,W/m2,0.0,0.0,0.0,0.0,0.0
winter,cloudy,10,DESCRIPTIVE_ONLY,1410,W/m2,0.0,0.0,0.0,0.0,0.0
winter,cloudy,10,DESCRIPTIVE_ONLY,1425,W/m2,0.0,0.0,0.0,0.0,0.0
winter,rainy,10,DESCRIPTIVE_ONLY,0,W/m2,0.0,0.0,0.0,0.0,0.0
winter,rainy,10,DESCRIPTIVE_ONLY,15,W/m2,0.0,0.0,0.0,0.0,0.0
winter,rainy,10,DESCRIPTIVE_ONLY,30,W/m2,0.0,0.0,0.0,0.0,0.0
winter,rainy,10,DESCRIPTIVE_ONLY,45,W/m2,0.0,0.0,0.0,0.0,0.0
winter,rainy,10,DESCRIPTIVE_ONLY,60,W/m2,0.0,0.0,0.0,0.0,0.0
winter,rainy,10,DESCRIPTIVE_ONLY,75,W/m2,0.0,0.0,0.0,0.0,0.0
winter,rainy,10,DESCRIPTIVE_ONLY,90,W/m2,0.0,0.0,0.0,0.0,0.0
winter,rainy,10,DESCRIPTIVE_ONLY,105,W/m2,0.0,0.0,0.0,0.0,0.0
winter,rainy,10,DESCRIPTIVE_ONLY,120,W/m2,0.0,0.0,0.0,0.0,0.0
winter,rainy,10,DESCRIPTIVE_ONLY,135,W/m2,0.0,0.0,0.0,0.0,0.0
winter,rainy,10,DESCRIPTIVE_ONLY,150,W/m2,0.0,0.0,0.0,0.0,0.0
winter,rainy,10,DESCRIPTIVE_ONLY,165,W/m2,0.0,0.0,0.0,0.0,0.0
winter,rainy,10,DESCRIPTIVE_ONLY,180,W/m2,0.0,0.0,0.0,0.0,0.0
winter,rainy,10,DESCRIPTIVE_ONLY,195,W/m2,0.0,0.0,0.0,0.0,0.0
winter,rainy,10,DESCRIPTIVE_ONLY,210,W/m2,0.0,0.0,0.0,0.0,0.0
winter,rainy,10,DESCRIPTIVE_ONLY,225,W/m2,0.0,0.0,0.0,0.0,0.0
winter,rainy,10,DESCRIPTIVE_ONLY,240,W/m2,0.0,0.0,0.0,0.0,0.0
winter,rainy,10,DESCRIPTIVE_ONLY,255,W/m2,0.0,0.0,0.0,0.0,0.0
winter,rainy,10,DESCRIPTIVE_ONLY,270,W/m2,0.0,0.0,0.0,0.0,0.0
winter,rainy,10,DESCRIPTIVE_ONLY,285,W/m2,0.0,0.0,0.0,0.0,0.0
winter,rainy,10,DESCRIPTIVE_ONLY,300,W/m2,0.0,0.0,0.0,0.0,0.0
winter,rainy,10,DESCRIPTIVE_ONLY,315,W/m2,0.0,0.0,0.0,0.0,0.0
winter,rainy,10,DESCRIPTIVE_ONLY,330,W/m2,0.0,0.0,0.0,0.0,0.0
winter,rainy,10,DESCRIPTIVE_ONLY,345,W/m2,0.0,0.0,0.0,0.0,0.0
winter,rainy,10,DESCRIPTIVE_ONLY,360,W/m2,0.0,0.0,0.0,0.0,0.0
winter,rainy,10,DESCRIPTIVE_ONLY,375,W/m2,0.0,0.0,0.0,0.0,0.0
winter,rainy,10,DESCRIPTIVE_ONLY,390,W/m2,0.3,0.0,0.0,0.29999999999999893,0.9
winter,rainy,10,DESCRIPTIVE_ONLY,405,W/m2,3.6,0.0,0.0,9.799999999999994,7.825599018605541
winter,rainy,10,DESCRIPTIVE_ONLY,420,W/m2,16.6,5.9,6.5,42.39999999999999,21.157504578754082
winter,rainy,10,DESCRIPTIVE_ONLY,435,W/m2,35.6,13.8,20.5,85.6,33.755592129305036
winter,rainy,10,DESCRIPTIVE_ONLY,450,W/m2,45.9,16.0,24.0,136.2,48.254429848460546
winter,rainy,10,DESCRIPTIVE_ONLY,465,W/m2,68.6,35.6,40.5,178.5,56.36168911592342
winter,rainy,10,DESCRIPTIVE_ONLY,480,W/m2,87.2,49.6,67.5,165.39999999999998,57.32154917655314
winter,rainy,10,DESCRIPTIVE_ONLY,495,W/m2,114.8,56.7,94.0,215.99999999999997,68.75434531722341
winter,rainy,10,DESCRIPTIVE_ONLY,510,W/m2,134.2,53.7,110.0,262.09999999999997,86.3513752061888
winter,rainy,10,DESCRIPTIVE_ONLY,525,W/m2,162.9,80.2,145.5,306.2,94.45363942167607
winter,rainy,10,DESCRIPTIVE_ONLY,540,W/m2,165.1,67.0,113.5,371.7,117.97749785446375
winter,rainy,10,DESCRIPTIVE_ONLY,555,W/m2,188.1,73.0,118.5,456.5,146.29043030902602
winter,rainy,10,DESCRIPTIVE_ONLY,570,W/m2,204.2,81.2,150.5,493.59999999999997,159.23366478229408
winter,rainy,10,DESCRIPTIVE_ONLY,585,W/m2,218.8,57.4,166.5,526.8,174.4005733935528
winter,rainy,10,DESCRIPTIVE_ONLY,600,W/m2,223.3,70.4,149.0,555.9,183.1704397548906
winter,rainy,10,DESCRIPTIVE_ONLY,615,W/m2,238.3,67.5,191.5,581.9,188.96086896497908
winter,rainy,10,DESCRIPTIVE_ONLY,630,W/m2,252.8,85.6,180.5,603.9,193.993711238277
winter,rainy,10,DESCRIPTIVE_ONLY,645,W/m2,284.1,140.7,204.5,622.0,187.01788684508227
winter,rainy,10,DESCRIPTIVE_ONLY,660,W/m2,283.5,128.0,203.5,636.0,195.18926712296454
winter,rainy,10,DESCRIPTIVE_ONLY,675,W/m2,310.7,92.6,227.0,646.0,216.3636059969421
winter,rainy,10,DESCRIPTIVE_ONLY,690,W/m2,306.3,66.2,214.0,642.6,216.17356452628522
winter,rainy,10,DESCRIPTIVE_ONLY,705,W/m2,296.5,99.9,289.0,513.9,176.51699634879355
winter,rainy,10,DESCRIPTIVE_ONLY,720,W/m2,238.8,98.0,198.5,355.3999999999999,156.4358015289339
winter,rainy,10,DESCRIPTIVE_ONLY,735,W/m2,194.3,85.1,155.0,308.6999999999999,158.40457695407667
winter,rainy,10,DESCRIPTIVE_ONLY,750,W/m2,194.8,87.5,156.5,307.4999999999999,129.74112686422913
winter,rainy,10,DESCRIPTIVE_ONLY,765,W/m2,216.1,94.5,166.5,392.3,122.56789954959659
winter,rainy,10,DESCRIPTIVE_ONLY,780,W/m2,197.8,107.30000000000001,146.5,333.4,113.57446896199868
winter,rainy,10,DESCRIPTIVE_ONLY,795,W/m2,161.3,82.9,119.0,274.29999999999995,100.88612392197452
winter,rainy,10,DESCRIPTIVE_ONLY,810,W/m2,145.0,61.7,138.0,247.29999999999998,76.0920495189872
winter,rainy,10,DESCRIPTIVE_ONLY,825,W/m2,146.0,99.9,122.5,254.0,69.53847855683931
winter,rainy,10,DESCRIPTIVE_ONLY,840,W/m2,155.6,96.0,134.5,241.29999999999995,88.0592982029723
winter,rainy,10,DESCRIPTIVE_ONLY,855,W/m2,156.8,71.1,135.5,265.59999999999997,88.50288130902858
winter,rainy,10,DESCRIPTIVE_ONLY,870,W/m2,151.2,63.4,132.5,228.99999999999994,85.44331454244973
winter,rainy,10,DESCRIPTIVE_ONLY,885,W/m2,133.1,50.4,115.5,223.89999999999995,81.77585218143557
winter,rainy,10,DESCRIPTIVE_ONLY,900,W/m2,122.8,44.4,91.5,212.49999999999997,80.80074257084523
winter,rainy,10,DESCRIPTIVE_ONLY,915,W/m2,89.5,27.8,66.5,145.99999999999997,64.94189710810734
winter,rainy,10,DESCRIPTIVE_ONLY,930,W/m2,66.5,11.8,51.0,133.39999999999998,58.34080904478442
winter,rainy,10,DESCRIPTIVE_ONLY,945,W/m2,56.3,9.6,34.0,135.2,53.0547830077553
winter,rainy,10,DESCRIPTIVE_ONLY,960,W/m2,40.5,7.9,18.0,113.39999999999999,43.69954233169954
winter,rainy,10,DESCRIPTIVE_ONLY,975,W/m2,22.8,2.0,9.5,68.6,29.77851574541619
winter,rainy,10,DESCRIPTIVE_ONLY,990,W/m2,13.2,0.0,0.5,29.599999999999984,21.39532659250613
winter,rainy,10,DESCRIPTIVE_ONLY,1005,W/m2,5.4,0.0,0.0,11.399999999999991,9.789790600416334
winter,rainy,10,DESCRIPTIVE_ONLY,1020,W/m2,1.4,0.0,0.0,1.399999999999995,4.2
winter,rainy,10,DESCRIPTIVE_ONLY,1035,W/m2,0.0,0.0,0.0,0.0,0.0
winter,rainy,10,DESCRIPTIVE_ONLY,1050,W/m2,0.0,0.0,0.0,0.0,0.0
winter,rainy,10,DESCRIPTIVE_ONLY,1065,W/m2,0.0,0.0,0.0,0.0,0.0
winter,rainy,10,DESCRIPTIVE_ONLY,1080,W/m2,0.0,0.0,0.0,0.0,0.0
winter,rainy,10,DESCRIPTIVE_ONLY,1095,W/m2,0.0,0.0,0.0,0.0,0.0
winter,rainy,10,DESCRIPTIVE_ONLY,1110,W/m2,0.0,0.0,0.0,0.0,0.0
winter,rainy,10,DESCRIPTIVE_ONLY,1125,W/m2,0.0,0.0,0.0,0.0,0.0
winter,rainy,10,DESCRIPTIVE_ONLY,1140,W/m2,0.0,0.0,0.0,0.0,0.0
winter,rainy,10,DESCRIPTIVE_ONLY,1155,W/m2,0.0,0.0,0.0,0.0,0.0
winter,rainy,10,DESCRIPTIVE_ONLY,1170,W/m2,0.0,0.0,0.0,0.0,0.0
winter,rainy,10,DESCRIPTIVE_ONLY,1185,W/m2,0.0,0.0,0.0,0.0,0.0
winter,rainy,10,DESCRIPTIVE_ONLY,1200,W/m2,0.0,0.0,0.0,0.0,0.0
winter,rainy,10,DESCRIPTIVE_ONLY,1215,W/m2,0.0,0.0,0.0,0.0,0.0
winter,rainy,10,DESCRIPTIVE_ONLY,1230,W/m2,0.0,0.0,0.0,0.0,0.0
winter,rainy,10,DESCRIPTIVE_ONLY,1245,W/m2,0.0,0.0,0.0,0.0,0.0
winter,rainy,10,DESCRIPTIVE_ONLY,1260,W/m2,0.0,0.0,0.0,0.0,0.0
winter,rainy,10,DESCRIPTIVE_ONLY,1275,W/m2,0.0,0.0,0.0,0.0,0.0
winter,rainy,10,DESCRIPTIVE_ONLY,1290,W/m2,0.0,0.0,0.0,0.0,0.0
winter,rainy,10,DESCRIPTIVE_ONLY,1305,W/m2,0.0,0.0,0.0,0.0,0.0
winter,rainy,10,DESCRIPTIVE_ONLY,1320,W/m2,0.0,0.0,0.0,0.0,0.0
winter,rainy,10,DESCRIPTIVE_ONLY,1335,W/m2,0.0,0.0,0.0,0.0,0.0
winter,rainy,10,DESCRIPTIVE_ONLY,1350,W/m2,0.0,0.0,0.0,0.0,0.0
winter,rainy,10,DESCRIPTIVE_ONLY,1365,W/m2,0.0,0.0,0.0,0.0,0.0
winter,rainy,10,DESCRIPTIVE_ONLY,1380,W/m2,0.0,0.0,0.0,0.0,0.0
winter,rainy,10,DESCRIPTIVE_ONLY,1395,W/m2,0.0,0.0,0.0,0.0,0.0
winter,rainy,10,DESCRIPTIVE_ONLY,1410,W/m2,0.0,0.0,0.0,0.0,0.0
winter,rainy,10,DESCRIPTIVE_ONLY,1425,W/m2,0.0,0.0,0.0,0.0,0.0
