date,season,weather_class,label_kind,classification_version,source,daylight_clearsky_ratio,precipitation_mm,daylight_precipitation_mm,possible_solid_precipitation_mm,quality_flag,exclusion_reason,flags,daily_irradiation_kwh_m2
2025-01-01,winter,sunny,research_weather_proxy_from_estimated_actuals,solcast_daylight_precip_clearsky_v1,https://docs.solcast.com.au/docs/output-parameters,0.997073997073997,0.0,0.0,0.0,accepted,,[],3.24
2025-01-02,winter,sunny,research_weather_proxy_from_estimated_actuals,solcast_daylight_precip_clearsky_v1,https://docs.solcast.com.au/docs/output-parameters,0.9832950676906025,0.0,0.0,0.0,accepted,,[],3.108
2025-01-03,winter,rainy,research_weather_proxy_from_estimated_actuals,solcast_daylight_precip_clearsky_v1,https://docs.solcast.com.au/docs/output-parameters,0.4395793970262055,1.9000000000000001,1.075,0.0,accepted,,[],1.34375
2025-01-04,winter,sunny,research_weather_proxy_from_estimated_actuals,solcast_daylight_precip_clearsky_v1,https://docs.solcast.com.au/docs/output-parameters,0.9922629079209437,0.7000000000000001,0.0,0.0,accepted,,[],3.24275
2025-01-05,winter,sunny,research_weather_proxy_from_estimated_actuals,solcast_daylight_precip_clearsky_v1,https://docs.solcast.com.au/docs/output-parameters,0.9444177863083814,0.0,0.0,0.0,accepted,,[],2.95675
2025-01-06,winter,rainy,research_weather_proxy_from_estimated_actuals,solcast_daylight_precip_clearsky_v1,https://docs.solcast.com.au/docs/output-parameters,0.5122304610926447,26.0,2.6,0.0,accepted,,[],1.5045
2025-01-07,winter,cloudy,research_weather_proxy_from_estimated_actuals,solcast_daylight_precip_clearsky_v1,https://docs.solcast.com.au/docs/output-parameters,0.6915917337119419,0.6000000000000001,0.6000000000000001,0.0,accepted,,[],2.1945
2025-01-08,winter,sunny,research_weather_proxy_from_estimated_actuals,solcast_daylight_precip_clearsky_v1,https://docs.solcast.com.au/docs/output-parameters,0.8663093530610705,0.0,0.0,0.0,accepted,,[],2.8745
2025-01-09,winter,sunny,research_weather_proxy_from_estimated_actuals,solcast_daylight_precip_clearsky_v1,https://docs.solcast.com.au/docs/output-parameters,0.9927721728655323,0.0,0.0,0.0,accepted,,[],3.30175
2025-01-10,winter,sunny,research_weather_proxy_from_estimated_actuals,solcast_daylight_precip_clearsky_v1,https://docs.solcast.com.au/docs/output-parameters,0.9959721713658001,0.0,0.0,0.0,accepted,,[],3.40475
2025-01-11,winter,sunny,research_weather_proxy_from_estimated_actuals,solcast_daylight_precip_clearsky_v1,https://docs.solcast.com.au/docs/output-parameters,0.995044454161201,0.0,0.0,0.0,accepted,,[],3.415
2025-01-12,winter,cloudy,research_weather_proxy_from_estimated_actuals,solcast_daylight_precip_clearsky_v1,https://docs.solcast.com.au/docs/output-parameters,0.589526887066037,0.8,0.8,0.0,accepted,,[],1.77975
2025-01-13,winter,sunny,research_weather_proxy_from_estimated_actuals,solcast_daylight_precip_clearsky_v1,https://docs.solcast.com.au/docs/output-parameters,0.99898536019713,0.0,0.0,0.0,accepted,,[],3.44825
2025-01-14,winter,sunny,research_weather_proxy_from_estimated_actuals,solcast_daylight_precip_clearsky_v1,https://docs.solcast.com.au/docs/output-parameters,0.9901561690474429,0.0,0.0,0.0,accepted,,[],3.34625
2025-01-15,winter,sunny,research_weather_proxy_from_estimated_actuals,solcast_daylight_precip_clearsky_v1,https://docs.solcast.com.au/docs/output-parameters,0.9303434343434344,0.0,0.0,0.0,accepted,,[],2.88275
2025-01-16,winter,cloudy,research_weather_proxy_from_estimated_actuals,solcast_daylight_precip_clearsky_v1,https://docs.solcast.com.au/docs/output-parameters,0.49174845510723375,0.0,0.0,0.0,accepted,,[],1.69325
2025-01-17,winter,sunny,research_weather_proxy_from_estimated_actuals,solcast_daylight_precip_clearsky_v1,https://docs.solcast.com.au/docs/output-parameters,0.9992896213681892,0.0,0.0,0.0,accepted,,[],3.52
2025-01-18,winter,sunny,research_weather_proxy_from_estimated_actuals,solcast_daylight_precip_clearsky_v1,https://docs.solcast.com.au/docs/output-parameters,0.9982380717457185,0.0,0.0,0.0,accepted,,[],3.54425
2025-01-19,winter,cloudy,research_weather_proxy_from_estimated_actuals,solcast_daylight_precip_clearsky_v1,https://docs.solcast.com.au/docs/output-parameters,0.6482912332838039,0.30000000000000004,0.2,0.0,accepted,,[],2.1822500000000002
2025-01-20,winter,sunny,research_weather_proxy_from_estimated_actuals,solcast_daylight_precip_clearsky_v1,https://docs.solcast.com.au/docs/output-parameters,0.9211541314345053,3.0,0.30000000000000004,0.0,accepted,,"[""precipitation_predominantly_outside_daylight""]",3.108
2025-01-21,winter,sunny,research_weather_proxy_from_estimated_actuals,solcast_daylight_precip_clearsky_v1,https://docs.solcast.com.au/docs/output-parameters,0.8217065981407301,0.8,0.17500000000000002,0.0,accepted,,[],2.72225
2025-01-22,winter,sunny,research_weather_proxy_from_estimated_actuals,solcast_daylight_precip_clearsky_v1,https://docs.solcast.com.au/docs/output-parameters,0.996141975308642,0.0,0.0,0.0,accepted,,[],3.551
2025-01-23,winter,sunny,research_weather_proxy_from_estimated_actuals,solcast_daylight_precip_clearsky_v1,https://docs.solcast.com.au/docs/output-parameters,0.9760559190957763,0.0,0.0,0.0,accepted,,[],3.282
2025-01-24,winter,sunny,research_weather_proxy_from_estimated_actuals,solcast_daylight_precip_clearsky_v1,https://docs.solcast.com.au/docs/output-parameters,0.9992074356942143,1.7,0.0,0.0,accepted,,"[""precipitation_predominantly_outside_daylight""]",3.468
2025-01-25,winter,rainy,research_weather_proxy_from_estimated_actuals,solcast_daylight_precip_clearsky_v1,https://docs.solcast.com.au/docs/output-parameters,0.5761398069198788,3.6,1.4000000000000001,0.0,accepted,,[],2.045
2025-01-26,winter,sunny,research_weather_proxy_from_estimated_actuals,solcast_daylight_precip_clearsky_v1,https://docs.solcast.com.au/docs/output-parameters,0.9992222438265603,0.0,0.0,0.0,accepted,,[],3.8565
2025-01-27,winter,cloudy,research_weather_proxy_from_estimated_actuals,solcast_daylight_precip_clearsky_v1,https://docs.solcast.com.au/docs/output-parameters,0.6961215788749828,0.1,0.0,0.0,accepted,,[],2.53225
2025-01-28,winter,sunny,research_weather_proxy_from_estimated_actuals,solcast_daylight_precip_clearsky_v1,https://docs.solcast.com.au/docs/output-parameters,0.9076217079010375,0.8,0.0,0.0,accepted,,[],3.4135
2025-01-29,winter,sunny,research_weather_proxy_from_estimated_actuals,solcast_daylight_precip_clearsky_v1,https://docs.solcast.com.au/docs/output-parameters,0.9907889721763435,0.0,0.0,0.0,accepted,,[],3.90275
2025-01-30,winter,sunny,research_weather_proxy_from_estimated_actuals,solcast_daylight_precip_clearsky_v1,https://docs.solcast.com.au/docs/output-parameters,0.9992379984759969,0.0,0.0,0.0,accepted,,[],3.938
2025-01-31,winter,sunny,research_weather_proxy_from_estimated_actuals,solcast_daylight_precip_clearsky_v1,https://docs.solcast.com.au/docs/output-parameters,0.9838822704975473,0.0,0.0,0.0,accepted,,[],3.865
2025-02-01,winter,sunny,research_weather_proxy_from_estimated_actuals,solcast_daylight_precip_clearsky_v1,https://docs.solcast.com.au/docs/output-parameters,0.9108910891089109,0.30000000000000004,0.0,0.0,accepted,,[],3.429
2025-02-02,winter,rainy,research_weather_proxy_from_estimated_actuals,solcast_daylight_precip_clearsky_v1,https://docs.solcast.com.au/docs/output-parameters,0.30710326721120185,7.8,4.8,0.0,accepted,,[],1.05475
2025-02-03,winter,cloudy,research_weather_proxy_from_estimated_actuals,solcast_daylight_precip_clearsky_v1,https://docs.solcast.com.au/docs/output-parameters,0.43316528137348415,0.0,0.0,0.0,accepted,,[],1.591
2025-02-04,winter,rainy,research_weather_proxy_from_estimated_actuals,solcast_daylight_precip_clearsky_v1,https://docs.solcast.com.au/docs/output-parameters,0.7533246737180677,2.5,1.9500000000000002,0.0,accepted,,"[""mixed_daylight_sun_and_precipitation""]",3.049
2025-02-05,winter,sunny,research_weather_proxy_from_estimated_actuals,solcast_daylight_precip_clearsky_v1,https://docs.solcast.com.au/docs/output-parameters,0.8450695848697514,0.0,0.0,0.0,accepted,,[],3.55625
2025-02-06,winter,sunny,research_weather_proxy_from_estimated_actuals,solcast_daylight_precip_clearsky_v1,https://docs.solcast.com.au/docs/output-parameters,0.9870076425631982,0.0,0.0,0.0,accepted,,[],4.2015
2025-02-07,winter,sunny,research_weather_proxy_from_estimated_actuals,solcast_daylight_precip_clearsky_v1,https://docs.solcast.com.au/docs/output-parameters,0.9387803858328854,0.0,0.0,0.0,accepted,,[],3.9345
2025-02-08,winter,sunny,research_weather_proxy_from_estimated_actuals,solcast_daylight_precip_clearsky_v1,https://docs.solcast.com.au/docs/output-parameters,0.9879758377023022,0.1,0.0,0.0,accepted,,[],4.33925
2025-02-09,winter,sunny,research_weather_proxy_from_estimated_actuals,solcast_daylight_precip_clearsky_v1,https://docs.solcast.com.au/docs/output-parameters,0.9960125800292037,0.0,0.0,0.0,accepted,,[],4.43525
2025-02-10,winter,sunny,research_weather_proxy_from_estimated_actuals,solcast_daylight_precip_clearsky_v1,https://docs.solcast.com.au/docs/output-parameters,0.9962852897473997,0.0,0.0,0.0,accepted,,[],4.35975
2025-02-11,winter,sunny,research_weather_proxy_from_estimated_actuals,solcast_daylight_precip_clearsky_v1,https://docs.solcast.com.au/docs/output-parameters,0.996395097332372,0.1,0.0,0.0,accepted,,[],4.49375
2025-02-12,winter,sunny,research_weather_proxy_from_estimated_actuals,solcast_daylight_precip_clearsky_v1,https://docs.solcast.com.au/docs/output-parameters,0.8665108123904149,0.5,0.0,0.0,accepted,,[],3.7085
2025-02-13,winter,sunny,research_weather_proxy_from_estimated_actuals,solcast_daylight_precip_clearsky_v1,https://docs.solcast.com.au/docs/output-parameters,0.9960369881109643,1.2000000000000002,0.0,0.0,accepted,,"[""precipitation_predominantly_outside_daylight""]",4.5272499999999996
2025-02-14,winter,sunny,research_weather_proxy_from_estimated_actuals,solcast_daylight_precip_clearsky_v1,https://docs.solcast.com.au/docs/output-parameters,0.9944450495588716,0.0,0.0,0.0,accepted,,[],4.5685
2025-02-15,winter,sunny,research_weather_proxy_from_estimated_actuals,solcast_daylight_precip_clearsky_v1,https://docs.solcast.com.au/docs/output-parameters,0.9964773227653017,0.0,0.0,0.0,accepted,,[],4.52925
2025-02-16,winter,sunny,research_weather_proxy_from_estimated_actuals,solcast_daylight_precip_clearsky_v1,https://docs.solcast.com.au/docs/output-parameters,0.854681084832013,0.0,0.0,0.0,accepted,,[],3.69675
2025-02-17,winter,rainy,research_weather_proxy_from_estimated_actuals,solcast_daylight_precip_clearsky_v1,https://docs.solcast.com.au/docs/output-parameters,0.623151197187029,1.4,1.4,0.0,accepted,,[],2.7955
2025-02-18,winter,sunny,research_weather_proxy_from_estimated_actuals,solcast_daylight_precip_clearsky_v1,https://docs.solcast.com.au/docs/output-parameters,0.8195575036526821,0.5,0.15000000000000002,0.0,accepted,,[],3.928
2025-02-19,winter,sunny,research_weather_proxy_from_estimated_actuals,solcast_daylight_precip_clearsky_v1,https://docs.solcast.com.au/docs/output-parameters,0.9979352369441506,0.0,0.0,0.0,accepted,,[],4.95725
2025-02-20,winter,sunny,research_weather_proxy_from_estimated_actuals,solcast_daylight_precip_clearsky_v1,https://docs.solcast.com.au/docs/output-parameters,0.9741144414168937,0.0,0.0,0.0,accepted,,[],4.83025
2025-02-21,winter,sunny,research_weather_proxy_from_estimated_actuals,solcast_daylight_precip_clearsky_v1,https://docs.solcast.com.au/docs/output-parameters,0.9539456925976871,0.0,0.0,0.0,accepted,,[],4.6855
2025-02-22,winter,sunny,research_weather_proxy_from_estimated_actuals,solcast_daylight_precip_clearsky_v1,https://docs.solcast.com.au/docs/output-parameters,0.780431194553332,0.6,0.6,0.0,accepted,,[],3.7855
2025-02-23,winter,sunny,research_weather_proxy_from_estimated_actuals,solcast_daylight_precip_clearsky_v1,https://docs.solcast.com.au/docs/output-parameters,0.9305706120035478,0.30000000000000004,0.2,0.0,accepted,,[],4.72225
2025-02-24,winter,sunny,research_weather_proxy_from_estimated_actuals,solcast_daylight_precip_clearsky_v1,https://docs.solcast.com.au/docs/output-parameters,0.9995119332324662,0.0,0.0,0.0,accepted,,[],5.12125
2025-02-25,winter,sunny,research_weather_proxy_from_estimated_actuals,solcast_daylight_precip_clearsky_v1,https://docs.solcast.com.au/docs/output-parameters,0.9999042924821745,0.0,0.0,0.0,accepted,,[],5.22625
2025-02-26,winter,sunny,research_weather_proxy_from_estimated_actuals,solcast_daylight_precip_clearsky_v1,https://docs.solcast.com.au/docs/output-parameters,0.9981692231568531,0.0,0.0,0.0,accepted,,[],5.045
2025-02-27,winter,sunny,research_weather_proxy_from_estimated_actuals,solcast_daylight_precip_clearsky_v1,https://docs.solcast.com.au/docs/output-parameters,0.9985583853916387,0.0,0.0,0.0,accepted,,[],5.19775
2025-02-28,winter,sunny,research_weather_proxy_from_estimated_actuals,solcast_daylight_precip_clearsky_v1,https://docs.solcast.com.au/docs/output-parameters,0.9674673152934022,0.0,0.0,0.0,accepted,,[],4.77525
2025-03-01,spring,sunny,research_weather_proxy_from_estimated_actuals,solcast_daylight_precip_clearsky_v1,https://docs.solcast.com.au/docs/output-parameters,0.9938915014301644,0.0,0.0,0.0,accepted,,[],5.12775
2025-03-02,spring,sunny,research_weather_proxy_from_estimated_actuals,solcast_daylight_precip_clearsky_v1,https://docs.solcast.com.au/docs/output-parameters,0.8118489914130379,0.0,0.0,0.0,accepted,,[],3.9975
2025-03-03,spring,unresolved,research_weather_proxy_from_estimated_actuals,solcast_daylight_precip_clearsky_v1,https://docs.solcast.com.au/docs/output-parameters,0.1495076618306823,28.4,23.625,2.7750000000000004,excluded,solid_precipitation_unresolved_from_temperature_proxy,[],0.64375
2025-03-04,spring,rainy,research_weather_proxy_from_estimated_actuals,solcast_daylight_precip_clearsky_v1,https://docs.solcast.com.au/docs/output-parameters,0.282023469085889,11.1,1.825,0.0,accepted,,[],1.43125
2025-03-05,spring,rainy,research_weather_proxy_from_estimated_actuals,solcast_daylight_precip_clearsky_v1,https://docs.solcast.com.au/docs/output-parameters,0.2730457411670503,8.2,4.125,0.0,accepted,,[],1.3655
2025-03-06,spring,cloudy,research_weather_proxy_from_estimated_actuals,solcast_daylight_precip_clearsky_v1,https://docs.solcast.com.au/docs/output-parameters,0.28603008313710415,0.9,0.0,0.0,accepted,,[],1.4885
2025-03-07,spring,sunny,research_weather_proxy_from_estimated_actuals,solcast_daylight_precip_clearsky_v1,https://docs.solcast.com.au/docs/output-parameters,0.9990175939983924,0.1,0.0,0.0,accepted,,[],5.59325
2025-03-08,spring,rainy,research_weather_proxy_from_estimated_actuals,solcast_daylight_precip_clearsky_v1,https://docs.solcast.com.au/docs/output-parameters,0.2813384060091698,8.3,2.0,0.0,accepted,,[],1.444
2025-03-09,spring,sunny,research_weather_proxy_from_estimated_actuals,solcast_daylight_precip_clearsky_v1,https://docs.solcast.com.au/docs/output-parameters,0.9917660292463442,0.0,0.0,0.0,accepted,,[],5.51125
2025-03-10,spring,sunny,research_weather_proxy_from_estimated_actuals,solcast_daylight_precip_clearsky_v1,https://docs.solcast.com.au/docs/output-parameters,0.9981338425483899,0.0,0.0,0.0,accepted,,[],5.751
2025-03-11,spring,cloudy,research_weather_proxy_from_estimated_actuals,solcast_daylight_precip_clearsky_v1,https://docs.solcast.com.au/docs/output-parameters,0.3440267025172686,0.7000000000000001,0.25,0.0,accepted,,[],1.85575
2025-03-12,spring,rainy,research_weather_proxy_from_estimated_actuals,solcast_daylight_precip_clearsky_v1,https://docs.solcast.com.au/docs/output-parameters,0.40101498539761576,12.6,6.1,0.0,accepted,,[],2.095
2025-03-13,spring,sunny,research_weather_proxy_from_estimated_actuals,solcast_daylight_precip_clearsky_v1,https://docs.solcast.com.au/docs/output-parameters,0.8861829251669772,0.0,0.0,0.0,accepted,,[],4.8775
2025-03-14,spring,sunny,research_weather_proxy_from_estimated_actuals,solcast_daylight_precip_clearsky_v1,https://docs.solcast.com.au/docs/output-parameters,0.9644483362521892,0.0,0.0,0.0,accepted,,[],5.5095
2025-03-15,spring,rainy,research_weather_proxy_from_estimated_actuals,solcast_daylight_precip_clearsky_v1,https://docs.solcast.com.au/docs/output-parameters,0.32812009858839347,1.7,1.2,0.0,accepted,,[],1.83175
2025-03-16,spring,rainy,research_weather_proxy_from_estimated_actuals,solcast_daylight_precip_clearsky_v1,https://docs.solcast.com.au/docs/output-parameters,0.20436768096939006,22.1,15.674999999999999,0.0,accepted,,[],1.13075
2025-03-17,spring,sunny,research_weather_proxy_from_estimated_actuals,solcast_daylight_precip_clearsky_v1,https://docs.solcast.com.au/docs/output-parameters,0.7992881973183248,0.8,0.2,0.0,accepted,,[],4.8335
2025-03-18,spring,sunny,research_weather_proxy_from_estimated_actuals,solcast_daylight_precip_clearsky_v1,https://docs.solcast.com.au/docs/output-parameters,0.889055036344756,1.7000000000000002,0.25,0.0,accepted,,"[""precipitation_predominantly_outside_daylight""]",5.3525
2025-03-19,spring,rainy,research_weather_proxy_from_estimated_actuals,solcast_daylight_precip_clearsky_v1,https://docs.solcast.com.au/docs/output-parameters,0.4807659501876493,27.4,14.8,0.0,accepted,,[],2.82075
2025-03-20,spring,sunny,research_weather_proxy_from_estimated_actuals,solcast_daylight_precip_clearsky_v1,https://docs.solcast.com.au/docs/output-parameters,0.9833353705740945,0.0,0.0,0.0,accepted,,[],6.03575
2025-03-21,spring,sunny,research_weather_proxy_from_estimated_actuals,solcast_daylight_precip_clearsky_v1,https://docs.solcast.com.au/docs/output-parameters,0.9997910834412735,0.0,0.0,0.0,accepted,,[],5.98575
2025-03-22,spring,sunny,research_weather_proxy_from_estimated_actuals,solcast_daylight_precip_clearsky_v1,https://docs.solcast.com.au/docs/output-parameters,0.9997517172887528,0.0,0.0,0.0,accepted,,[],6.04425
2025-03-23,spring,sunny,research_weather_proxy_from_estimated_actuals,solcast_daylight_precip_clearsky_v1,https://docs.solcast.com.au/docs/output-parameters,0.9845838046164802,0.0,0.0,0.0,accepted,,[],5.88025
2025-03-24,spring,cloudy,research_weather_proxy_from_estimated_actuals,solcast_daylight_precip_clearsky_v1,https://docs.solcast.com.au/docs/output-parameters,0.5667276867437603,0.0,0.0,0.0,accepted,,[],3.1775
2025-03-25,spring,sunny,research_weather_proxy_from_estimated_actuals,solcast_daylight_precip_clearsky_v1,https://docs.solcast.com.au/docs/output-parameters,0.9927779210729946,0.0,0.0,0.0,accepted,,[],5.775
2025-03-26,spring,sunny,research_weather_proxy_from_estimated_actuals,solcast_daylight_precip_clearsky_v1,https://docs.solcast.com.au/docs/output-parameters,0.9896096487653818,0.0,0.0,0.0,accepted,,[],6.074
2025-03-27,spring,sunny,research_weather_proxy_from_estimated_actuals,solcast_daylight_precip_clearsky_v1,https://docs.solcast.com.au/docs/output-parameters,0.8825580906760788,0.0,0.0,0.0,accepted,,[],5.25275
2025-03-28,spring,rainy,research_weather_proxy_from_estimated_actuals,solcast_daylight_precip_clearsky_v1,https://docs.solcast.com.au/docs/output-parameters,0.6974894678015647,20.3,14.875,0.0,accepted,,[],4.05675
2025-03-29,spring,rainy,research_weather_proxy_from_estimated_actuals,solcast_daylight_precip_clearsky_v1,https://docs.solcast.com.au/docs/output-parameters,0.1468819707108913,14.2,9.65,0.0,accepted,,[],0.758
2025-03-30,spring,sunny,research_weather_proxy_from_estimated_actuals,solcast_daylight_precip_clearsky_v1,https://docs.solcast.com.au/docs/output-parameters,0.8835455162230116,1.3,0.1,0.0,accepted,,"[""precipitation_predominantly_outside_daylight""]",5.536
2025-03-31,spring,cloudy,research_weather_proxy_from_estimated_actuals,solcast_daylight_precip_clearsky_v1,https://docs.solcast.com.au/docs/output-parameters,0.3430160937810451,3.0,0.5750000000000001,0.0,accepted,,"[""precipitation_predominantly_outside_daylight""]",2.1585
2025-04-01,spring,rainy,research_weather_proxy_from_estimated_actuals,solcast_daylight_precip_clearsky_v1,https://docs.solcast.com.au/docs/output-parameters,0.1859859338369367,42.1,22.275,0.0,accepted,,[],1.07125
2025-04-02,spring,rainy,research_weather_proxy_from_estimated_actuals,solcast_daylight_precip_clearsky_v1,https://docs.solcast.com.au/docs/output-parameters,0.3459541858932103,24.2,4.95,0.0,accepted,,[],2.0997500000000002
2025-04-03,spring,rainy,research_weather_proxy_from_estimated_actuals,solcast_daylight_precip_clearsky_v1,https://docs.solcast.com.au/docs/output-parameters,0.2236321351340324,5.9,4.875,0.0,accepted,,[],1.37125
2025-04-04,spring,sunny,research_weather_proxy_from_estimated_actuals,solcast_daylight_precip_clearsky_v1,https://docs.solcast.com.au/docs/output-parameters,0.8935166264164964,0.0,0.0,0.0,accepted,,[],6.015
2025-04-05,spring,sunny,research_weather_proxy_from_estimated_actuals,solcast_daylight_precip_clearsky_v1,https://docs.solcast.com.au/docs/output-parameters,0.985996450891135,0.0,0.0,0.0,accepted,,[],6.39275
2025-04-06,spring,cloudy,research_weather_proxy_from_estimated_actuals,solcast_daylight_precip_clearsky_v1,https://docs.solcast.com.au/docs/output-parameters,0.5876215036699067,0.6,0.6,0.0,accepted,,[],3.70625
2025-04-07,spring,rainy,research_weather_proxy_from_estimated_actuals,solcast_daylight_precip_clearsky_v1,https://docs.solcast.com.au/docs/output-parameters,0.5659157688540647,1.3,1.3,0.0,accepted,,[],3.61525
2025-04-08,spring,sunny,research_weather_proxy_from_estimated_actuals,solcast_daylight_precip_clearsky_v1,https://docs.solcast.com.au/docs/output-parameters,0.9335799044536909,0.0,0.0,0.0,accepted,,[],6.0605
2025-04-09,spring,sunny,research_weather_proxy_from_estimated_actuals,solcast_daylight_precip_clearsky_v1,https://docs.solcast.com.au/docs/output-parameters,0.9687905902727666,0.0,0.0,0.0,accepted,,[],6.71525
2025-04-10,spring,cloudy,research_weather_proxy_from_estimated_actuals,solcast_daylight_precip_clearsky_v1,https://docs.solcast.com.au/docs/output-parameters,0.6916412446613789,1.3,0.0,0.0,accepted,,"[""precipitation_predominantly_outside_daylight""]",4.2515
2025-04-11,spring,rainy,research_weather_proxy_from_estimated_actuals,solcast_daylight_precip_clearsky_v1,https://docs.solcast.com.au/docs/output-parameters,0.5212142660532421,3.4,1.925,0.0,accepted,,[],3.31475
2025-04-12,spring,sunny,research_weather_proxy_from_estimated_actuals,solcast_daylight_precip_clearsky_v1,https://docs.solcast.com.au/docs/output-parameters,0.9052203440426881,0.0,0.0,0.0,accepted,,[],6.06775
2025-04-13,spring,rainy,research_weather_proxy_from_estimated_actuals,solcast_daylight_precip_clearsky_v1,https://docs.solcast.com.au/docs/output-parameters,0.1520177108012584,12.1,9.375,0.0,accepted,,[],0.97925
2025-04-14,spring,sunny,research_weather_proxy_from_estimated_actuals,solcast_daylight_precip_clearsky_v1,https://docs.solcast.com.au/docs/output-parameters,0.8848558901746568,5.8,0.5,0.0,accepted,,"[""precipitation_predominantly_outside_daylight""]",6.1565
2025-04-15,spring,sunny,research_weather_proxy_from_estimated_actuals,solcast_daylight_precip_clearsky_v1,https://docs.solcast.com.au/docs/output-parameters,0.9655767778137477,1.1,0.4,0.0,accepted,,"[""precipitation_predominantly_outside_daylight""]",6.712
2025-04-16,spring,sunny,research_weather_proxy_from_estimated_actuals,solcast_daylight_precip_clearsky_v1,https://docs.solcast.com.au/docs/output-parameters,0.998673063182607,0.0,0.0,0.0,accepted,,[],7.34075
2025-04-17,spring,sunny,research_weather_proxy_from_estimated_actuals,solcast_daylight_precip_clearsky_v1,https://docs.solcast.com.au/docs/output-parameters,0.9595576276699556,0.0,0.0,0.0,accepted,,[],6.64
2025-04-18,spring,sunny,research_weather_proxy_from_estimated_actuals,solcast_daylight_precip_clearsky_v1,https://docs.solcast.com.au/docs/output-parameters,0.8485149650242728,0.0,0.0,0.0,accepted,,[],5.55125
2025-04-19,spring,sunny,research_weather_proxy_from_estimated_actuals,solcast_daylight_precip_clearsky_v1,https://docs.solcast.com.au/docs/output-parameters,0.9818440726237095,0.0,0.0,0.0,accepted,,[],6.20825
2025-04-20,spring,cloudy,research_weather_proxy_from_estimated_actuals,solcast_daylight_precip_clearsky_v1,https://docs.solcast.com.au/docs/output-parameters,0.4460950300382305,2.4000000000000004,0.0,0.0,accepted,,"[""precipitation_predominantly_outside_daylight""]",3.0645000000000002
2025-04-21,spring,sunny,research_weather_proxy_from_estimated_actuals,solcast_daylight_precip_clearsky_v1,https://docs.solcast.com.au/docs/output-parameters,0.9908966461327857,2.5,0.1,0.0,accepted,,"[""precipitation_predominantly_outside_daylight""]",7.24
2025-04-22,spring,sunny,research_weather_proxy_from_estimated_actuals,solcast_daylight_precip_clearsky_v1,https://docs.solcast.com.au/docs/output-parameters,0.7477069131660659,0.0,0.0,0.0,accepted,,[],5.23825
2025-04-23,spring,rainy,research_weather_proxy_from_estimated_actuals,solcast_daylight_precip_clearsky_v1,https://docs.solcast.com.au/docs/output-parameters,0.24586633573018943,7.3,4.05,0.0,accepted,,[],1.6845
2025-04-24,spring,cloudy,research_weather_proxy_from_estimated_actuals,solcast_daylight_precip_clearsky_v1,https://docs.solcast.com.au/docs/output-parameters,0.6846863135056952,0.30000000000000004,0.07500000000000001,0.0,accepted,,[],4.73475
2025-04-25,spring,cloudy,research_weather_proxy_from_estimated_actuals,solcast_daylight_precip_clearsky_v1,https://docs.solcast.com.au/docs/output-parameters,0.411255869787805,1.3,0.0,0.0,accepted,,"[""precipitation_predominantly_outside_daylight""]",2.9125
2025-04-26,spring,rainy,research_weather_proxy_from_estimated_actuals,solcast_daylight_precip_clearsky_v1,https://docs.solcast.com.au/docs/output-parameters,0.4642128228587515,5.2,2.6,0.0,accepted,,[],3.30075
2025-04-27,spring,sunny,research_weather_proxy_from_estimated_actuals,solcast_daylight_precip_clearsky_v1,https://docs.solcast.com.au/docs/output-parameters,0.9686257619931089,0.0,0.0,0.0,accepted,,[],7.31325
2025-04-28,spring,rainy,research_weather_proxy_from_estimated_actuals,solcast_daylight_precip_clearsky_v1,https://docs.solcast.com.au/docs/output-parameters,0.3590265757051217,15.4,1.4000000000000001,0.0,accepted,,[],2.64525
2025-04-29,spring,rainy,research_weather_proxy_from_estimated_actuals,solcast_daylight_precip_clearsky_v1,https://docs.solcast.com.au/docs/output-parameters,0.8787770018925798,1.3,1.0,0.0,accepted,,"[""mixed_daylight_sun_and_precipitation""]",6.73475
2025-04-30,spring,sunny,research_weather_proxy_from_estimated_actuals,solcast_daylight_precip_clearsky_v1,https://docs.solcast.com.au/docs/output-parameters,0.9998394244973987,0.0,0.0,0.0,accepted,,[],7.78975
2025-05-01,spring,sunny,research_weather_proxy_from_estimated_actuals,solcast_daylight_precip_clearsky_v1,https://docs.solcast.com.au/docs/output-parameters,0.8958889482114255,0.0,0.0,0.0,accepted,,[],6.71775
2025-05-02,spring,rainy,research_weather_proxy_from_estimated_actuals,solcast_daylight_precip_clearsky_v1,https://docs.solcast.com.au/docs/output-parameters,0.2311771683762473,47.7,35.1,0.0,accepted,,[],1.6575
2025-05-03,spring,sunny,research_weather_proxy_from_estimated_actuals,solcast_daylight_precip_clearsky_v1,https://docs.solcast.com.au/docs/output-parameters,0.9995650282731623,0.0,0.0,0.0,accepted,,[],7.4727500000000004
2025-05-04,spring,sunny,research_weather_proxy_from_estimated_actuals,solcast_daylight_precip_clearsky_v1,https://docs.solcast.com.au/docs/output-parameters,0.8181755876910424,0.9,0.375,0.0,accepted,,[],5.9725
2025-05-05,spring,sunny,research_weather_proxy_from_estimated_actuals,solcast_daylight_precip_clearsky_v1,https://docs.solcast.com.au/docs/output-parameters,0.8952942753720338,0.1,0.1,0.0,accepted,,[],6.67825
2025-05-06,spring,rainy,research_weather_proxy_from_estimated_actuals,solcast_daylight_precip_clearsky_v1,https://docs.solcast.com.au/docs/output-parameters,0.1585008447401993,19.5,19.125,0.0,accepted,,[],1.1495
2025-05-07,spring,sunny,research_weather_proxy_from_estimated_actuals,solcast_daylight_precip_clearsky_v1,https://docs.solcast.com.au/docs/output-parameters,0.9573927392739274,0.8999999999999999,0.0,0.0,accepted,,[],7.25325
2025-05-08,spring,sunny,research_weather_proxy_from_estimated_actuals,solcast_daylight_precip_clearsky_v1,https://docs.solcast.com.au/docs/output-parameters,0.958673826756946,0.0,0.0,0.0,accepted,,[],7.187
2025-05-09,spring,cloudy,research_weather_proxy_from_estimated_actuals,solcast_daylight_precip_clearsky_v1,https://docs.solcast.com.au/docs/output-parameters,0.46236418379369026,2.7,0.1,0.0,accepted,,"[""precipitation_predominantly_outside_daylight""]",3.53275
2025-05-10,spring,rainy,research_weather_proxy_from_estimated_actuals,solcast_daylight_precip_clearsky_v1,https://docs.solcast.com.au/docs/output-parameters,0.1476108928511467,7.5,1.1,0.0,accepted,,[],1.09975
2025-05-11,spring,sunny,research_weather_proxy_from_estimated_actuals,solcast_daylight_precip_clearsky_v1,https://docs.solcast.com.au/docs/output-parameters,0.8774366079195799,1.0,0.30000000000000004,0.0,accepted,,"[""precipitation_predominantly_outside_daylight""]",6.80975
2025-05-12,spring,rainy,research_weather_proxy_from_estimated_actuals,solcast_daylight_precip_clearsky_v1,https://docs.solcast.com.au/docs/output-parameters,0.28717948717948716,7.0,1.5,0.0,accepted,,[],2.1145
2025-05-13,spring,sunny,research_weather_proxy_from_estimated_actuals,solcast_daylight_precip_clearsky_v1,https://docs.solcast.com.au/docs/output-parameters,0.966903533534508,0.0,0.0,0.0,accepted,,[],7.451
2025-05-14,spring,sunny,research_weather_proxy_from_estimated_actuals,solcast_daylight_precip_clearsky_v1,https://docs.solcast.com.au/docs/output-parameters,0.7818987259910755,0.0,0.0,0.0,accepted,,[],6.04875
2025-05-15,spring,sunny,research_weather_proxy_from_estimated_actuals,solcast_daylight_precip_clearsky_v1,https://docs.solcast.com.au/docs/output-parameters,0.8581354950781702,0.0,0.0,0.0,accepted,,[],6.67275
2025-05-16,spring,cloudy,research_weather_proxy_from_estimated_actuals,solcast_daylight_precip_clearsky_v1,https://docs.solcast.com.au/docs/output-parameters,0.6091827617018352,0.0,0.0,0.0,accepted,,[],4.4335
2025-05-17,spring,rainy,research_weather_proxy_from_estimated_actuals,solcast_daylight_precip_clearsky_v1,https://docs.solcast.com.au/docs/output-parameters,0.16371725160652495,10.8,9.9,0.0,accepted,,[],1.24275
2025-05-18,spring,cloudy,research_weather_proxy_from_estimated_actuals,solcast_daylight_precip_clearsky_v1,https://docs.solcast.com.au/docs/output-parameters,0.4417028556388999,0.2,0.0,0.0,accepted,,[],3.359
2025-05-19,spring,rainy,research_weather_proxy_from_estimated_actuals,solcast_daylight_precip_clearsky_v1,https://docs.solcast.com.au/docs/output-parameters,0.2285028756924597,3.0,2.4,0.0,accepted,,[],1.6205
2025-05-20,spring,sunny,research_weather_proxy_from_estimated_actuals,solcast_daylight_precip_clearsky_v1,https://docs.solcast.com.au/docs/output-parameters,0.9984626958427371,0.0,0.0,0.0,accepted,,[],7.63725
2025-05-21,spring,sunny,research_weather_proxy_from_estimated_actuals,solcast_daylight_precip_clearsky_v1,https://docs.solcast.com.au/docs/output-parameters,0.9279357644697224,0.0,0.0,0.0,accepted,,[],6.93525
2025-05-22,spring,rainy,research_weather_proxy_from_estimated_actuals,solcast_daylight_precip_clearsky_v1,https://docs.solcast.com.au/docs/output-parameters,0.6658401305057097,4.8,1.025,0.0,accepted,,[],5.10425
2025-05-23,spring,cloudy,research_weather_proxy_from_estimated_actuals,solcast_daylight_precip_clearsky_v1,https://docs.solcast.com.au/docs/output-parameters,0.6401883302505464,1.9,0.1,0.0,accepted,,"[""precipitation_predominantly_outside_daylight""]",4.76275
2025-05-24,spring,cloudy,research_weather_proxy_from_estimated_actuals,solcast_daylight_precip_clearsky_v1,https://docs.solcast.com.au/docs/output-parameters,0.33958466132116616,8.0,0.95,0.0,accepted,,"[""precipitation_predominantly_outside_daylight""]",2.53175
2025-05-25,spring,rainy,research_weather_proxy_from_estimated_actuals,solcast_daylight_precip_clearsky_v1,https://docs.solcast.com.au/docs/output-parameters,0.3670684557652945,21.4,3.475,0.0,accepted,,[],2.82475
2025-05-26,spring,cloudy,research_weather_proxy_from_estimated_actuals,solcast_daylight_precip_clearsky_v1,https://docs.solcast.com.au/docs/output-parameters,0.49003138268414254,0.30000000000000004,0.0,0.0,accepted,,[],3.98175
2025-05-27,spring,cloudy,research_weather_proxy_from_estimated_actuals,solcast_daylight_precip_clearsky_v1,https://docs.solcast.com.au/docs/output-parameters,0.3518044991098883,0.1,0.0,0.0,accepted,,[],2.7175000000000002
2025-05-28,spring,sunny,research_weather_proxy_from_estimated_actuals,solcast_daylight_precip_clearsky_v1,https://docs.solcast.com.au/docs/output-parameters,0.9777678685182826,0.9,0.075,0.0,accepted,,[],7.6747499999999995
2025-05-29,spring,cloudy,research_weather_proxy_from_estimated_actuals,solcast_daylight_precip_clearsky_v1,https://docs.solcast.com.au/docs/output-parameters,0.5982280557834291,4.5,0.0,0.0,accepted,,"[""precipitation_predominantly_outside_daylight""]",4.55825
2025-05-30,spring,rainy,research_weather_proxy_from_estimated_actuals,solcast_daylight_precip_clearsky_v1,https://docs.solcast.com.au/docs/output-parameters,0.20019714458329357,20.7,11.025,0.0,accepted,,[],1.57425
2025-05-31,spring,rainy,research_weather_proxy_from_estimated_actuals,solcast_daylight_precip_clearsky_v1,https://docs.solcast.com.au/docs/output-parameters,0.2660998318893056,22.2,21.65,0.0,accepted,,[],2.0585
2025-06-01,summer,sunny,research_weather_proxy_from_estimated_actuals,solcast_daylight_precip_clearsky_v1,https://docs.solcast.com.au/docs/output-parameters,0.8734753082349839,1.1,0.55,0.0,accepted,,"[""precipitation_predominantly_outside_daylight""]",6.6255
2025-06-02,summer,cloudy,research_weather_proxy_from_estimated_actuals,solcast_daylight_precip_clearsky_v1,https://docs.solcast.com.au/docs/output-parameters,0.6205996519876857,1.2,0.4,0.0,accepted,,"[""precipitation_predominantly_outside_daylight""]",4.63675
2025-06-03,summer,rainy,research_weather_proxy_from_estimated_actuals,solcast_daylight_precip_clearsky_v1,https://docs.solcast.com.au/docs/output-parameters,0.15481684686138453,23.5,21.150000000000002,0.0,accepted,,[],1.20025
2025-06-04,summer,sunny,research_weather_proxy_from_estimated_actuals,solcast_daylight_precip_clearsky_v1,https://docs.solcast.com.au/docs/output-parameters,0.7687685788375181,2.4,0.8,0.0,accepted,,"[""precipitation_predominantly_outside_daylight""]",6.08075
2025-06-05,summer,sunny,research_weather_proxy_from_estimated_actuals,solcast_daylight_precip_clearsky_v1,https://docs.solcast.com.au/docs/output-parameters,0.9870511525392598,0.5,0.1,0.0,accepted,,[],8.0635
2025-06-06,summer,sunny,research_weather_proxy_from_estimated_actuals,solcast_daylight_precip_clearsky_v1,https://docs.solcast.com.au/docs/output-parameters,0.89247705302961,0.0,0.0,0.0,accepted,,[],7.3195
2025-06-07,summer,sunny,research_weather_proxy_from_estimated_actuals,solcast_daylight_precip_clearsky_v1,https://docs.solcast.com.au/docs/output-parameters,0.86478864509731,0.0,0.0,0.0,accepted,,[],6.9785
2025-06-08,summer,cloudy,research_weather_proxy_from_estimated_actuals,solcast_daylight_precip_clearsky_v1,https://docs.solcast.com.au/docs/output-parameters,0.3934223625939785,0.1,0.1,0.0,accepted,,[],2.8657500000000002
2025-06-09,summer,cloudy,research_weather_proxy_from_estimated_actuals,solcast_daylight_precip_clearsky_v1,https://docs.solcast.com.au/docs/output-parameters,0.5105651105651106,4.2,0.9,0.0,accepted,,"[""precipitation_predominantly_outside_daylight""]",3.897
2025-06-10,summer,rainy,research_weather_proxy_from_estimated_actuals,solcast_daylight_precip_clearsky_v1,https://docs.solcast.com.au/docs/output-parameters,0.15318619424978716,22.8,15.025,0.0,accepted,,[],1.17025
2025-06-11,summer,rainy,research_weather_proxy_from_estimated_actuals,solcast_daylight_precip_clearsky_v1,https://docs.solcast.com.au/docs/output-parameters,0.14165920917437275,21.7,18.05,0.0,accepted,,[],1.06975
2025-06-12,summer,cloudy,research_weather_proxy_from_estimated_actuals,solcast_daylight_precip_clearsky_v1,https://docs.solcast.com.au/docs/output-parameters,0.6370128611129063,0.0,0.0,0.0,accepted,,[],4.93
2025-06-13,summer,cloudy,research_weather_proxy_from_estimated_actuals,solcast_daylight_precip_clearsky_v1,https://docs.solcast.com.au/docs/output-parameters,0.5095899811288386,0.0,0.0,0.0,accepted,,[],3.715
2025-06-14,summer,rainy,research_weather_proxy_from_estimated_actuals,solcast_daylight_precip_clearsky_v1,https://docs.solcast.com.au/docs/output-parameters,0.4415053001256565,12.3,3.45,0.0,accepted,,[],3.427
2025-06-15,summer,rainy,research_weather_proxy_from_estimated_actuals,solcast_daylight_precip_clearsky_v1,https://docs.solcast.com.au/docs/output-parameters,0.42600794632970757,9.5,5.5,0.0,accepted,,[],3.2725
2025-06-16,summer,sunny,research_weather_proxy_from_estimated_actuals,solcast_daylight_precip_clearsky_v1,https://docs.solcast.com.au/docs/output-parameters,0.8186630072534797,0.7000000000000001,0.325,0.0,accepted,,[],6.2665
2025-06-17,summer,sunny,research_weather_proxy_from_estimated_actuals,solcast_daylight_precip_clearsky_v1,https://docs.solcast.com.au/docs/output-parameters,0.9966232359593514,0.0,0.0,0.0,accepted,,[],7.826
2025-06-18,summer,sunny,research_weather_proxy_from_estimated_actuals,solcast_daylight_precip_clearsky_v1,https://docs.solcast.com.au/docs/output-parameters,0.992432330590969,0.0,0.0,0.0,accepted,,[],7.906
2025-06-19,summer,sunny,research_weather_proxy_from_estimated_actuals,solcast_daylight_precip_clearsky_v1,https://docs.solcast.com.au/docs/output-parameters,0.976796812749004,0.0,0.0,0.0,accepted,,[],7.6625
2025-06-20,summer,sunny,research_weather_proxy_from_estimated_actuals,solcast_daylight_precip_clearsky_v1,https://docs.solcast.com.au/docs/output-parameters,0.7349531522947436,0.5,0.5,0.0,accepted,,[],5.7867500000000005
2025-06-21,summer,sunny,research_weather_proxy_from_estimated_actuals,solcast_daylight_precip_clearsky_v1,https://docs.solcast.com.au/docs/output-parameters,0.9772143277297917,0.0,0.0,0.0,accepted,,[],7.8927499999999995
2025-06-22,summer,sunny,research_weather_proxy_from_estimated_actuals,solcast_daylight_precip_clearsky_v1,https://docs.solcast.com.au/docs/output-parameters,0.9980021851100359,0.0,0.0,0.0,accepted,,[],7.99425
2025-06-23,summer,cloudy,research_weather_proxy_from_estimated_actuals,solcast_daylight_precip_clearsky_v1,https://docs.solcast.com.au/docs/output-parameters,0.6469019807008634,0.0,0.0,0.0,accepted,,[],5.0955
2025-06-24,summer,cloudy,research_weather_proxy_from_estimated_actuals,solcast_daylight_precip_clearsky_v1,https://docs.solcast.com.au/docs/output-parameters,0.3331027108623184,1.6,0.6000000000000001,0.0,accepted,,"[""precipitation_predominantly_outside_daylight""]",2.6485
2025-06-25,summer,rainy,research_weather_proxy_from_estimated_actuals,solcast_daylight_precip_clearsky_v1,https://docs.solcast.com.au/docs/output-parameters,0.4148173979203652,10.7,6.175,0.0,accepted,,[],3.2715
2025-06-26,summer,cloudy,research_weather_proxy_from_estimated_actuals,solcast_daylight_precip_clearsky_v1,https://docs.solcast.com.au/docs/output-parameters,0.5837136062728967,3.3000000000000003,0.6,0.0,accepted,,"[""precipitation_predominantly_outside_daylight""]",4.542
2025-06-27,summer,rainy,research_weather_proxy_from_estimated_actuals,solcast_daylight_precip_clearsky_v1,https://docs.solcast.com.au/docs/output-parameters,0.6628297518505234,2.7,2.7,0.0,accepted,,[],5.0825000000000005
2025-06-28,summer,sunny,research_weather_proxy_from_estimated_actuals,solcast_daylight_precip_clearsky_v1,https://docs.solcast.com.au/docs/output-parameters,0.9930124710158551,0.0,0.0,0.0,accepted,,[],7.924
2025-06-29,summer,sunny,research_weather_proxy_from_estimated_actuals,solcast_daylight_precip_clearsky_v1,https://docs.solcast.com.au/docs/output-parameters,0.9788797061524335,0.0,0.0,0.0,accepted,,[],7.46325
2025-06-30,summer,sunny,research_weather_proxy_from_estimated_actuals,solcast_daylight_precip_clearsky_v1,https://docs.solcast.com.au/docs/output-parameters,0.9863368044040591,0.0,0.0,0.0,accepted,,[],7.43625
2025-07-01,summer,sunny,research_weather_proxy_from_estimated_actuals,solcast_daylight_precip_clearsky_v1,https://docs.solcast.com.au/docs/output-parameters,0.7620773765160241,1.0,0.875,0.0,accepted,,"[""precipitation_predominantly_outside_daylight""]",5.62475
2025-07-02,summer,rainy,research_weather_proxy_from_estimated_actuals,solcast_daylight_precip_clearsky_v1,https://docs.solcast.com.au/docs/output-parameters,0.657885317488725,11.200000000000001,9.05,0.0,accepted,,[],4.59825
2025-07-03,summer,rainy,research_weather_proxy_from_estimated_actuals,solcast_daylight_precip_clearsky_v1,https://docs.solcast.com.au/docs/output-parameters,0.8063868918241097,2.1,1.1,0.0,accepted,,"[""mixed_daylight_sun_and_precipitation""]",6.0295
2025-07-04,summer,sunny,research_weather_proxy_from_estimated_actuals,solcast_daylight_precip_clearsky_v1,https://docs.solcast.com.au/docs/output-parameters,0.7811192727033169,0.5,0.25,0.0,accepted,,[],5.929
2025-07-05,summer,cloudy,research_weather_proxy_from_estimated_actuals,solcast_daylight_precip_clearsky_v1,https://docs.solcast.com.au/docs/output-parameters,0.6679518072289157,0.1,0.0,0.0,accepted,,[],4.85325
2025-07-06,summer,sunny,research_weather_proxy_from_estimated_actuals,solcast_daylight_precip_clearsky_v1,https://docs.solcast.com.au/docs/output-parameters,0.751565396858712,0.7000000000000001,0.30000000000000004,0.0,accepted,,[],5.3745
2025-07-07,summer,sunny,research_weather_proxy_from_estimated_actuals,solcast_daylight_precip_clearsky_v1,https://docs.solcast.com.au/docs/output-parameters,0.7871453071406299,0.1,0.1,0.0,accepted,,[],5.05475
2025-07-08,summer,sunny,research_weather_proxy_from_estimated_actuals,solcast_daylight_precip_clearsky_v1,https://docs.solcast.com.au/docs/output-parameters,0.9334403102330091,0.0,0.0,0.0,accepted,,[],6.9875
2025-07-09,summer,sunny,research_weather_proxy_from_estimated_actuals,solcast_daylight_precip_clearsky_v1,https://docs.solcast.com.au/docs/output-parameters,0.9822034485146458,0.1,0.1,0.0,accepted,,[],7.09525
2025-07-10,summer,rainy,research_weather_proxy_from_estimated_actuals,solcast_daylight_precip_clearsky_v1,https://docs.solcast.com.au/docs/output-parameters,0.8610562932735726,2.1,1.4000000000000001,0.0,accepted,,"[""mixed_daylight_sun_and_precipitation""]",6.439
2025-07-11,summer,cloudy,research_weather_proxy_from_estimated_actuals,solcast_daylight_precip_clearsky_v1,https://docs.solcast.com.au/docs/output-parameters,0.3041817382779487,2.1,0.7000000000000001,0.0,accepted,,"[""precipitation_predominantly_outside_daylight""]",2.25325
2025-07-12,summer,cloudy,research_weather_proxy_from_estimated_actuals,solcast_daylight_precip_clearsky_v1,https://docs.solcast.com.au/docs/output-parameters,0.41702890135049936,0.0,0.0,0.0,accepted,,[],3.14675
2025-07-13,summer,sunny,research_weather_proxy_from_estimated_actuals,solcast_daylight_precip_clearsky_v1,https://docs.solcast.com.au/docs/output-parameters,0.8602381793085738,1.5,0.6000000000000001,0.0,accepted,,"[""precipitation_predominantly_outside_daylight""]",6.7015
2025-07-14,summer,rainy,research_weather_proxy_from_estimated_actuals,solcast_daylight_precip_clearsky_v1,https://docs.solcast.com.au/docs/output-parameters,0.47786196093475275,4.6000000000000005,1.8,0.0,accepted,,[],3.738
2025-07-15,summer,rainy,research_weather_proxy_from_estimated_actuals,solcast_daylight_precip_clearsky_v1,https://docs.solcast.com.au/docs/output-parameters,0.39868761185126267,9.3,6.35,0.0,accepted,,[],3.0085
2025-07-16,summer,rainy,research_weather_proxy_from_estimated_actuals,solcast_daylight_precip_clearsky_v1,https://docs.solcast.com.au/docs/output-parameters,0.3616685308243963,3.4000000000000004,2.5500000000000003,0.0,accepted,,[],2.751
2025-07-17,summer,sunny,research_weather_proxy_from_estimated_actuals,solcast_daylight_precip_clearsky_v1,https://docs.solcast.com.au/docs/output-parameters,0.8498472007813238,1.4,0.30000000000000004,0.0,accepted,,"[""precipitation_predominantly_outside_daylight""]",6.74425
2025-07-18,summer,sunny,research_weather_proxy_from_estimated_actuals,solcast_daylight_precip_clearsky_v1,https://docs.solcast.com.au/docs/output-parameters,0.947639244059128,0.0,0.0,0.0,accepted,,[],7.59925
2025-07-19,summer,sunny,research_weather_proxy_from_estimated_actuals,solcast_daylight_precip_clearsky_v1,https://docs.solcast.com.au/docs/output-parameters,0.9313030264657465,0.0,0.0,0.0,accepted,,[],7.358
2025-07-20,summer,sunny,research_weather_proxy_from_estimated_actuals,solcast_daylight_precip_clearsky_v1,https://docs.solcast.com.au/docs/output-parameters,0.9987536352305775,0.0,0.0,0.0,accepted,,[],7.818
2025-07-21,summer,sunny,research_weather_proxy_from_estimated_actuals,solcast_daylight_precip_clearsky_v1,https://docs.solcast.com.au/docs/output-parameters,0.9949127906976745,0.2,0.2,0.0,accepted,,[],7.5315
2025-07-22,summer,sunny,research_weather_proxy_from_estimated_actuals,solcast_daylight_precip_clearsky_v1,https://docs.solcast.com.au/docs/output-parameters,0.9288809755769812,0.2,0.2,0.0,accepted,,[],6.9145
2025-07-23,summer,sunny,research_weather_proxy_from_estimated_actuals,solcast_daylight_precip_clearsky_v1,https://docs.solcast.com.au/docs/output-parameters,0.982007385028533,0.0,0.0,0.0,accepted,,[],7.31475
2025-07-24,summer,sunny,research_weather_proxy_from_estimated_actuals,solcast_daylight_precip_clearsky_v1,https://docs.solcast.com.au/docs/output-parameters,0.9752438363587104,0.1,0.1,0.0,accepted,,[],7.201
2025-07-25,summer,sunny,research_weather_proxy_from_estimated_actuals,solcast_daylight_precip_clearsky_v1,https://docs.solcast.com.au/docs/output-parameters,0.9825349468673528,0.0,0.0,0.0,accepted,,[],7.329
2025-07-26,summer,sunny,research_weather_proxy_from_estimated_actuals,solcast_daylight_precip_clearsky_v1,https://docs.solcast.com.au/docs/output-parameters,0.9989146164978292,0.0,0.0,0.0,accepted,,[],7.59525
2025-07-27,summer,sunny,research_weather_proxy_from_estimated_actuals,solcast_daylight_precip_clearsky_v1,https://docs.solcast.com.au/docs/output-parameters,0.9008860089923301,0.2,0.2,0.0,accepted,,[],6.814
2025-07-28,summer,sunny,research_weather_proxy_from_estimated_actuals,solcast_daylight_precip_clearsky_v1,https://docs.solcast.com.au/docs/output-parameters,0.9895518843922793,0.30000000000000004,0.30000000000000004,0.0,accepted,,[],7.29425
2025-07-29,summer,sunny,research_weather_proxy_from_estimated_actuals,solcast_daylight_precip_clearsky_v1,https://docs.solcast.com.au/docs/output-parameters,0.9979822962770112,0.0,0.0,0.0,accepted,,[],7.6682500000000005
2025-07-30,summer,sunny,research_weather_proxy_from_estimated_actuals,solcast_daylight_precip_clearsky_v1,https://docs.solcast.com.au/docs/output-parameters,0.9132130196583951,0.0,0.0,0.0,accepted,,[],7.086
2025-07-31,summer,sunny,research_weather_proxy_from_estimated_actuals,solcast_daylight_precip_clearsky_v1,https://docs.solcast.com.au/docs/output-parameters,0.8877942343295424,0.0,0.0,0.0,accepted,,[],6.715
2025-08-01,summer,rainy,research_weather_proxy_from_estimated_actuals,solcast_daylight_precip_clearsky_v1,https://docs.solcast.com.au/docs/output-parameters,0.45379883624272654,11.4,4.0,0.0,accepted,,[],3.4125
2025-08-02,summer,rainy,research_weather_proxy_from_estimated_actuals,solcast_daylight_precip_clearsky_v1,https://docs.solcast.com.au/docs/output-parameters,0.8300539083557952,3.5,1.4,0.0,accepted,,"[""mixed_daylight_sun_and_precipitation""]",6.1595
2025-08-03,summer,sunny,research_weather_proxy_from_estimated_actuals,solcast_daylight_precip_clearsky_v1,https://docs.solcast.com.au/docs/output-parameters,0.877504037384462,0.2,0.1,0.0,accepted,,[],6.3875
2025-08-04,summer,sunny,research_weather_proxy_from_estimated_actuals,solcast_daylight_precip_clearsky_v1,https://docs.solcast.com.au/docs/output-parameters,0.9864120203990827,0.0,0.0,0.0,accepted,,[],7.20725
2025-08-05,summer,sunny,research_weather_proxy_from_estimated_actuals,solcast_daylight_precip_clearsky_v1,https://docs.solcast.com.au/docs/output-parameters,0.9827875734676742,0.0,0.0,0.0,accepted,,[],7.02775
2025-08-06,summer,sunny,research_weather_proxy_from_estimated_actuals,solcast_daylight_precip_clearsky_v1,https://docs.solcast.com.au/docs/output-parameters,0.8405358838215127,0.2,0.2,0.0,accepted,,[],5.97775
2025-08-07,summer,cloudy,research_weather_proxy_from_estimated_actuals,solcast_daylight_precip_clearsky_v1,https://docs.solcast.com.au/docs/output-parameters,0.5225861395976013,0.30000000000000004,0.2,0.0,accepted,,[],3.6835
2025-08-08,summer,rainy,research_weather_proxy_from_estimated_actuals,solcast_daylight_precip_clearsky_v1,https://docs.solcast.com.au/docs/output-parameters,0.8190788338795929,2.1,1.975,0.0,accepted,,"[""mixed_daylight_sun_and_precipitation""]",5.939
2025-08-09,summer,sunny,research_weather_proxy_from_estimated_actuals,solcast_daylight_precip_clearsky_v1,https://docs.solcast.com.au/docs/output-parameters,0.7051032192868486,0.0,0.0,0.0,accepted,,[],4.88675
2025-08-10,summer,rainy,research_weather_proxy_from_estimated_actuals,solcast_daylight_precip_clearsky_v1,https://docs.solcast.com.au/docs/output-parameters,0.17638441254028714,4.4,3.575,0.0,accepted,,[],1.20475
2025-08-11,summer,rainy,research_weather_proxy_from_estimated_actuals,solcast_daylight_precip_clearsky_v1,https://docs.solcast.com.au/docs/output-parameters,0.2900893083125429,5.9,2.6,0.0,accepted,,[],2.0065
2025-08-12,summer,cloudy,research_weather_proxy_from_estimated_actuals,solcast_daylight_precip_clearsky_v1,https://docs.solcast.com.au/docs/output-parameters,0.22818070637067783,1.6,0.9500000000000001,0.0,accepted,,"[""precipitation_predominantly_outside_daylight""]",1.53975
2025-08-13,summer,rainy,research_weather_proxy_from_estimated_actuals,solcast_daylight_precip_clearsky_v1,https://docs.solcast.com.au/docs/output-parameters,0.6264305374474866,3.4,2.325,0.0,accepted,,[],4.325
2025-08-14,summer,sunny,research_weather_proxy_from_estimated_actuals,solcast_daylight_precip_clearsky_v1,https://docs.solcast.com.au/docs/output-parameters,0.8566509140198557,0.4,0.17500000000000002,0.0,accepted,,[],5.8475
2025-08-15,summer,sunny,research_weather_proxy_from_estimated_actuals,solcast_daylight_precip_clearsky_v1,https://docs.solcast.com.au/docs/output-parameters,0.9280153528623674,0.2,0.2,0.0,accepted,,[],6.4085
2025-08-16,summer,sunny,research_weather_proxy_from_estimated_actuals,solcast_daylight_precip_clearsky_v1,https://docs.solcast.com.au/docs/output-parameters,0.7019206051926113,0.5,0.5,0.0,accepted,,[],4.779
2025-08-17,summer,sunny,research_weather_proxy_from_estimated_actuals,solcast_daylight_precip_clearsky_v1,https://docs.solcast.com.au/docs/output-parameters,0.9735133539914417,0.0,0.0,0.0,accepted,,[],6.59825
2025-08-18,summer,rainy,research_weather_proxy_from_estimated_actuals,solcast_daylight_precip_clearsky_v1,https://docs.solcast.com.au/docs/output-parameters,0.944296084552601,2.9,2.5,0.0,accepted,,"[""mixed_daylight_sun_and_precipitation""]",6.27675
2025-08-19,summer,sunny,research_weather_proxy_from_estimated_actuals,solcast_daylight_precip_clearsky_v1,https://docs.solcast.com.au/docs/output-parameters,0.978521997920327,0.0,0.0,0.0,accepted,,[],6.82325
2025-08-20,summer,sunny,research_weather_proxy_from_estimated_actuals,solcast_daylight_precip_clearsky_v1,https://docs.solcast.com.au/docs/output-parameters,0.9890644443606471,0.4,0.4,0.0,accepted,,[],6.5635
2025-08-21,summer,sunny,research_weather_proxy_from_estimated_actuals,solcast_daylight_precip_clearsky_v1,https://docs.solcast.com.au/docs/output-parameters,0.8898938412601081,0.4,0.4,0.0,accepted,,[],5.80825
2025-08-22,summer,cloudy,research_weather_proxy_from_estimated_actuals,solcast_daylight_precip_clearsky_v1,https://docs.solcast.com.au/docs/output-parameters,0.6828241158523484,0.30000000000000004,0.30000000000000004,0.0,accepted,,[],3.9755
2025-08-23,summer,sunny,research_weather_proxy_from_estimated_actuals,solcast_daylight_precip_clearsky_v1,https://docs.solcast.com.au/docs/output-parameters,0.889319773653595,0.0,0.0,0.0,accepted,,[],5.6215
2025-08-24,summer,sunny,research_weather_proxy_from_estimated_actuals,solcast_daylight_precip_clearsky_v1,https://docs.solcast.com.au/docs/output-parameters,0.9496459480723839,0.0,0.0,0.0,accepted,,[],6.03775
2025-08-25,summer,sunny,research_weather_proxy_from_estimated_actuals,solcast_daylight_precip_clearsky_v1,https://docs.solcast.com.au/docs/output-parameters,0.8253606094589891,0.7000000000000001,0.1,0.0,accepted,,[],5.338
2025-08-26,summer,sunny,research_weather_proxy_from_estimated_actuals,solcast_daylight_precip_clearsky_v1,https://docs.solcast.com.au/docs/output-parameters,0.9311146691064349,0.2,0.0,0.0,accepted,,[],6.1095
2025-08-27,summer,sunny,research_weather_proxy_from_estimated_actuals,solcast_daylight_precip_clearsky_v1,https://docs.solcast.com.au/docs/output-parameters,0.970838257157016,0.1,0.0,0.0,accepted,,[],6.36975
2025-08-28,summer,cloudy,research_weather_proxy_from_estimated_actuals,solcast_daylight_precip_clearsky_v1,https://docs.solcast.com.au/docs/output-parameters,0.6450858343575309,0.0,0.0,0.0,accepted,,[],4.0695
2025-08-29,summer,sunny,research_weather_proxy_from_estimated_actuals,solcast_daylight_precip_clearsky_v1,https://docs.solcast.com.au/docs/output-parameters,0.8493949613171989,0.2,0.2,0.0,accepted,,[],5.353
2025-08-30,summer,sunny,research_weather_proxy_from_estimated_actuals,solcast_daylight_precip_clearsky_v1,https://docs.solcast.com.au/docs/output-parameters,0.9948827292110874,0.0,0.0,0.0,accepted,,[],6.41725
2025-08-31,summer,sunny,research_weather_proxy_from_estimated_actuals,solcast_daylight_precip_clearsky_v1,https://docs.solcast.com.au/docs/output-parameters,0.9629319622145163,0.0,0.0,0.0,accepted,,[],6.04125
2025-09-01,autumn,sunny,research_weather_proxy_from_estimated_actuals,solcast_daylight_precip_clearsky_v1,https://docs.solcast.com.au/docs/output-parameters,0.9754815440104366,0.0,0.0,0.0,accepted,,[],6.35725
2025-09-02,autumn,sunny,research_weather_proxy_from_estimated_actuals,solcast_daylight_precip_clearsky_v1,https://docs.solcast.com.au/docs/output-parameters,0.9841396319483969,0.0,0.0,0.0,accepted,,[],6.4879999999999995
2025-09-03,autumn,rainy,research_weather_proxy_from_estimated_actuals,solcast_daylight_precip_clearsky_v1,https://docs.solcast.com.au/docs/output-parameters,0.7936669671199592,1.2,1.2,0.0,accepted,,"[""mixed_daylight_sun_and_precipitation""]",5.0645
2025-09-04,autumn,rainy,research_weather_proxy_from_estimated_actuals,solcast_daylight_precip_clearsky_v1,https://docs.solcast.com.au/docs/output-parameters,0.28839085969958456,8.4,5.975,0.0,accepted,,[],1.80525
2025-09-05,autumn,rainy,research_weather_proxy_from_estimated_actuals,solcast_daylight_precip_clearsky_v1,https://docs.solcast.com.au/docs/output-parameters,0.09814155792803479,37.699999999999996,33.425,0.0,accepted,,[],0.62125
2025-09-06,autumn,sunny,research_weather_proxy_from_estimated_actuals,solcast_daylight_precip_clearsky_v1,https://docs.solcast.com.au/docs/output-parameters,0.9895777454211051,0.0,0.0,0.0,accepted,,[],6.4585
2025-09-07,autumn,sunny,research_weather_proxy_from_estimated_actuals,solcast_daylight_precip_clearsky_v1,https://docs.solcast.com.au/docs/output-parameters,0.9238891505730884,0.0,0.0,0.0,accepted,,[],5.88575
2025-09-08,autumn,sunny,research_weather_proxy_from_estimated_actuals,solcast_daylight_precip_clearsky_v1,https://docs.solcast.com.au/docs/output-parameters,0.9881329756969844,0.5,0.1,0.0,accepted,,[],6.07925
2025-09-09,autumn,sunny,research_weather_proxy_from_estimated_actuals,solcast_daylight_precip_clearsky_v1,https://docs.solcast.com.au/docs/output-parameters,0.7372398361970701,1.0,0.6000000000000001,0.0,accepted,,"[""precipitation_predominantly_outside_daylight""]",4.3695
2025-09-10,autumn,rainy,research_weather_proxy_from_estimated_actuals,solcast_daylight_precip_clearsky_v1,https://docs.solcast.com.au/docs/output-parameters,0.45221983825713813,4.2,3.6,0.0,accepted,,[],2.74025
2025-09-11,autumn,rainy,research_weather_proxy_from_estimated_actuals,solcast_daylight_precip_clearsky_v1,https://docs.solcast.com.au/docs/output-parameters,0.5785758259798892,21.0,11.15,0.0,accepted,,[],3.52425
2025-09-12,autumn,rainy,research_weather_proxy_from_estimated_actuals,solcast_daylight_precip_clearsky_v1,https://docs.solcast.com.au/docs/output-parameters,0.36327799921159826,8.0,2.7,0.0,accepted,,[],2.077
2025-09-13,autumn,rainy,research_weather_proxy_from_estimated_actuals,solcast_daylight_precip_clearsky_v1,https://docs.solcast.com.au/docs/output-parameters,0.41075466957031576,9.4,2.975,0.0,accepted,,[],2.45375
2025-09-14,autumn,cloudy,research_weather_proxy_from_estimated_actuals,solcast_daylight_precip_clearsky_v1,https://docs.solcast.com.au/docs/output-parameters,0.4710362628527906,0.9,0.0,0.0,accepted,,[],2.785
2025-09-15,autumn,cloudy,research_weather_proxy_from_estimated_actuals,solcast_daylight_precip_clearsky_v1,https://docs.solcast.com.au/docs/output-parameters,0.5170506115745342,0.5,0.25,0.0,accepted,,[],2.99375
2025-09-16,autumn,sunny,research_weather_proxy_from_estimated_actuals,solcast_daylight_precip_clearsky_v1,https://docs.solcast.com.au/docs/output-parameters,0.7528427945666121,0.8,0.4,0.0,accepted,,[],4.25675
2025-09-17,autumn,sunny,research_weather_proxy_from_estimated_actuals,solcast_daylight_precip_clearsky_v1,https://docs.solcast.com.au/docs/output-parameters,0.9991374849059859,0.0,0.0,0.0,accepted,,[],5.795
2025-09-18,autumn,rainy,research_weather_proxy_from_estimated_actuals,solcast_daylight_precip_clearsky_v1,https://docs.solcast.com.au/docs/output-parameters,0.7177989011947327,15.200000000000001,4.15,0.0,accepted,,"[""mixed_daylight_sun_and_precipitation""]",4.1175
2025-09-19,autumn,cloudy,research_weather_proxy_from_estimated_actuals,solcast_daylight_precip_clearsky_v1,https://docs.solcast.com.au/docs/output-parameters,0.5427696346532488,9.9,0.975,0.0,accepted,,"[""precipitation_predominantly_outside_daylight""]",3.10225
2025-09-20,autumn,rainy,research_weather_proxy_from_estimated_actuals,solcast_daylight_precip_clearsky_v1,https://docs.solcast.com.au/docs/output-parameters,0.390321722946025,5.4,5.0,0.0,accepted,,[],2.2025
2025-09-21,autumn,sunny,research_weather_proxy_from_estimated_actuals,solcast_daylight_precip_clearsky_v1,https://docs.solcast.com.au/docs/output-parameters,0.7041546970801354,3.9,0.2,0.0,accepted,,"[""precipitation_predominantly_outside_daylight""]",4.106
2025-09-22,autumn,sunny,research_weather_proxy_from_estimated_actuals,solcast_daylight_precip_clearsky_v1,https://docs.solcast.com.au/docs/output-parameters,0.89938139123848,0.1,0.0,0.0,accepted,,[],5.344
2025-09-23,autumn,sunny,research_weather_proxy_from_estimated_actuals,solcast_daylight_precip_clearsky_v1,https://docs.solcast.com.au/docs/output-parameters,0.7629877175469815,0.0,0.0,0.0,accepted,,[],4.39725
2025-09-24,autumn,sunny,research_weather_proxy_from_estimated_actuals,solcast_daylight_precip_clearsky_v1,https://docs.solcast.com.au/docs/output-parameters,0.8713685760055419,0.0,0.0,0.0,accepted,,[],5.03375
2025-09-25,autumn,sunny,research_weather_proxy_from_estimated_actuals,solcast_daylight_precip_clearsky_v1,https://docs.solcast.com.au/docs/output-parameters,0.9475718443070207,0.0,0.0,0.0,accepted,,[],5.21125
2025-09-26,autumn,sunny,research_weather_proxy_from_estimated_actuals,solcast_daylight_precip_clearsky_v1,https://docs.solcast.com.au/docs/output-parameters,0.9824153797093527,0.4,0.0,0.0,accepted,,[],5.39275
2025-09-27,autumn,sunny,research_weather_proxy_from_estimated_actuals,solcast_daylight_precip_clearsky_v1,https://docs.solcast.com.au/docs/output-parameters,0.8615405664249556,4.1,0.45,0.0,accepted,,"[""precipitation_predominantly_outside_daylight""]",4.724
2025-09-28,autumn,sunny,research_weather_proxy_from_estimated_actuals,solcast_daylight_precip_clearsky_v1,https://docs.solcast.com.au/docs/output-parameters,0.7428139183055976,1.0,0.6000000000000001,0.0,accepted,,"[""precipitation_predominantly_outside_daylight""]",4.0515
2025-09-29,autumn,cloudy,research_weather_proxy_from_estimated_actuals,solcast_daylight_precip_clearsky_v1,https://docs.solcast.com.au/docs/output-parameters,0.6003984432913269,1.3,0.2,0.0,accepted,,"[""precipitation_predominantly_outside_daylight""]",3.2405
2025-09-30,autumn,rainy,research_weather_proxy_from_estimated_actuals,solcast_daylight_precip_clearsky_v1,https://docs.solcast.com.au/docs/output-parameters,0.7599407489700505,2.7,1.725,0.0,accepted,,"[""mixed_daylight_sun_and_precipitation""]",4.1049999999999995
2025-10-01,autumn,rainy,research_weather_proxy_from_estimated_actuals,solcast_daylight_precip_clearsky_v1,https://docs.solcast.com.au/docs/output-parameters,0.1630450493856902,14.8,10.525,0.0,accepted,,[],0.84625
2025-10-02,autumn,sunny,research_weather_proxy_from_estimated_actuals,solcast_daylight_precip_clearsky_v1,https://docs.solcast.com.au/docs/output-parameters,0.9365238834596766,0.0,0.0,0.0,accepted,,[],5.1275
2025-10-03,autumn,cloudy,research_weather_proxy_from_estimated_actuals,solcast_daylight_precip_clearsky_v1,https://docs.solcast.com.au/docs/output-parameters,0.5682309790275557,0.0,0.0,0.0,accepted,,[],3.02175
2025-10-04,autumn,rainy,research_weather_proxy_from_estimated_actuals,solcast_daylight_precip_clearsky_v1,https://docs.solcast.com.au/docs/output-parameters,0.32783485265036416,1.5,1.0,0.0,accepted,,[],1.70325
2025-10-05,autumn,rainy,research_weather_proxy_from_estimated_actuals,solcast_daylight_precip_clearsky_v1,https://docs.solcast.com.au/docs/output-parameters,0.7660970474465064,1.2,1.1,0.0,accepted,,"[""mixed_daylight_sun_and_precipitation""]",3.916
2025-10-06,autumn,rainy,research_weather_proxy_from_estimated_actuals,solcast_daylight_precip_clearsky_v1,https://docs.solcast.com.au/docs/output-parameters,0.5103954746191633,4.1,3.4,0.0,accepted,,[],2.573
2025-10-07,autumn,cloudy,research_weather_proxy_from_estimated_actuals,solcast_daylight_precip_clearsky_v1,https://docs.solcast.com.au/docs/output-parameters,0.535512385651146,0.0,0.0,0.0,accepted,,[],2.607
2025-10-08,autumn,sunny,research_weather_proxy_from_estimated_actuals,solcast_daylight_precip_clearsky_v1,https://docs.solcast.com.au/docs/output-parameters,0.9070769847634322,0.30000000000000004,0.2,0.0,accepted,,[],4.5265
2025-10-09,autumn,cloudy,research_weather_proxy_from_estimated_actuals,solcast_daylight_precip_clearsky_v1,https://docs.solcast.com.au/docs/output-parameters,0.43017519130084575,1.5,0.0,0.0,accepted,,"[""precipitation_predominantly_outside_daylight""]",2.1375
2025-10-10,autumn,sunny,research_weather_proxy_from_estimated_actuals,solcast_daylight_precip_clearsky_v1,https://docs.solcast.com.au/docs/output-parameters,0.8865193427084943,0.0,0.0,0.0,accepted,,[],4.30375
2025-10-11,autumn,rainy,research_weather_proxy_from_estimated_actuals,solcast_daylight_precip_clearsky_v1,https://docs.solcast.com.au/docs/output-parameters,0.1784554411845654,5.4,4.6,0.0,accepted,,[],0.81125
2025-10-12,autumn,cloudy,research_weather_proxy_from_estimated_actuals,solcast_daylight_precip_clearsky_v1,https://docs.solcast.com.au/docs/output-parameters,0.6994322029483774,0.6000000000000001,0.0,0.0,accepted,,[],3.3575
2025-10-13,autumn,rainy,research_weather_proxy_from_estimated_actuals,solcast_daylight_precip_clearsky_v1,https://docs.solcast.com.au/docs/output-parameters,0.5288814510904772,2.8,2.2,0.0,accepted,,[],2.4495
2025-10-14,autumn,cloudy,research_weather_proxy_from_estimated_actuals,solcast_daylight_precip_clearsky_v1,https://docs.solcast.com.au/docs/output-parameters,0.31979499614240053,1.9000000000000001,0.07500000000000001,0.0,accepted,,"[""precipitation_predominantly_outside_daylight""]",1.45275
2025-10-15,autumn,cloudy,research_weather_proxy_from_estimated_actuals,solcast_daylight_precip_clearsky_v1,https://docs.solcast.com.au/docs/output-parameters,0.35434989933241495,6.1000000000000005,0.5750000000000001,0.0,accepted,,"[""precipitation_predominantly_outside_daylight""]",1.67425
2025-10-16,autumn,cloudy,research_weather_proxy_from_estimated_actuals,solcast_daylight_precip_clearsky_v1,https://docs.solcast.com.au/docs/output-parameters,0.27246023388571744,2.7,0.1,0.0,accepted,,"[""precipitation_predominantly_outside_daylight""]",1.23025
2025-10-17,autumn,sunny,research_weather_proxy_from_estimated_actuals,solcast_daylight_precip_clearsky_v1,https://docs.solcast.com.au/docs/output-parameters,0.9962775307620721,0.8999999999999999,0.2,0.0,accepted,,[],4.82075
2025-10-18,autumn,sunny,research_weather_proxy_from_estimated_actuals,solcast_daylight_precip_clearsky_v1,https://docs.solcast.com.au/docs/output-parameters,0.83525965379494,0.4,0.0,0.0,accepted,,[],3.92175
2025-10-19,autumn,rainy,research_weather_proxy_from_estimated_actuals,solcast_daylight_precip_clearsky_v1,https://docs.solcast.com.au/docs/output-parameters,0.298967896447511,2.0,1.775,0.0,accepted,,[],1.311
2025-10-20,autumn,rainy,research_weather_proxy_from_estimated_actuals,solcast_daylight_precip_clearsky_v1,https://docs.solcast.com.au/docs/output-parameters,0.27745155607751026,8.0,3.575,0.0,accepted,,[],1.1825
2025-10-21,autumn,cloudy,research_weather_proxy_from_estimated_actuals,solcast_daylight_precip_clearsky_v1,https://docs.solcast.com.au/docs/output-parameters,0.26135430113836405,2.8000000000000003,0.875,0.0,accepted,,"[""precipitation_predominantly_outside_daylight""]",1.1155
2025-10-22,autumn,rainy,research_weather_proxy_from_estimated_actuals,solcast_daylight_precip_clearsky_v1,https://docs.solcast.com.au/docs/output-parameters,0.14802369290351977,18.0,12.325,0.0,accepted,,[],0.65025
2025-10-23,autumn,cloudy,research_weather_proxy_from_estimated_actuals,solcast_daylight_precip_clearsky_v1,https://docs.solcast.com.au/docs/output-parameters,0.6110564842128264,0.0,0.0,0.0,accepted,,[],2.798
2025-10-24,autumn,cloudy,research_weather_proxy_from_estimated_actuals,solcast_daylight_precip_clearsky_v1,https://docs.solcast.com.au/docs/output-parameters,0.2866978949150629,0.1,0.0,0.0,accepted,,[],1.271
2025-10-25,autumn,rainy,research_weather_proxy_from_estimated_actuals,solcast_daylight_precip_clearsky_v1,https://docs.solcast.com.au/docs/output-parameters,0.13310981706958414,11.0,7.0,0.0,accepted,,[],0.567
2025-10-26,autumn,rainy,research_weather_proxy_from_estimated_actuals,solcast_daylight_precip_clearsky_v1,https://docs.solcast.com.au/docs/output-parameters,0.1700072886297376,8.6,3.625,0.0,accepted,,[],0.702
2025-10-27,autumn,cloudy,research_weather_proxy_from_estimated_actuals,solcast_daylight_precip_clearsky_v1,https://docs.solcast.com.au/docs/output-parameters,0.4911225658648339,0.6000000000000001,0.6000000000000001,0.0,accepted,,[],2.1485
2025-10-28,autumn,sunny,research_weather_proxy_from_estimated_actuals,solcast_daylight_precip_clearsky_v1,https://docs.solcast.com.au/docs/output-parameters,0.8601180532353269,0.0,0.0,0.0,accepted,,[],3.8645
2025-10-29,autumn,sunny,research_weather_proxy_from_estimated_actuals,solcast_daylight_precip_clearsky_v1,https://docs.solcast.com.au/docs/output-parameters,0.7716178719066765,0.0,0.0,0.0,accepted,,[],3.4082500000000002
2025-10-30,autumn,sunny,research_weather_proxy_from_estimated_actuals,solcast_daylight_precip_clearsky_v1,https://docs.solcast.com.au/docs/output-parameters,0.9290939462012557,0.0,0.0,0.0,accepted,,[],4.0352500000000004
2025-10-31,autumn,rainy,research_weather_proxy_from_estimated_actuals,solcast_daylight_precip_clearsky_v1,https://docs.solcast.com.au/docs/output-parameters,0.3175412293853073,49.699999999999996,3.3,0.0,accepted,,[],1.324
2025-11-01,autumn,cloudy,research_weather_proxy_from_estimated_actuals,solcast_daylight_precip_clearsky_v1,https://docs.solcast.com.au/docs/output-parameters,0.5977156597535317,1.3,0.2,0.0,accepted,,"[""precipitation_predominantly_outside_daylight""]",2.4885
2025-11-02,autumn,cloudy,research_weather_proxy_from_estimated_actuals,solcast_daylight_precip_clearsky_v1,https://docs.solcast.com.au/docs/output-parameters,0.5253923733365161,0.0,0.0,0.0,accepted,,[],2.2025
2025-11-03,autumn,sunny,research_weather_proxy_from_estimated_actuals,solcast_daylight_precip_clearsky_v1,https://docs.solcast.com.au/docs/output-parameters,0.8575764789905963,0.2,0.2,0.0,accepted,,[],3.60425
2025-11-04,autumn,sunny,research_weather_proxy_from_estimated_actuals,solcast_daylight_precip_clearsky_v1,https://docs.solcast.com.au/docs/output-parameters,0.9812810763381106,0.0,0.0,0.0,accepted,,[],4.1945
2025-11-05,autumn,cloudy,research_weather_proxy_from_estimated_actuals,solcast_daylight_precip_clearsky_v1,https://docs.solcast.com.au/docs/output-parameters,0.5390830514844044,0.0,0.0,0.0,accepted,,[],2.15175
2025-11-06,autumn,rainy,research_weather_proxy_from_estimated_actuals,solcast_daylight_precip_clearsky_v1,https://docs.solcast.com.au/docs/output-parameters,0.5200230296827022,2.0,1.6500000000000001,0.0,accepted,,[],2.03275
2025-11-07,autumn,sunny,research_weather_proxy_from_estimated_actuals,solcast_daylight_precip_clearsky_v1,https://docs.solcast.com.au/docs/output-parameters,0.9602557673019058,0.0,0.0,0.0,accepted,,[],3.834
2025-11-08,autumn,cloudy,research_weather_proxy_from_estimated_actuals,solcast_daylight_precip_clearsky_v1,https://docs.solcast.com.au/docs/output-parameters,0.5867893526125534,0.0,0.0,0.0,accepted,,[],2.23375
2025-11-09,autumn,rainy,research_weather_proxy_from_estimated_actuals,solcast_daylight_precip_clearsky_v1,https://docs.solcast.com.au/docs/output-parameters,0.25131560233252737,12.1,7.45,0.0,accepted,,[],0.886
2025-11-10,autumn,rainy,research_weather_proxy_from_estimated_actuals,solcast_daylight_precip_clearsky_v1,https://docs.solcast.com.au/docs/output-parameters,0.7448833268152784,1.6,1.6,0.0,accepted,,"[""mixed_daylight_sun_and_precipitation""]",2.8585
2025-11-11,autumn,cloudy,research_weather_proxy_from_estimated_actuals,solcast_daylight_precip_clearsky_v1,https://docs.solcast.com.au/docs/output-parameters,0.45209290289189363,0.0,0.0,0.0,accepted,,[],1.75
2025-11-12,autumn,sunny,research_weather_proxy_from_estimated_actuals,solcast_daylight_precip_clearsky_v1,https://docs.solcast.com.au/docs/output-parameters,0.8064066852367688,0.0,0.0,0.0,accepted,,[],3.1885
2025-11-13,autumn,cloudy,research_weather_proxy_from_estimated_actuals,solcast_daylight_precip_clearsky_v1,https://docs.solcast.com.au/docs/output-parameters,0.24310037072634902,0.0,0.0,0.0,accepted,,[],0.886
2025-11-14,autumn,sunny,research_weather_proxy_from_estimated_actuals,solcast_daylight_precip_clearsky_v1,https://docs.solcast.com.au/docs/output-parameters,0.9965451835794608,0.0,0.0,0.0,accepted,,[],3.68025
2025-11-15,autumn,sunny,research_weather_proxy_from_estimated_actuals,solcast_daylight_precip_clearsky_v1,https://docs.solcast.com.au/docs/output-parameters,0.9556105270390984,0.30000000000000004,0.0,0.0,accepted,,[],3.479
2025-11-16,autumn,sunny,research_weather_proxy_from_estimated_actuals,solcast_daylight_precip_clearsky_v1,https://docs.solcast.com.au/docs/output-parameters,0.7863614017838332,0.0,0.0,0.0,accepted,,[],2.8015
2025-11-17,autumn,sunny,research_weather_proxy_from_estimated_actuals,solcast_daylight_precip_clearsky_v1,https://docs.solcast.com.au/docs/output-parameters,0.9980496334655996,0.2,0.0,0.0,accepted,,[],3.713
2025-11-18,autumn,rainy,research_weather_proxy_from_estimated_actuals,solcast_daylight_precip_clearsky_v1,https://docs.solcast.com.au/docs/output-parameters,0.539318665720369,2.8,2.45,0.0,accepted,,[],1.901
2025-11-19,autumn,sunny,research_weather_proxy_from_estimated_actuals,solcast_daylight_precip_clearsky_v1,https://docs.solcast.com.au/docs/output-parameters,0.8568398001779237,0.0,0.0,0.0,accepted,,[],3.13225
2025-11-20,autumn,sunny,research_weather_proxy_from_estimated_actuals,solcast_daylight_precip_clearsky_v1,https://docs.solcast.com.au/docs/output-parameters,0.8943266395169218,0.0,0.0,0.0,accepted,,[],3.1875
2025-11-21,autumn,sunny,research_weather_proxy_from_estimated_actuals,solcast_daylight_precip_clearsky_v1,https://docs.solcast.com.au/docs/output-parameters,0.9929631435936738,0.0,0.0,0.0,accepted,,[],3.569
2025-11-22,autumn,sunny,research_weather_proxy_from_estimated_actuals,solcast_daylight_precip_clearsky_v1,https://docs.solcast.com.au/docs/output-parameters,0.9986579077488168,0.0,0.0,0.0,accepted,,[],3.54025
2025-11-23,autumn,rainy,research_weather_proxy_from_estimated_actuals,solcast_daylight_precip_clearsky_v1,https://docs.solcast.com.au/docs/output-parameters,0.4234796168411673,2.2,1.35,0.0,accepted,,[],1.42825
2025-11-24,autumn,sunny,research_weather_proxy_from_estimated_actuals,solcast_daylight_precip_clearsky_v1,https://docs.solcast.com.au/docs/output-parameters,0.9950699630247227,0.1,0.0,0.0,accepted,,[],3.43475
2025-11-25,autumn,rainy,research_weather_proxy_from_estimated_actuals,solcast_daylight_precip_clearsky_v1,https://docs.solcast.com.au/docs/output-parameters,0.18673761768317643,3.9,3.5,0.0,accepted,,[],0.5715
2025-11-26,autumn,sunny,research_weather_proxy_from_estimated_actuals,solcast_daylight_precip_clearsky_v1,https://docs.solcast.com.au/docs/output-parameters,0.9988626023657871,0.0,0.0,0.0,accepted,,[],3.29575
2025-11-27,autumn,cloudy,research_weather_proxy_from_estimated_actuals,solcast_daylight_precip_clearsky_v1,https://docs.solcast.com.au/docs/output-parameters,0.691926507585576,0.9,0.075,0.0,accepted,,[],2.271
2025-11-28,autumn,sunny,research_weather_proxy_from_estimated_actuals,solcast_daylight_precip_clearsky_v1,https://docs.solcast.com.au/docs/output-parameters,0.999042427813789,0.0,0.0,0.0,accepted,,[],3.3930000000000002
2025-11-29,autumn,sunny,research_weather_proxy_from_estimated_actuals,solcast_daylight_precip_clearsky_v1,https://docs.solcast.com.au/docs/output-parameters,0.7989378412745904,0.5,0.0,0.0,accepted,,[],2.672
2025-11-30,autumn,sunny,research_weather_proxy_from_estimated_actuals,solcast_daylight_precip_clearsky_v1,https://docs.solcast.com.au/docs/output-parameters,0.9989417989417989,0.30000000000000004,0.0,0.0,accepted,,[],3.30575
2025-12-01,winter,sunny,research_weather_proxy_from_estimated_actuals,solcast_daylight_precip_clearsky_v1,https://docs.solcast.com.au/docs/output-parameters,0.9704173269941891,0.0,0.0,0.0,accepted,,[],3.21525
2025-12-02,winter,sunny,research_weather_proxy_from_estimated_actuals,solcast_daylight_precip_clearsky_v1,https://docs.solcast.com.au/docs/output-parameters,0.7368948247078464,0.5,0.5,0.0,accepted,,[],2.208
2025-12-03,winter,cloudy,research_weather_proxy_from_estimated_actuals,solcast_daylight_precip_clearsky_v1,https://docs.solcast.com.au/docs/output-parameters,0.2569216527812842,4.2,0.7250000000000001,0.0,accepted,,"[""precipitation_predominantly_outside_daylight""]",0.76375
2025-12-04,winter,sunny,research_weather_proxy_from_estimated_actuals,solcast_daylight_precip_clearsky_v1,https://docs.solcast.com.au/docs/output-parameters,0.9985890390613397,0.0,0.0,0.0,accepted,,[],3.36275
2025-12-05,winter,sunny,research_weather_proxy_from_estimated_actuals,solcast_daylight_precip_clearsky_v1,https://docs.solcast.com.au/docs/output-parameters,0.9324766177476997,0.1,0.1,0.0,accepted,,[],3.06675
2025-12-06,winter,sunny,research_weather_proxy_from_estimated_actuals,solcast_daylight_precip_clearsky_v1,https://docs.solcast.com.au/docs/output-parameters,0.7442396313364056,0.0,0.0,0.0,accepted,,[],2.4235
2025-12-07,winter,sunny,research_weather_proxy_from_estimated_actuals,solcast_daylight_precip_clearsky_v1,https://docs.solcast.com.au/docs/output-parameters,0.9990170132325141,0.0,0.0,0.0,accepted,,[],3.30775
2025-12-08,winter,sunny,research_weather_proxy_from_estimated_actuals,solcast_daylight_precip_clearsky_v1,https://docs.solcast.com.au/docs/output-parameters,0.9900473933649289,0.0,0.0,0.0,accepted,,[],3.13775
2025-12-09,winter,sunny,research_weather_proxy_from_estimated_actuals,solcast_daylight_precip_clearsky_v1,https://docs.solcast.com.au/docs/output-parameters,0.8819792973651192,0.0,0.0,0.0,accepted,,[],2.815
2025-12-10,winter,sunny,research_weather_proxy_from_estimated_actuals,solcast_daylight_precip_clearsky_v1,https://docs.solcast.com.au/docs/output-parameters,0.9879217642016676,0.0,0.0,0.0,accepted,,[],3.17325
2025-12-11,winter,sunny,research_weather_proxy_from_estimated_actuals,solcast_daylight_precip_clearsky_v1,https://docs.solcast.com.au/docs/output-parameters,0.8281980964671721,0.0,0.0,0.0,accepted,,[],2.56825
2025-12-12,winter,sunny,research_weather_proxy_from_estimated_actuals,solcast_daylight_precip_clearsky_v1,https://docs.solcast.com.au/docs/output-parameters,0.9993833821489132,0.0,0.0,0.0,accepted,,[],3.24525
2025-12-13,winter,sunny,research_weather_proxy_from_estimated_actuals,solcast_daylight_precip_clearsky_v1,https://docs.solcast.com.au/docs/output-parameters,0.7439043952518447,1.7000000000000002,0.0,0.0,accepted,,"[""precipitation_predominantly_outside_daylight""]",2.32
2025-12-14,winter,rainy,research_weather_proxy_from_estimated_actuals,solcast_daylight_precip_clearsky_v1,https://docs.solcast.com.au/docs/output-parameters,0.2849289580514208,13.9,9.05,0.0,accepted,,[],0.8432499999999999
2025-12-15,winter,sunny,research_weather_proxy_from_estimated_actuals,solcast_daylight_precip_clearsky_v1,https://docs.solcast.com.au/docs/output-parameters,0.998593640128135,0.0,0.0,0.0,accepted,,[],3.1982500000000003
2025-12-16,winter,sunny,research_weather_proxy_from_estimated_actuals,solcast_daylight_precip_clearsky_v1,https://docs.solcast.com.au/docs/output-parameters,0.967383483891598,0.0,0.0,0.0,accepted,,[],3.0275
2025-12-17,winter,sunny,research_weather_proxy_from_estimated_actuals,solcast_daylight_precip_clearsky_v1,https://docs.solcast.com.au/docs/output-parameters,0.9973084363697535,0.0,0.0,0.0,accepted,,[],2.966
2025-12-18,winter,sunny,research_weather_proxy_from_estimated_actuals,solcast_daylight_precip_clearsky_v1,https://docs.solcast.com.au/docs/output-parameters,0.9951587301587301,0.0,0.0,0.0,accepted,,[],3.137
2025-12-19,winter,sunny,research_weather_proxy_from_estimated_actuals,solcast_daylight_precip_clearsky_v1,https://docs.solcast.com.au/docs/output-parameters,0.7179718958008053,0.0,0.0,0.0,accepted,,[],2.186
2025-12-20,winter,rainy,research_weather_proxy_from_estimated_actuals,solcast_daylight_precip_clearsky_v1,https://docs.solcast.com.au/docs/output-parameters,0.42762535477767266,13.5,1.975,0.0,accepted,,[],1.2437500000000001
2025-12-21,winter,rainy,research_weather_proxy_from_estimated_actuals,solcast_daylight_precip_clearsky_v1,https://docs.solcast.com.au/docs/output-parameters,0.3470639789658195,9.9,2.9,0.0,accepted,,[],0.9905
2025-12-22,winter,cloudy,research_weather_proxy_from_estimated_actuals,solcast_daylight_precip_clearsky_v1,https://docs.solcast.com.au/docs/output-parameters,0.5465654952076677,0.0,0.0,0.0,accepted,,[],1.712
2025-12-23,winter,sunny,research_weather_proxy_from_estimated_actuals,solcast_daylight_precip_clearsky_v1,https://docs.solcast.com.au/docs/output-parameters,0.8971206729213846,0.0,0.0,0.0,accepted,,[],2.7745
2025-12-24,winter,rainy,research_weather_proxy_from_estimated_actuals,solcast_daylight_precip_clearsky_v1,https://docs.solcast.com.au/docs/output-parameters,0.19191246431969552,11.4,8.2,0.0,accepted,,[],0.5065
2025-12-25,winter,cloudy,research_weather_proxy_from_estimated_actuals,solcast_daylight_precip_clearsky_v1,https://docs.solcast.com.au/docs/output-parameters,0.4661535608308605,4.0,0.225,0.0,accepted,,"[""precipitation_predominantly_outside_daylight""]",1.25725
2025-12-26,winter,sunny,research_weather_proxy_from_estimated_actuals,solcast_daylight_precip_clearsky_v1,https://docs.solcast.com.au/docs/output-parameters,0.9718692559737873,1.8,0.1,0.0,accepted,,"[""precipitation_predominantly_outside_daylight""]",3.04175
2025-12-27,winter,cloudy,research_weather_proxy_from_estimated_actuals,solcast_daylight_precip_clearsky_v1,https://docs.solcast.com.au/docs/output-parameters,0.38092147955872807,0.0,0.0,0.0,accepted,,[],1.17575
2025-12-28,winter,sunny,research_weather_proxy_from_estimated_actuals,solcast_daylight_precip_clearsky_v1,https://docs.solcast.com.au/docs/output-parameters,0.9993007536321964,0.0,0.0,0.0,accepted,,[],3.218
2025-12-29,winter,sunny,research_weather_proxy_from_estimated_actuals,solcast_daylight_precip_clearsky_v1,https://docs.solcast.com.au/docs/output-parameters,0.9428057847863388,0.30000000000000004,0.0,0.0,accepted,,[],2.89125
2025-12-30,winter,sunny,research_weather_proxy_from_estimated_actuals,solcast_daylight_precip_clearsky_v1,https://docs.solcast.com.au/docs/output-parameters,0.9966701859822952,0.0,0.0,0.0,accepted,,[],3.07025
2025-12-31,winter,sunny,research_weather_proxy_from_estimated_actuals,solcast_daylight_precip_clearsky_v1,https://docs.solcast.com.au/docs/output-parameters,0.9683554548397539,0.7000000000000001,0.47500000000000003,0.0,accepted,,[],2.997
