battery_capacity_kwh,charging_efficiency,event_id,event_type,reserve_soc_kwh,reserve_soc_percent,soc_after_kwh,soc_after_percent,soc_before_kwh,soc_before_percent,source_artifact,time_min,vehicle_id
314.0,0.95,0549a411-fd2a-4339-b4a3-45a3b7d37898:initial_state,initial_state,62.800000000000004,20.0,119.674506,38.1129,119.674506,38.1129,scenario_fleet_contract,0,0549a411-fd2a-4339-b4a3-45a3b7d37898
314.0,0.95,0549a411-fd2a-4339-b4a3-45a3b7d37898:charging:0:0,charging,62.800000000000004,20.0,133.924506,42.65111656050956,119.674506,38.1129,executed_charging_schedule,15,0549a411-fd2a-4339-b4a3-45a3b7d37898
314.0,0.95,0549a411-fd2a-4339-b4a3-45a3b7d37898:charging:1:4,charging,62.800000000000004,20.0,137.288410616,43.72242376305733,133.924506,42.65111656050956,executed_charging_schedule,30,0549a411-fd2a-4339-b4a3-45a3b7d37898
314.0,0.95,0549a411-fd2a-4339-b4a3-45a3b7d37898:startup,startup_deadhead,62.800000000000004,20.0,135.709210616,43.219493826751595,137.288410616,43.72242376305733,canonical_solver_result,388,0549a411-fd2a-4339-b4a3-45a3b7d37898
314.0,0.95,0549a411-fd2a-4339-b4a3-45a3b7d37898:service:0,service_trip,62.800000000000004,20.0,128.46036940800002,40.910945671337586,135.709210616,43.219493826751595,canonical_solver_result,415,0549a411-fd2a-4339-b4a3-45a3b7d37898
314.0,0.95,0549a411-fd2a-4339-b4a3-45a3b7d37898:service:1,service_trip,62.800000000000004,20.0,124.01730600000002,39.495957324840774,128.46036940800002,40.910945671337586,canonical_solver_result,1364,0549a411-fd2a-4339-b4a3-45a3b7d37898
314.0,0.95,0549a411-fd2a-4339-b4a3-45a3b7d37898:terminal_return,terminal_return,62.800000000000004,20.0,119.67450600000002,38.1129,124.01730600000002,39.495957324840774,canonical_solver_result,1375,0549a411-fd2a-4339-b4a3-45a3b7d37898
314.0,0.95,0c9b7317-11ce-4340-ad98-a702eaacaaa4:initial_state,initial_state,62.800000000000004,20.0,235.73707,75.07549999999999,235.73707,75.07549999999999,scenario_fleet_contract,0,0c9b7317-11ce-4340-ad98-a702eaacaaa4
314.0,0.95,0c9b7317-11ce-4340-ad98-a702eaacaaa4:charging:5:25,charging,62.800000000000004,20.0,242.262453858,77.1536477254777,235.73707,75.07549999999999,executed_charging_schedule,90,0c9b7317-11ce-4340-ad98-a702eaacaaa4
314.0,0.95,0c9b7317-11ce-4340-ad98-a702eaacaaa4:charging:21:49,charging,62.800000000000004,20.0,244.684953858,77.92514454076434,242.262453858,77.1536477254777,executed_charging_schedule,330,0c9b7317-11ce-4340-ad98-a702eaacaaa4
314.0,0.95,0c9b7317-11ce-4340-ad98-a702eaacaaa4:charging:23:54,charging,62.800000000000004,20.0,251.19999999999982,79.99999999999994,244.684953858,77.92514454076434,executed_charging_schedule,360,0c9b7317-11ce-4340-ad98-a702eaacaaa4
314.0,0.95,0c9b7317-11ce-4340-ad98-a702eaacaaa4:charging:24:58,charging,62.800000000000004,20.0,251.20002374999981,80.00000756369421,251.19999999999982,79.99999999999994,executed_charging_schedule,375,0c9b7317-11ce-4340-ad98-a702eaacaaa4
314.0,0.95,0c9b7317-11ce-4340-ad98-a702eaacaaa4:charging:25:63,charging,62.800000000000004,20.0,251.2000474999998,80.00001512738848,251.20002374999981,80.00000756369421,executed_charging_schedule,390,0c9b7317-11ce-4340-ad98-a702eaacaaa4
314.0,0.95,0c9b7317-11ce-4340-ad98-a702eaacaaa4:charging:26:67,charging,62.800000000000004,20.0,253.9056723159998,80.86167908152859,251.2000474999998,80.00001512738848,executed_charging_schedule,405,0c9b7317-11ce-4340-ad98-a702eaacaaa4
314.0,0.95,0c9b7317-11ce-4340-ad98-a702eaacaaa4:startup,startup_deadhead,62.800000000000004,20.0,252.3264723159998,80.35874914522287,253.9056723159998,80.86167908152859,canonical_solver_result,413,0c9b7317-11ce-4340-ad98-a702eaacaaa4
314.0,0.95,0c9b7317-11ce-4340-ad98-a702eaacaaa4:service:0,service_trip,62.800000000000004,20.0,244.82130852399982,77.96856959363052,252.3264723159998,80.35874914522287,canonical_solver_result,442,0c9b7317-11ce-4340-ad98-a702eaacaaa4
314.0,0.95,0c9b7317-11ce-4340-ad98-a702eaacaaa4:service:1,service_trip,62.800000000000004,20.0,237.31617499999982,75.57839968152861,244.82130852399982,77.96856959363052,canonical_solver_result,1362,0c9b7317-11ce-4340-ad98-a702eaacaaa4
314.0,0.95,0c9b7317-11ce-4340-ad98-a702eaacaaa4:terminal_return,terminal_return,62.800000000000004,20.0,235.73697499999983,75.07546974522288,237.31617499999982,75.57839968152861,canonical_solver_result,1366,0c9b7317-11ce-4340-ad98-a702eaacaaa4
314.0,0.95,0c9b7317-11ce-4340-ad98-a702eaacaaa4:charging:95:137,charging,62.800000000000004,20.0,235.7370699999998,75.07549999999993,235.73697499999983,75.07546974522288,executed_charging_schedule,1440,0c9b7317-11ce-4340-ad98-a702eaacaaa4
314.0,0.95,1804ab20-a2a0-475c-b4d0-71d8a72c192f:initial_state,initial_state,62.800000000000004,20.0,139.502036,44.427400000000006,139.502036,44.427400000000006,scenario_fleet_contract,0,1804ab20-a2a0-475c-b4d0-71d8a72c192f
314.0,0.95,1804ab20-a2a0-475c-b4d0-71d8a72c192f:charging:0:1,charging,62.800000000000004,20.0,139.50205975,44.42740756369427,139.502036,44.427400000000006,executed_charging_schedule,15,1804ab20-a2a0-475c-b4d0-71d8a72c192f
314.0,0.95,1804ab20-a2a0-475c-b4d0-71d8a72c192f:charging:1:5,charging,62.800000000000004,20.0,143.56276462,45.72062567515923,139.50205975,44.42740756369427,executed_charging_schedule,30,1804ab20-a2a0-475c-b4d0-71d8a72c192f
314.0,0.95,1804ab20-a2a0-475c-b4d0-71d8a72c192f:charging:4:17,charging,62.800000000000004,20.0,143.56278837,45.7206332388535,143.56276462,45.72062567515923,executed_charging_schedule,75,1804ab20-a2a0-475c-b4d0-71d8a72c192f
314.0,0.95,1804ab20-a2a0-475c-b4d0-71d8a72c192f:charging:5:26,charging,62.800000000000004,20.0,143.56281212,45.72064080254776,143.56278837,45.7206332388535,executed_charging_schedule,90,1804ab20-a2a0-475c-b4d0-71d8a72c192f
314.0,0.95,1804ab20-a2a0-475c-b4d0-71d8a72c192f:charging:8:33,charging,62.800000000000004,20.0,150.68781212,47.98974908280254,143.56281212,45.72064080254776,executed_charging_schedule,135,1804ab20-a2a0-475c-b4d0-71d8a72c192f
314.0,0.95,1804ab20-a2a0-475c-b4d0-71d8a72c192f:charging:12:39,charging,62.800000000000004,20.0,157.81281212,50.25885736305732,150.68781212,47.98974908280254,executed_charging_schedule,195,1804ab20-a2a0-475c-b4d0-71d8a72c192f
314.0,0.95,1804ab20-a2a0-475c-b4d0-71d8a72c192f:charging:16:41,charging,62.800000000000004,20.0,164.93781212,52.52796564331209,157.81281212,50.25885736305732,executed_charging_schedule,255,1804ab20-a2a0-475c-b4d0-71d8a72c192f
314.0,0.95,1804ab20-a2a0-475c-b4d0-71d8a72c192f:startup,startup_deadhead,62.800000000000004,20.0,163.35861212,52.02503570700637,164.93781212,52.52796564331209,canonical_solver_result,373,1804ab20-a2a0-475c-b4d0-71d8a72c192f
314.0,0.95,1804ab20-a2a0-475c-b4d0-71d8a72c192f:service:0,service_trip,62.800000000000004,20.0,156.10977091200002,49.716487551592365,163.35861212,52.02503570700637,canonical_solver_result,400,1804ab20-a2a0-475c-b4d0-71d8a72c192f
314.0,0.95,1804ab20-a2a0-475c-b4d0-71d8a72c192f:service:1,service_trip,62.800000000000004,20.0,148.71025823200003,47.359954850955425,156.10977091200002,49.716487551592365,canonical_solver_result,465,1804ab20-a2a0-475c-b4d0-71d8a72c192f
314.0,0.95,1804ab20-a2a0-475c-b4d0-71d8a72c192f:service:2,service_trip,62.800000000000004,20.0,141.46141702400004,45.05140669554142,148.71025823200003,47.359954850955425,canonical_solver_result,546,1804ab20-a2a0-475c-b4d0-71d8a72c192f
314.0,0.95,1804ab20-a2a0-475c-b4d0-71d8a72c192f:service:3,service_trip,62.800000000000004,20.0,133.95628350000004,42.661236783439506,141.46141702400004,45.05140669554142,canonical_solver_result,1388,1804ab20-a2a0-475c-b4d0-71d8a72c192f
314.0,0.95,1804ab20-a2a0-475c-b4d0-71d8a72c192f:terminal_return,terminal_return,62.800000000000004,20.0,132.37708350000005,42.15830684713378,133.95628350000004,42.661236783439506,canonical_solver_result,1392,1804ab20-a2a0-475c-b4d0-71d8a72c192f
314.0,0.95,1804ab20-a2a0-475c-b4d0-71d8a72c192f:charging:95:138,charging,62.800000000000004,20.0,139.50203600000063,44.4274000000002,132.37708350000005,42.15830684713378,executed_charging_schedule,1440,1804ab20-a2a0-475c-b4d0-71d8a72c192f
314.0,0.95,2e2015fd-c7c1-4c32-8498-ebb6be29cc4c:initial_state,initial_state,62.800000000000004,20.0,111.137474,35.3941,111.137474,35.3941,scenario_fleet_contract,0,2e2015fd-c7c1-4c32-8498-ebb6be29cc4c
314.0,0.95,2e2015fd-c7c1-4c32-8498-ebb6be29cc4c:charging:2:11,charging,62.800000000000004,20.0,118.18494558399999,37.63851770191083,111.137474,35.3941,executed_charging_schedule,45,2e2015fd-c7c1-4c32-8498-ebb6be29cc4c
314.0,0.95,2e2015fd-c7c1-4c32-8498-ebb6be29cc4c:charging:3:15,charging,62.800000000000004,20.0,132.434945584,42.17673426242038,118.18494558399999,37.63851770191083,executed_charging_schedule,60,2e2015fd-c7c1-4c32-8498-ebb6be29cc4c
314.0,0.95,2e2015fd-c7c1-4c32-8498-ebb6be29cc4c:charging:4:18,charging,62.800000000000004,20.0,132.434969334,42.17674182611464,132.434945584,42.17673426242038,executed_charging_schedule,75,2e2015fd-c7c1-4c32-8498-ebb6be29cc4c
314.0,0.95,2e2015fd-c7c1-4c32-8498-ebb6be29cc4c:charging:5:27,charging,62.800000000000004,20.0,144.26242183399998,45.943446443949036,132.434969334,42.17674182611464,executed_charging_schedule,90,2e2015fd-c7c1-4c32-8498-ebb6be29cc4c
314.0,0.95,2e2015fd-c7c1-4c32-8498-ebb6be29cc4c:charging:6:32,charging,62.800000000000004,20.0,144.26244558399998,45.943454007643304,144.26242183399998,45.943446443949036,executed_charging_schedule,105,2e2015fd-c7c1-4c32-8498-ebb6be29cc4c
314.0,0.95,2e2015fd-c7c1-4c32-8498-ebb6be29cc4c:charging:8:34,charging,62.800000000000004,20.0,158.51244558399998,50.48167056815286,144.26244558399998,45.943454007643304,executed_charging_schedule,135,2e2015fd-c7c1-4c32-8498-ebb6be29cc4c
314.0,0.95,2e2015fd-c7c1-4c32-8498-ebb6be29cc4c:charging:9:36,charging,62.800000000000004,20.0,160.934945584,51.25316738343949,158.51244558399998,50.48167056815286,executed_charging_schedule,150,2e2015fd-c7c1-4c32-8498-ebb6be29cc4c
314.0,0.95,2e2015fd-c7c1-4c32-8498-ebb6be29cc4c:startup,startup_deadhead,62.800000000000004,20.0,159.355745584,50.750237447133756,160.934945584,51.25316738343949,canonical_solver_result,363,2e2015fd-c7c1-4c32-8498-ebb6be29cc4c
314.0,0.95,2e2015fd-c7c1-4c32-8498-ebb6be29cc4c:service:0,service_trip,62.800000000000004,20.0,152.10690437600002,48.441689291719754,159.355745584,50.750237447133756,canonical_solver_result,390,2e2015fd-c7c1-4c32-8498-ebb6be29cc4c
314.0,0.95,2e2015fd-c7c1-4c32-8498-ebb6be29cc4c:connection:1,connection_deadhead,62.800000000000004,20.0,142.63170437600002,45.424109673885354,152.10690437600002,48.441689291719754,canonical_solver_result,424,2e2015fd-c7c1-4c32-8498-ebb6be29cc4c
314.0,0.95,2e2015fd-c7c1-4c32-8498-ebb6be29cc4c:service:1,service_trip,62.800000000000004,20.0,135.38286316800003,43.115561518471345,142.63170437600002,45.424109673885354,canonical_solver_result,453,2e2015fd-c7c1-4c32-8498-ebb6be29cc4c
314.0,0.95,2e2015fd-c7c1-4c32-8498-ebb6be29cc4c:service:2,service_trip,62.800000000000004,20.0,127.72697131600003,40.677379400000014,135.38286316800003,43.115561518471345,canonical_solver_result,696,2e2015fd-c7c1-4c32-8498-ebb6be29cc4c
314.0,0.95,2e2015fd-c7c1-4c32-8498-ebb6be29cc4c:service:3,service_trip,62.800000000000004,20.0,120.22180752400003,38.28719984840765,127.72697131600003,40.677379400000014,canonical_solver_result,934,2e2015fd-c7c1-4c32-8498-ebb6be29cc4c
314.0,0.95,2e2015fd-c7c1-4c32-8498-ebb6be29cc4c:service:4,service_trip,62.800000000000004,20.0,112.71667400000003,35.89702993630574,120.22180752400003,38.28719984840765,canonical_solver_result,1381,2e2015fd-c7c1-4c32-8498-ebb6be29cc4c
314.0,0.95,2e2015fd-c7c1-4c32-8498-ebb6be29cc4c:terminal_return,terminal_return,62.800000000000004,20.0,111.13747400000003,35.39410000000001,112.71667400000003,35.89702993630574,canonical_solver_result,1385,2e2015fd-c7c1-4c32-8498-ebb6be29cc4c
314.0,0.95,35f95479-c68e-40bc-b31a-1f0a5490227c:initial_state,initial_state,62.800000000000004,20.0,159.971696,50.946400000000004,159.971696,50.946400000000004,scenario_fleet_contract,0,35f95479-c68e-40bc-b31a-1f0a5490227c
314.0,0.95,35f95479-c68e-40bc-b31a-1f0a5490227c:charging:0:2,charging,62.800000000000004,20.0,174.221696,55.48461656050956,159.971696,50.946400000000004,executed_charging_schedule,15,35f95479-c68e-40bc-b31a-1f0a5490227c
314.0,0.95,35f95479-c68e-40bc-b31a-1f0a5490227c:charging:1:6,charging,62.800000000000004,20.0,181.920290168,57.93639814267516,174.221696,55.48461656050956,executed_charging_schedule,30,35f95479-c68e-40bc-b31a-1f0a5490227c
314.0,0.95,35f95479-c68e-40bc-b31a-1f0a5490227c:charging:4:19,charging,62.800000000000004,20.0,181.920313918,57.93640570636943,181.920290168,57.93639814267516,executed_charging_schedule,75,35f95479-c68e-40bc-b31a-1f0a5490227c
314.0,0.95,35f95479-c68e-40bc-b31a-1f0a5490227c:charging:8:35,charging,62.800000000000004,20.0,196.170313918,62.47462226687898,181.920313918,57.93640570636943,executed_charging_schedule,135,35f95479-c68e-40bc-b31a-1f0a5490227c
314.0,0.95,35f95479-c68e-40bc-b31a-1f0a5490227c:charging:9:37,charging,62.800000000000004,20.0,196.170337668,62.47462983057325,196.170313918,62.47462226687898,executed_charging_schedule,150,35f95479-c68e-40bc-b31a-1f0a5490227c
314.0,0.95,35f95479-c68e-40bc-b31a-1f0a5490227c:charging:10:38,charging,62.800000000000004,20.0,196.170361418,62.47463739426751,196.170337668,62.47462983057325,executed_charging_schedule,165,35f95479-c68e-40bc-b31a-1f0a5490227c
314.0,0.95,35f95479-c68e-40bc-b31a-1f0a5490227c:charging:16:42,charging,62.800000000000004,20.0,196.170385168,62.47464495796178,196.170361418,62.47463739426751,executed_charging_schedule,255,35f95479-c68e-40bc-b31a-1f0a5490227c
314.0,0.95,35f95479-c68e-40bc-b31a-1f0a5490227c:startup,startup_deadhead,62.800000000000004,20.0,194.591185168,61.97171502165605,196.170385168,62.47464495796178,canonical_solver_result,358,35f95479-c68e-40bc-b31a-1f0a5490227c
314.0,0.95,35f95479-c68e-40bc-b31a-1f0a5490227c:service:0,service_trip,62.800000000000004,20.0,187.34234396000002,59.66316686624205,194.591185168,61.97171502165605,canonical_solver_result,385,35f95479-c68e-40bc-b31a-1f0a5490227c
314.0,0.95,35f95479-c68e-40bc-b31a-1f0a5490227c:connection:1,connection_deadhead,62.800000000000004,20.0,177.47234396000002,56.51985476433122,187.34234396000002,59.66316686624205,canonical_solver_result,420,35f95479-c68e-40bc-b31a-1f0a5490227c
314.0,0.95,35f95479-c68e-40bc-b31a-1f0a5490227c:service:1,service_trip,62.800000000000004,20.0,169.96718016800003,54.12967521273886,177.47234396000002,56.51985476433122,canonical_solver_result,456,35f95479-c68e-40bc-b31a-1f0a5490227c
314.0,0.95,35f95479-c68e-40bc-b31a-1f0a5490227c:service:2,service_trip,62.800000000000004,20.0,162.31128831600003,51.69149309426752,169.96718016800003,54.12967521273886,canonical_solver_result,659,35f95479-c68e-40bc-b31a-1f0a5490227c
314.0,0.95,35f95479-c68e-40bc-b31a-1f0a5490227c:service:3,service_trip,62.800000000000004,20.0,154.80612452400004,49.301313542675175,162.31128831600003,51.69149309426752,canonical_solver_result,960,35f95479-c68e-40bc-b31a-1f0a5490227c
314.0,0.95,35f95479-c68e-40bc-b31a-1f0a5490227c:service:4,service_trip,62.800000000000004,20.0,147.30099100000004,46.91114363057326,154.80612452400004,49.301313542675175,canonical_solver_result,1394,35f95479-c68e-40bc-b31a-1f0a5490227c
314.0,0.95,35f95479-c68e-40bc-b31a-1f0a5490227c:terminal_return,terminal_return,62.800000000000004,20.0,145.72179100000005,46.40821369426753,147.30099100000004,46.91114363057326,canonical_solver_result,1398,35f95479-c68e-40bc-b31a-1f0a5490227c
314.0,0.95,35f95479-c68e-40bc-b31a-1f0a5490227c:charging:94:133,charging,62.800000000000004,20.0,159.97167225,50.946392436305736,145.72179100000005,46.40821369426753,executed_charging_schedule,1425,35f95479-c68e-40bc-b31a-1f0a5490227c
314.0,0.95,35f95479-c68e-40bc-b31a-1f0a5490227c:charging:95:139,charging,62.800000000000004,20.0,159.971696,50.946400000000004,159.97167225,50.946392436305736,executed_charging_schedule,1440,35f95479-c68e-40bc-b31a-1f0a5490227c
314.0,0.95,3acd650a-ca8c-4114-9922-f514a915f460:initial_state,initial_state,62.800000000000004,20.0,135.272456,43.0804,135.272456,43.0804,scenario_fleet_contract,0,3acd650a-ca8c-4114-9922-f514a915f460
314.0,0.95,3acd650a-ca8c-4114-9922-f514a915f460:charging:1:7,charging,62.800000000000004,20.0,149.522456,47.61861656050956,135.272456,43.0804,executed_charging_schedule,30,3acd650a-ca8c-4114-9922-f514a915f460
314.0,0.95,3acd650a-ca8c-4114-9922-f514a915f460:charging:2:12,charging,62.800000000000004,20.0,170.897456,54.42594140127389,149.522456,47.61861656050956,executed_charging_schedule,45,3acd650a-ca8c-4114-9922-f514a915f460
314.0,0.95,3acd650a-ca8c-4114-9922-f514a915f460:charging:3:16,charging,62.800000000000004,20.0,192.272456,61.233266242038226,170.897456,54.42594140127389,executed_charging_schedule,60,3acd650a-ca8c-4114-9922-f514a915f460
314.0,0.95,3acd650a-ca8c-4114-9922-f514a915f460:charging:4:20,charging,62.800000000000004,20.0,213.647456,68.04059108280255,192.272456,61.233266242038226,executed_charging_schedule,75,3acd650a-ca8c-4114-9922-f514a915f460
314.0,0.95,3acd650a-ca8c-4114-9922-f514a915f460:charging:5:28,charging,62.800000000000004,20.0,227.897456,72.5788076433121,213.647456,68.04059108280255,executed_charging_schedule,90,3acd650a-ca8c-4114-9922-f514a915f460
314.0,0.95,3acd650a-ca8c-4114-9922-f514a915f460:charging:14:40,charging,62.800000000000004,20.0,235.022456,74.84791592356689,227.897456,72.5788076433121,executed_charging_schedule,225,3acd650a-ca8c-4114-9922-f514a915f460
314.0,0.95,3acd650a-ca8c-4114-9922-f514a915f460:charging:16:43,charging,62.800000000000004,20.0,240.49969768000005,76.59226040764334,235.022456,74.84791592356689,executed_charging_schedule,255,3acd650a-ca8c-4114-9922-f514a915f460
314.0,0.95,3acd650a-ca8c-4114-9922-f514a915f460:charging:18:45,charging,62.800000000000004,20.0,247.62469768000005,78.8613686878981,240.49969768000005,76.59226040764334,executed_charging_schedule,285,3acd650a-ca8c-4114-9922-f514a915f460
314.0,0.95,3acd650a-ca8c-4114-9922-f514a915f460:charging:22:50,charging,62.800000000000004,20.0,252.82722268185148,80.51822378402913,247.62469768000005,78.8613686878981,executed_charging_schedule,345,3acd650a-ca8c-4114-9922-f514a915f460
314.0,0.95,3acd650a-ca8c-4114-9922-f514a915f460:startup,startup_deadhead,62.800000000000004,20.0,251.2480226818515,80.01529384772341,252.82722268185148,80.51822378402913,canonical_solver_result,380,3acd650a-ca8c-4114-9922-f514a915f460
314.0,0.95,3acd650a-ca8c-4114-9922-f514a915f460:service:0,service_trip,62.800000000000004,20.0,246.2792501738515,78.43288222097182,251.2480226818515,80.01529384772341,canonical_solver_result,400,3acd650a-ca8c-4114-9922-f514a915f460
314.0,0.95,3acd650a-ca8c-4114-9922-f514a915f460:connection:1,connection_deadhead,62.800000000000004,20.0,231.2768501738515,73.65504782606736,246.2792501738515,78.43288222097182,canonical_solver_result,448,3acd650a-ca8c-4114-9922-f514a915f460
314.0,0.95,3acd650a-ca8c-4114-9922-f514a915f460:service:1,service_trip,62.800000000000004,20.0,218.9371932498515,69.7252207802075,231.2768501738515,73.65504782606736,canonical_solver_result,519,3acd650a-ca8c-4114-9922-f514a915f460
314.0,0.95,3acd650a-ca8c-4114-9922-f514a915f460:service:2,service_trip,62.800000000000004,20.0,206.7482643858515,65.84339630122659,218.9371932498515,69.7252207802075,canonical_solver_result,591,3acd650a-ca8c-4114-9922-f514a915f460
314.0,0.95,3acd650a-ca8c-4114-9922-f514a915f460:service:3,service_trip,62.800000000000004,20.0,194.40860746185152,61.91356925536673,206.7482643858515,65.84339630122659,canonical_solver_result,654,3acd650a-ca8c-4114-9922-f514a915f460
314.0,0.95,3acd650a-ca8c-4114-9922-f514a915f460:service:4,service_trip,62.800000000000004,20.0,182.21967859785153,58.031744776385835,194.40860746185152,61.91356925536673,canonical_solver_result,715,3acd650a-ca8c-4114-9922-f514a915f460
314.0,0.95,3acd650a-ca8c-4114-9922-f514a915f460:service:5,service_trip,62.800000000000004,20.0,169.88002167385153,54.10191773052596,182.21967859785153,58.031744776385835,canonical_solver_result,981,3acd650a-ca8c-4114-9922-f514a915f460
314.0,0.95,3acd650a-ca8c-4114-9922-f514a915f460:service:6,service_trip,62.800000000000004,20.0,157.69109280985154,50.22009325154508,169.88002167385153,54.10191773052596,canonical_solver_result,1043,3acd650a-ca8c-4114-9922-f514a915f460
314.0,0.95,3acd650a-ca8c-4114-9922-f514a915f460:service:7,service_trip,62.800000000000004,20.0,145.35143588585154,46.29026620568521,157.69109280985154,50.22009325154508,canonical_solver_result,1111,3acd650a-ca8c-4114-9922-f514a915f460
314.0,0.95,3acd650a-ca8c-4114-9922-f514a915f460:service:8,service_trip,62.800000000000004,20.0,133.16250702185155,42.40844172670432,145.35143588585154,46.29026620568521,canonical_solver_result,1166,3acd650a-ca8c-4114-9922-f514a915f460
314.0,0.95,3acd650a-ca8c-4114-9922-f514a915f460:service:9,service_trip,62.800000000000004,20.0,120.82285009785156,38.478614680844444,133.16250702185155,42.40844172670432,canonical_solver_result,1225,3acd650a-ca8c-4114-9922-f514a915f460
314.0,0.95,3acd650a-ca8c-4114-9922-f514a915f460:service:10,service_trip,62.800000000000004,20.0,108.63392123385155,34.596790201863556,120.82285009785156,38.478614680844444,canonical_solver_result,1280,3acd650a-ca8c-4114-9922-f514a915f460
314.0,0.95,3acd650a-ca8c-4114-9922-f514a915f460:service:11,service_trip,62.800000000000004,20.0,96.44502263785155,30.714975362373103,108.63392123385155,34.596790201863556,canonical_solver_result,1334,3acd650a-ca8c-4114-9922-f514a915f460
314.0,0.95,3acd650a-ca8c-4114-9922-f514a915f460:service:12,service_trip,62.800000000000004,20.0,92.17918100185155,29.356427070653357,96.44502263785155,30.714975362373103,canonical_solver_result,1370,3acd650a-ca8c-4114-9922-f514a915f460
314.0,0.95,3acd650a-ca8c-4114-9922-f514a915f460:terminal_return,terminal_return,62.800000000000004,20.0,90.59998100185155,28.853497134347624,92.17918100185155,29.356427070653357,canonical_solver_result,1374,3acd650a-ca8c-4114-9922-f514a915f460
314.0,0.95,3acd650a-ca8c-4114-9922-f514a915f460:charging:92:126,charging,62.800000000000004,20.0,104.84998100185155,33.39171369485718,90.59998100185155,28.853497134347624,executed_charging_schedule,1395,3acd650a-ca8c-4114-9922-f514a915f460
314.0,0.95,3acd650a-ca8c-4114-9922-f514a915f460:charging:93:129,charging,62.800000000000004,20.0,104.85000475185154,33.39172125855144,104.84998100185155,33.39171369485718,executed_charging_schedule,1410,3acd650a-ca8c-4114-9922-f514a915f460
314.0,0.95,3acd650a-ca8c-4114-9922-f514a915f460:charging:94:134,charging,62.800000000000004,20.0,121.02245600000003,38.54218343949046,104.85000475185154,33.39172125855144,executed_charging_schedule,1425,3acd650a-ca8c-4114-9922-f514a915f460
314.0,0.95,3acd650a-ca8c-4114-9922-f514a915f460:charging:95:140,charging,62.800000000000004,20.0,135.27245600000003,43.08040000000001,121.02245600000003,38.54218343949046,executed_charging_schedule,1440,3acd650a-ca8c-4114-9922-f514a915f460
314.0,0.95,3e38e74f-191a-4b72-8061-59f0020151e3:initial_state,initial_state,62.800000000000004,20.0,200.36026,63.809000000000005,200.36026,63.809000000000005,scenario_fleet_contract,0,3e38e74f-191a-4b72-8061-59f0020151e3
314.0,0.95,3e38e74f-191a-4b72-8061-59f0020151e3:charging:0:3,charging,62.800000000000004,20.0,214.61026,68.34721656050957,200.36026,63.809000000000005,executed_charging_schedule,15,3e38e74f-191a-4b72-8061-59f0020151e3
314.0,0.95,3e38e74f-191a-4b72-8061-59f0020151e3:charging:1:8,charging,62.800000000000004,20.0,235.98526,75.15454140127389,214.61026,68.34721656050957,executed_charging_schedule,30,3e38e74f-191a-4b72-8061-59f0020151e3
314.0,0.95,3e38e74f-191a-4b72-8061-59f0020151e3:charging:2:13,charging,62.800000000000004,20.0,250.23526,79.69275796178344,235.98526,75.15454140127389,executed_charging_schedule,45,3e38e74f-191a-4b72-8061-59f0020151e3
314.0,0.95,3e38e74f-191a-4b72-8061-59f0020151e3:charging:4:21,charging,62.800000000000004,20.0,251.19990000000007,79.99996815286626,250.23526,79.69275796178344,executed_charging_schedule,75,3e38e74f-191a-4b72-8061-59f0020151e3
314.0,0.95,3e38e74f-191a-4b72-8061-59f0020151e3:charging:18:46,charging,62.800000000000004,20.0,251.2,80.0,251.19990000000007,79.99996815286626,executed_charging_schedule,285,3e38e74f-191a-4b72-8061-59f0020151e3
314.0,0.95,3e38e74f-191a-4b72-8061-59f0020151e3:charging:19:47,charging,62.800000000000004,20.0,251.20002374999999,80.00000756369427,251.2,80.0,executed_charging_schedule,300,3e38e74f-191a-4b72-8061-59f0020151e3
314.0,0.95,3e38e74f-191a-4b72-8061-59f0020151e3:charging:24:59,charging,62.800000000000004,20.0,252.25199579999997,80.33503050955413,251.20002374999999,80.00000756369427,executed_charging_schedule,375,3e38e74f-191a-4b72-8061-59f0020151e3
314.0,0.95,3e38e74f-191a-4b72-8061-59f0020151e3:startup,startup_deadhead,62.800000000000004,20.0,242.38199579999997,77.19171840764331,252.25199579999997,80.33503050955413,canonical_solver_result,411,3e38e74f-191a-4b72-8061-59f0020151e3
314.0,0.95,3e38e74f-191a-4b72-8061-59f0020151e3:service:0,service_trip,62.800000000000004,20.0,230.69831881599998,73.47080217070064,242.38199579999997,77.19171840764331,canonical_solver_result,450,3e38e74f-191a-4b72-8061-59f0020151e3
314.0,0.95,3e38e74f-191a-4b72-8061-59f0020151e3:service:1,service_trip,62.800000000000004,20.0,219.16536989199997,69.79788850063693,230.69831881599998,73.47080217070064,canonical_solver_result,518,3e38e74f-191a-4b72-8061-59f0020151e3
314.0,0.95,3e38e74f-191a-4b72-8061-59f0020151e3:service:2,service_trip,62.800000000000004,20.0,207.48169290799999,66.07697226369426,219.16536989199997,69.79788850063693,canonical_solver_result,580,3e38e74f-191a-4b72-8061-59f0020151e3
314.0,0.95,3e38e74f-191a-4b72-8061-59f0020151e3:service:3,service_trip,62.800000000000004,20.0,195.94874398399998,62.40405859363056,207.48169290799999,66.07697226369426,canonical_solver_result,651,3e38e74f-191a-4b72-8061-59f0020151e3
314.0,0.95,3e38e74f-191a-4b72-8061-59f0020151e3:service:4,service_trip,62.800000000000004,20.0,184.265067,58.683142356687895,195.94874398399998,62.40405859363056,canonical_solver_result,823,3e38e74f-191a-4b72-8061-59f0020151e3
314.0,0.95,3e38e74f-191a-4b72-8061-59f0020151e3:service:5,service_trip,62.800000000000004,20.0,172.73211807599998,55.010228686624195,184.265067,58.683142356687895,canonical_solver_result,885,3e38e74f-191a-4b72-8061-59f0020151e3
314.0,0.95,3e38e74f-191a-4b72-8061-59f0020151e3:service:6,service_trip,62.800000000000004,20.0,161.048441092,51.289312449681525,172.73211807599998,55.010228686624195,canonical_solver_result,943,3e38e74f-191a-4b72-8061-59f0020151e3
314.0,0.95,3e38e74f-191a-4b72-8061-59f0020151e3:service:7,service_trip,62.800000000000004,20.0,149.51549216799998,47.61639877961783,161.048441092,51.289312449681525,canonical_solver_result,1013,3e38e74f-191a-4b72-8061-59f0020151e3
314.0,0.95,3e38e74f-191a-4b72-8061-59f0020151e3:service:8,service_trip,62.800000000000004,20.0,137.831815184,43.895482542675154,149.51549216799998,47.61639877961783,canonical_solver_result,1077,3e38e74f-191a-4b72-8061-59f0020151e3
314.0,0.95,3e38e74f-191a-4b72-8061-59f0020151e3:service:9,service_trip,62.800000000000004,20.0,126.29886626,40.22256887261146,137.831815184,43.895482542675154,canonical_solver_result,1139,3e38e74f-191a-4b72-8061-59f0020151e3
314.0,0.95,3e38e74f-191a-4b72-8061-59f0020151e3:service:10,service_trip,62.800000000000004,20.0,114.615189276,36.50165263566879,126.29886626,40.22256887261146,canonical_solver_result,1195,3e38e74f-191a-4b72-8061-59f0020151e3
314.0,0.95,3e38e74f-191a-4b72-8061-59f0020151e3:service:11,service_trip,62.800000000000004,20.0,103.082240352,32.8287389656051,114.615189276,36.50165263566879,canonical_solver_result,1250,3e38e74f-191a-4b72-8061-59f0020151e3
314.0,0.95,3e38e74f-191a-4b72-8061-59f0020151e3:service:12,service_trip,62.800000000000004,20.0,91.54932169599999,29.155834935031844,103.082240352,32.8287389656051,canonical_solver_result,1302,3e38e74f-191a-4b72-8061-59f0020151e3
314.0,0.95,3e38e74f-191a-4b72-8061-59f0020151e3:service:13,service_trip,62.800000000000004,20.0,87.93946,28.006197452229298,91.54932169599999,29.155834935031844,canonical_solver_result,1335,3e38e74f-191a-4b72-8061-59f0020151e3
314.0,0.95,3e38e74f-191a-4b72-8061-59f0020151e3:terminal_return,terminal_return,62.800000000000004,20.0,86.36026,27.503267515923568,87.93946,28.006197452229298,canonical_solver_result,1339,3e38e74f-191a-4b72-8061-59f0020151e3
314.0,0.95,3e38e74f-191a-4b72-8061-59f0020151e3:charging:90:122,charging,62.800000000000004,20.0,100.61026,32.04148407643312,86.36026,27.503267515923568,executed_charging_schedule,1365,3e38e74f-191a-4b72-8061-59f0020151e3
314.0,0.95,3e38e74f-191a-4b72-8061-59f0020151e3:charging:91:124,charging,62.800000000000004,20.0,121.98526,38.84880891719745,100.61026,32.04148407643312,executed_charging_schedule,1380,3e38e74f-191a-4b72-8061-59f0020151e3
314.0,0.95,3e38e74f-191a-4b72-8061-59f0020151e3:charging:92:127,charging,62.800000000000004,20.0,143.36025999999995,45.65613375796177,121.98526,38.84880891719745,executed_charging_schedule,1395,3e38e74f-191a-4b72-8061-59f0020151e3
314.0,0.95,3e38e74f-191a-4b72-8061-59f0020151e3:charging:93:130,charging,62.800000000000004,20.0,164.73525999999995,52.4634585987261,143.36025999999995,45.65613375796177,executed_charging_schedule,1410,3e38e74f-191a-4b72-8061-59f0020151e3
314.0,0.95,3e38e74f-191a-4b72-8061-59f0020151e3:charging:94:135,charging,62.800000000000004,20.0,186.11025999999995,59.27078343949043,164.73525999999995,52.4634585987261,executed_charging_schedule,1425,3e38e74f-191a-4b72-8061-59f0020151e3
314.0,0.95,3e38e74f-191a-4b72-8061-59f0020151e3:charging:95:141,charging,62.800000000000004,20.0,200.36025999999995,63.80899999999998,186.11025999999995,59.27078343949043,executed_charging_schedule,1440,3e38e74f-191a-4b72-8061-59f0020151e3
314.0,0.95,4159394a-daba-42d9-aa73-3474613ab9f1:initial_state,initial_state,62.800000000000004,20.0,210.569028,67.0602,210.569028,67.0602,scenario_fleet_contract,0,4159394a-daba-42d9-aa73-3474613ab9f1
314.0,0.95,4f5a4c1d-cac3-4fd2-87a8-cf0049c71ebe:initial_state,initial_state,62.800000000000004,20.0,131.315428,41.8202,131.315428,41.8202,scenario_fleet_contract,0,4f5a4c1d-cac3-4fd2-87a8-cf0049c71ebe
314.0,0.95,58bf7ff7-1083-4fbf-84b3-58d45c129f30:initial_state,initial_state,62.800000000000004,20.0,69.278134,22.0631,69.278134,22.0631,scenario_fleet_contract,0,58bf7ff7-1083-4fbf-84b3-58d45c129f30
314.0,0.95,66629acd-98e0-4911-bc68-cd1c9b434a49:initial_state,initial_state,62.800000000000004,20.0,99.481166,31.6819,99.481166,31.6819,scenario_fleet_contract,0,66629acd-98e0-4911-bc68-cd1c9b434a49
314.0,0.95,8270c9a2-ed1f-4508-81a0-0903ddc4924c:initial_state,initial_state,62.800000000000004,20.0,160.416948,51.0882,160.416948,51.0882,scenario_fleet_contract,0,8270c9a2-ed1f-4508-81a0-0903ddc4924c
314.0,0.95,89d3f73a-7cd0-421c-8e62-45a073264f6c:initial_state,initial_state,62.800000000000004,20.0,116.075438,36.9667,116.075438,36.9667,scenario_fleet_contract,0,89d3f73a-7cd0-421c-8e62-45a073264f6c
314.0,0.95,a645e188-64a8-4244-9882-49f00eeb8a62:initial_state,initial_state,62.800000000000004,20.0,119.75080799999999,38.1372,119.75080799999999,38.1372,scenario_fleet_contract,0,a645e188-64a8-4244-9882-49f00eeb8a62
314.0,0.95,befc4670-e889-45d9-bd65-23118c02e196:initial_state,initial_state,62.800000000000004,20.0,223.35762,71.133,223.35762,71.133,scenario_fleet_contract,0,befc4670-e889-45d9-bd65-23118c02e196
314.0,0.95,bf789db6-3414-4525-9104-06a4b1161271:initial_state,initial_state,62.800000000000004,20.0,94.327484,30.0406,94.327484,30.0406,scenario_fleet_contract,0,bf789db6-3414-4525-9104-06a4b1161271
314.0,0.95,builder-bev-tsurumaki-001:initial_state,initial_state,62.800000000000004,20.0,78.114094,24.8771,78.114094,24.8771,scenario_fleet_contract,0,builder-bev-tsurumaki-001
314.0,0.95,builder-bev-tsurumaki-002:initial_state,initial_state,62.800000000000004,20.0,68.907928,21.9452,68.907928,21.9452,scenario_fleet_contract,0,builder-bev-tsurumaki-002
314.0,0.95,builder-bev-tsurumaki-003:initial_state,initial_state,62.800000000000004,20.0,119.59537800000001,38.087700000000005,119.59537800000001,38.087700000000005,scenario_fleet_contract,0,builder-bev-tsurumaki-003
314.0,0.95,builder-bev-tsurumaki-004:initial_state,initial_state,62.800000000000004,20.0,169.708522,54.04729999999999,169.708522,54.04729999999999,scenario_fleet_contract,0,builder-bev-tsurumaki-004
314.0,0.95,builder-bev-tsurumaki-005:initial_state,initial_state,62.800000000000004,20.0,145.549362,46.3533,145.549362,46.3533,scenario_fleet_contract,0,builder-bev-tsurumaki-005
314.0,0.95,builder-bev-tsurumaki-006:initial_state,initial_state,62.800000000000004,20.0,146.965502,46.80429999999999,146.965502,46.80429999999999,scenario_fleet_contract,0,builder-bev-tsurumaki-006
314.0,0.95,builder-bev-tsurumaki-006:startup,startup_deadhead,62.800000000000004,20.0,137.09550199999998,43.66098789808917,146.965502,46.80429999999999,canonical_solver_result,423,builder-bev-tsurumaki-006
314.0,0.95,builder-bev-tsurumaki-006:service:0,service_trip,62.800000000000004,20.0,125.41182501599998,39.94007166114649,137.09550199999998,43.66098789808917,canonical_solver_result,467,builder-bev-tsurumaki-006
314.0,0.95,builder-bev-tsurumaki-006:service:1,service_trip,62.800000000000004,20.0,113.87887609199998,36.2671579910828,125.41182501599998,39.94007166114649,canonical_solver_result,528,builder-bev-tsurumaki-006
314.0,0.95,builder-bev-tsurumaki-006:terminal_return,terminal_return,62.800000000000004,20.0,104.00887609199998,33.12384588917197,113.87887609199998,36.2671579910828,canonical_solver_result,553,builder-bev-tsurumaki-006
314.0,0.95,builder-bev-tsurumaki-006:charging:37:72,charging,62.800000000000004,20.0,104.00889984199998,33.123853452866236,104.00887609199998,33.12384588917197,executed_charging_schedule,570,builder-bev-tsurumaki-006
314.0,0.95,builder-bev-tsurumaki-006:charging:38:76,charging,62.800000000000004,20.0,104.00892359199997,33.123861016560504,104.00889984199998,33.123853452866236,executed_charging_schedule,585,builder-bev-tsurumaki-006
314.0,0.95,builder-bev-tsurumaki-006:charging:39:80,charging,62.800000000000004,20.0,104.00894734199997,33.12386858025477,104.00892359199997,33.123861016560504,executed_charging_schedule,600,builder-bev-tsurumaki-006
314.0,0.95,builder-bev-tsurumaki-006:charging:41:85,charging,62.800000000000004,20.0,104.00897109199997,33.12387614394903,104.00894734199997,33.12386858025477,executed_charging_schedule,630,builder-bev-tsurumaki-006
314.0,0.95,builder-bev-tsurumaki-006:charging:42:87,charging,62.800000000000004,20.0,104.00899484199996,33.1238837076433,104.00897109199997,33.12387614394903,executed_charging_schedule,645,builder-bev-tsurumaki-006
314.0,0.95,builder-bev-tsurumaki-006:charging:43:89,charging,62.800000000000004,20.0,104.00901859199996,33.12389127133756,104.00899484199996,33.1238837076433,executed_charging_schedule,660,builder-bev-tsurumaki-006
314.0,0.95,builder-bev-tsurumaki-006:charging:45:92,charging,62.800000000000004,20.0,104.00904234199996,33.12389883503183,104.00901859199996,33.12389127133756,executed_charging_schedule,690,builder-bev-tsurumaki-006
314.0,0.95,builder-bev-tsurumaki-006:charging:46:93,charging,62.800000000000004,20.0,104.00906609199996,33.1239063987261,104.00904234199996,33.12389883503183,executed_charging_schedule,705,builder-bev-tsurumaki-006
314.0,0.95,builder-bev-tsurumaki-006:charging:47:94,charging,62.800000000000004,20.0,104.00908984199995,33.12391396242037,104.00906609199996,33.1239063987261,executed_charging_schedule,720,builder-bev-tsurumaki-006
314.0,0.95,builder-bev-tsurumaki-006:charging:52:95,charging,62.800000000000004,20.0,111.13408984199995,35.393022242675144,104.00908984199995,33.12391396242037,executed_charging_schedule,795,builder-bev-tsurumaki-006
314.0,0.95,builder-bev-tsurumaki-006:charging:54:96,charging,62.800000000000004,20.0,118.25908984199995,37.66213052292992,111.13408984199995,35.393022242675144,executed_charging_schedule,825,builder-bev-tsurumaki-006
314.0,0.95,builder-bev-tsurumaki-006:charging:56:97,charging,62.800000000000004,20.0,118.25911359199995,37.66213808662419,118.25908984199995,37.66213052292992,executed_charging_schedule,855,builder-bev-tsurumaki-006
314.0,0.95,builder-bev-tsurumaki-006:charging:58:98,charging,62.800000000000004,20.0,118.25913734199995,37.66214565031845,118.25911359199995,37.66213808662419,executed_charging_schedule,885,builder-bev-tsurumaki-006
314.0,0.95,builder-bev-tsurumaki-006:charging:60:99,charging,62.800000000000004,20.0,125.38413734199995,39.93125393057323,118.25913734199995,37.66214565031845,executed_charging_schedule,915,builder-bev-tsurumaki-006
314.0,0.95,builder-bev-tsurumaki-006:charging:62:100,charging,62.800000000000004,20.0,126.25519324999962,40.20866027070052,125.38413734199995,39.93125393057323,executed_charging_schedule,945,builder-bev-tsurumaki-006
314.0,0.95,builder-bev-tsurumaki-006:charging:65:101,charging,62.800000000000004,20.0,133.38019324999962,42.4777685509553,126.25519324999962,40.20866027070052,executed_charging_schedule,990,builder-bev-tsurumaki-006
314.0,0.95,builder-bev-tsurumaki-006:charging:67:102,charging,62.800000000000004,20.0,140.50516949999962,44.746869267515805,133.38019324999962,42.4777685509553,executed_charging_schedule,1020,builder-bev-tsurumaki-006
314.0,0.95,builder-bev-tsurumaki-006:charging:68:103,charging,62.800000000000004,20.0,140.50519324999962,44.74687683121007,140.50516949999962,44.746869267515805,executed_charging_schedule,1035,builder-bev-tsurumaki-006
314.0,0.95,builder-bev-tsurumaki-006:charging:69:104,charging,62.800000000000004,20.0,140.50521699999962,44.746884394904335,140.50519324999962,44.74687683121007,executed_charging_schedule,1050,builder-bev-tsurumaki-006
314.0,0.95,builder-bev-tsurumaki-006:charging:70:105,charging,62.800000000000004,20.0,146.9650507499996,46.80415628980879,140.50521699999962,44.746884394904335,executed_charging_schedule,1065,builder-bev-tsurumaki-006
314.0,0.95,builder-bev-tsurumaki-006:charging:71:106,charging,62.800000000000004,20.0,146.9650744999996,46.804163853503056,146.9650507499996,46.80415628980879,executed_charging_schedule,1080,builder-bev-tsurumaki-006
314.0,0.95,builder-bev-tsurumaki-006:charging:72:107,charging,62.800000000000004,20.0,146.96509824999958,46.804171417197324,146.9650744999996,46.804163853503056,executed_charging_schedule,1095,builder-bev-tsurumaki-006
314.0,0.95,builder-bev-tsurumaki-006:charging:73:108,charging,62.800000000000004,20.0,146.96512199999958,46.804178980891585,146.96509824999958,46.804171417197324,executed_charging_schedule,1110,builder-bev-tsurumaki-006
314.0,0.95,builder-bev-tsurumaki-006:charging:74:109,charging,62.800000000000004,20.0,146.96514574999958,46.80418654458585,146.96512199999958,46.804178980891585,executed_charging_schedule,1125,builder-bev-tsurumaki-006
314.0,0.95,builder-bev-tsurumaki-006:charging:75:110,charging,62.800000000000004,20.0,146.96516949999958,46.80419410828012,146.96514574999958,46.80418654458585,executed_charging_schedule,1140,builder-bev-tsurumaki-006
314.0,0.95,builder-bev-tsurumaki-006:charging:85:114,charging,62.800000000000004,20.0,146.96545449999954,46.80428487261132,146.96516949999958,46.80419410828012,executed_charging_schedule,1290,builder-bev-tsurumaki-006
314.0,0.95,builder-bev-tsurumaki-006:charging:87:117,charging,62.800000000000004,20.0,146.96547824999953,46.80429243630559,146.96545449999954,46.80428487261132,executed_charging_schedule,1320,builder-bev-tsurumaki-006
314.0,0.95,builder-bev-tsurumaki-006:charging:88:118,charging,62.800000000000004,20.0,146.96550199999953,46.80429999999985,146.96547824999953,46.80429243630559,executed_charging_schedule,1335,builder-bev-tsurumaki-006
314.0,0.95,builder-bev-tsurumaki-007:initial_state,initial_state,62.800000000000004,20.0,233.39934,74.331,233.39934,74.331,scenario_fleet_contract,0,builder-bev-tsurumaki-007
314.0,0.95,builder-bev-tsurumaki-007:charging:4:22,charging,62.800000000000004,20.0,247.64934,78.86921656050956,233.39934,74.331,executed_charging_schedule,75,builder-bev-tsurumaki-007
314.0,0.95,builder-bev-tsurumaki-007:charging:5:29,charging,62.800000000000004,20.0,247.64936375,78.86922412420381,247.64934,78.86921656050956,executed_charging_schedule,90,builder-bev-tsurumaki-007
314.0,0.95,builder-bev-tsurumaki-007:charging:20:48,charging,62.800000000000004,20.0,251.31171473199953,80.03557794012724,247.64936375,78.86922412420381,executed_charging_schedule,315,builder-bev-tsurumaki-007
314.0,0.95,builder-bev-tsurumaki-007:startup,startup_deadhead,62.800000000000004,20.0,249.73251473199954,79.5326480038215,251.31171473199953,80.03557794012724,canonical_solver_result,416,builder-bev-tsurumaki-007
314.0,0.95,builder-bev-tsurumaki-007:service:0,service_trip,62.800000000000004,20.0,242.48367352399956,77.2240998484075,249.73251473199954,79.5326480038215,canonical_solver_result,443,builder-bev-tsurumaki-007
314.0,0.95,builder-bev-tsurumaki-007:service:1,service_trip,62.800000000000004,20.0,234.97853999999955,74.8339299363056,242.48367352399956,77.2240998484075,canonical_solver_result,1350,builder-bev-tsurumaki-007
314.0,0.95,builder-bev-tsurumaki-007:terminal_return,terminal_return,62.800000000000004,20.0,233.39933999999957,74.33099999999986,234.97853999999955,74.8339299363056,canonical_solver_result,1354,builder-bev-tsurumaki-007
314.0,0.95,builder-bev-tsurumaki-008:initial_state,initial_state,62.800000000000004,20.0,243.13961999999998,77.43299999999999,243.13961999999998,77.43299999999999,scenario_fleet_contract,0,builder-bev-tsurumaki-008
314.0,0.95,builder-bev-tsurumaki-008:charging:1:9,charging,62.800000000000004,20.0,243.13964374999998,77.43300756369426,243.13961999999998,77.43299999999999,executed_charging_schedule,30,builder-bev-tsurumaki-008
314.0,0.95,builder-bev-tsurumaki-008:charging:2:14,charging,62.800000000000004,20.0,243.13966749999997,77.43301512738853,243.13964374999998,77.43300756369426,executed_charging_schedule,45,builder-bev-tsurumaki-008
314.0,0.95,builder-bev-tsurumaki-008:charging:22:51,charging,62.800000000000004,20.0,244.07499999999968,77.73089171974512,243.13966749999997,77.43301512738853,executed_charging_schedule,345,builder-bev-tsurumaki-008
314.0,0.95,builder-bev-tsurumaki-008:charging:24:60,charging,62.800000000000004,20.0,246.95275305999988,78.64737358598722,244.07499999999968,77.73089171974512,executed_charging_schedule,375,builder-bev-tsurumaki-008
314.0,0.95,builder-bev-tsurumaki-008:charging:25:64,charging,62.800000000000004,20.0,261.20275305999985,83.18559014649676,246.95275305999988,78.64737358598722,executed_charging_schedule,390,builder-bev-tsurumaki-008
314.0,0.95,builder-bev-tsurumaki-008:startup,startup_deadhead,62.800000000000004,20.0,259.62355305999984,82.68266021019103,261.20275305999985,83.18559014649676,canonical_solver_result,411,builder-bev-tsurumaki-008
314.0,0.95,builder-bev-tsurumaki-008:service:0,service_trip,62.800000000000004,20.0,252.37471185199985,80.37411205477703,259.62355305999984,82.68266021019103,canonical_solver_result,438,builder-bev-tsurumaki-008
314.0,0.95,builder-bev-tsurumaki-008:service:1,service_trip,62.800000000000004,20.0,244.71881999999985,77.9359299363057,252.37471185199985,80.37411205477703,canonical_solver_result,1194,builder-bev-tsurumaki-008
314.0,0.95,builder-bev-tsurumaki-008:terminal_return,terminal_return,62.800000000000004,20.0,243.13961999999987,77.43299999999995,244.71881999999985,77.9359299363057,canonical_solver_result,1198,builder-bev-tsurumaki-008
314.0,0.95,builder-bev-tsurumaki-009:initial_state,initial_state,62.800000000000004,20.0,222.732446,70.93390000000001,222.732446,70.93390000000001,scenario_fleet_contract,0,builder-bev-tsurumaki-009
314.0,0.95,builder-bev-tsurumaki-009:charging:23:55,charging,62.800000000000004,20.0,222.73246975,70.93390756369428,222.732446,70.93390000000001,executed_charging_schedule,360,builder-bev-tsurumaki-009
314.0,0.95,builder-bev-tsurumaki-009:startup,startup_deadhead,62.800000000000004,20.0,212.86246975,67.79059546178344,222.73246975,70.93390756369428,canonical_solver_result,406,builder-bev-tsurumaki-009
314.0,0.95,builder-bev-tsurumaki-009:service:0,service_trip,62.800000000000004,20.0,201.17879276600002,64.06967922484077,212.86246975,67.79059546178344,canonical_solver_result,445,builder-bev-tsurumaki-009
314.0,0.95,builder-bev-tsurumaki-009:service:1,service_trip,62.800000000000004,20.0,189.645843842,60.39676555477707,201.17879276600002,64.06967922484077,canonical_solver_result,508,builder-bev-tsurumaki-009
314.0,0.95,builder-bev-tsurumaki-009:terminal_return,terminal_return,62.800000000000004,20.0,179.775843842,57.25345345286624,189.645843842,60.39676555477707,canonical_solver_result,533,builder-bev-tsurumaki-009
314.0,0.95,builder-bev-tsurumaki-009:charging:36:69,charging,62.800000000000004,20.0,187.10744599997622,59.58835859871854,179.775843842,57.25345345286624,executed_charging_schedule,555,builder-bev-tsurumaki-009
314.0,0.95,builder-bev-tsurumaki-009:charging:37:73,charging,62.800000000000004,20.0,208.48244599997622,66.39568343948288,187.10744599997622,59.58835859871854,executed_charging_schedule,570,builder-bev-tsurumaki-009
314.0,0.95,builder-bev-tsurumaki-009:charging:38:77,charging,62.800000000000004,20.0,222.73244599997622,70.93389999999243,208.48244599997622,66.39568343948288,executed_charging_schedule,585,builder-bev-tsurumaki-009
314.0,0.95,builder-bev-tsurumaki-010:initial_state,initial_state,62.800000000000004,20.0,214.50847199999998,68.31479999999999,214.50847199999998,68.31479999999999,scenario_fleet_contract,0,builder-bev-tsurumaki-010
314.0,0.95,builder-bev-tsurumaki-010:charging:24:61,charging,62.800000000000004,20.0,228.75847199999998,72.85301656050954,214.50847199999998,68.31479999999999,executed_charging_schedule,375,builder-bev-tsurumaki-010
314.0,0.95,builder-bev-tsurumaki-010:charging:25:65,charging,62.800000000000004,20.0,242.42696885199987,77.20604103566875,228.75847199999998,72.85301656050954,executed_charging_schedule,390,builder-bev-tsurumaki-010
314.0,0.95,builder-bev-tsurumaki-010:startup,startup_deadhead,62.800000000000004,20.0,240.8477688519999,76.70311109936303,242.42696885199987,77.20604103566875,canonical_solver_result,399,builder-bev-tsurumaki-010
314.0,0.95,builder-bev-tsurumaki-010:service:0,service_trip,62.800000000000004,20.0,233.3426050599999,74.31293154777067,240.8477688519999,76.70311109936303,canonical_solver_result,428,builder-bev-tsurumaki-010
314.0,0.95,builder-bev-tsurumaki-010:connection:1,connection_deadhead,62.800000000000004,20.0,223.8674050599999,71.29535192993627,233.3426050599999,74.31293154777067,canonical_solver_result,462,builder-bev-tsurumaki-010
314.0,0.95,builder-bev-tsurumaki-010:service:1,service_trip,62.800000000000004,20.0,216.6185638519999,68.98680377452226,223.8674050599999,71.29535192993627,canonical_solver_result,502,builder-bev-tsurumaki-010
314.0,0.95,builder-bev-tsurumaki-010:service:2,service_trip,62.800000000000004,20.0,208.9626719999999,66.54862165605093,216.6185638519999,68.98680377452226,canonical_solver_result,570,builder-bev-tsurumaki-010
314.0,0.95,builder-bev-tsurumaki-010:terminal_return,terminal_return,62.800000000000004,20.0,207.38347199999993,66.04569171974521,208.9626719999999,66.54862165605093,canonical_solver_result,574,builder-bev-tsurumaki-010
314.0,0.95,builder-bev-tsurumaki-010:charging:39:81,charging,62.800000000000004,20.0,214.50847199999993,68.31479999999998,207.38347199999993,66.04569171974521,executed_charging_schedule,600,builder-bev-tsurumaki-010
314.0,0.95,ca16a2ca-147b-4359-92db-913031d5faff:initial_state,initial_state,62.800000000000004,20.0,236.96324,75.46600000000001,236.96324,75.46600000000001,scenario_fleet_contract,0,ca16a2ca-147b-4359-92db-913031d5faff
314.0,0.95,ca16a2ca-147b-4359-92db-913031d5faff:charging:22:52,charging,62.800000000000004,20.0,236.96326375,75.46600756369426,236.96324,75.46600000000001,executed_charging_schedule,345,ca16a2ca-147b-4359-92db-913031d5faff
314.0,0.95,ca16a2ca-147b-4359-92db-913031d5faff:charging:24:62,charging,62.800000000000004,20.0,240.77637305997933,76.68037358598067,236.96326375,75.46600756369426,executed_charging_schedule,375,ca16a2ca-147b-4359-92db-913031d5faff
314.0,0.95,ca16a2ca-147b-4359-92db-913031d5faff:charging:25:66,charging,62.800000000000004,20.0,255.02637305999988,81.21859014649678,240.77637305997933,76.68037358598067,executed_charging_schedule,390,ca16a2ca-147b-4359-92db-913031d5faff
314.0,0.95,ca16a2ca-147b-4359-92db-913031d5faff:startup,startup_deadhead,62.800000000000004,20.0,253.4471730599999,80.71566021019106,255.02637305999988,81.21859014649678,canonical_solver_result,396,ca16a2ca-147b-4359-92db-913031d5faff
314.0,0.95,ca16a2ca-147b-4359-92db-913031d5faff:service:0,service_trip,62.800000000000004,20.0,246.1983318519999,78.40711205477704,253.4471730599999,80.71566021019106,canonical_solver_result,423,ca16a2ca-147b-4359-92db-913031d5faff
314.0,0.95,ca16a2ca-147b-4359-92db-913031d5faff:service:1,service_trip,62.800000000000004,20.0,238.5424399999999,75.9689299363057,246.1983318519999,78.40711205477704,canonical_solver_result,563,ca16a2ca-147b-4359-92db-913031d5faff
314.0,0.95,ca16a2ca-147b-4359-92db-913031d5faff:terminal_return,terminal_return,62.800000000000004,20.0,236.96323999999993,75.46599999999998,238.5424399999999,75.9689299363057,canonical_solver_result,567,ca16a2ca-147b-4359-92db-913031d5faff
314.0,0.95,ce309a0b-8c0b-49dc-a839-171db28e76a4:initial_state,initial_state,62.800000000000004,20.0,154.48329,49.1985,154.48329,49.1985,scenario_fleet_contract,0,ce309a0b-8c0b-49dc-a839-171db28e76a4
314.0,0.95,ce309a0b-8c0b-49dc-a839-171db28e76a4:startup,startup_deadhead,62.800000000000004,20.0,152.90409000000002,48.69557006369428,154.48329,49.1985,canonical_solver_result,391,ce309a0b-8c0b-49dc-a839-171db28e76a4
314.0,0.95,ce309a0b-8c0b-49dc-a839-171db28e76a4:service:0,service_trip,62.800000000000004,20.0,145.39892620800003,46.30539051210192,152.90409000000002,48.69557006369428,canonical_solver_result,420,ce309a0b-8c0b-49dc-a839-171db28e76a4
314.0,0.95,ce309a0b-8c0b-49dc-a839-171db28e76a4:service:1,service_trip,62.800000000000004,20.0,137.74303435600004,43.867208393630584,145.39892620800003,46.30539051210192,canonical_solver_result,553,ce309a0b-8c0b-49dc-a839-171db28e76a4
314.0,0.95,ce309a0b-8c0b-49dc-a839-171db28e76a4:terminal_return,terminal_return,62.800000000000004,20.0,136.16383435600005,43.36427845732486,137.74303435600004,43.867208393630584,canonical_solver_result,557,ce309a0b-8c0b-49dc-a839-171db28e76a4
314.0,0.95,ce309a0b-8c0b-49dc-a839-171db28e76a4:charging:38:78,charging,62.800000000000004,20.0,145.69214439397217,46.39877209999114,136.16383435600005,43.36427845732486,executed_charging_schedule,585,ce309a0b-8c0b-49dc-a839-171db28e76a4
314.0,0.95,ce309a0b-8c0b-49dc-a839-171db28e76a4:charging:39:82,charging,62.800000000000004,20.0,154.48328999999998,49.198499999999996,145.69214439397217,46.39877209999114,executed_charging_schedule,600,ce309a0b-8c0b-49dc-a839-171db28e76a4
314.0,0.95,cf7b771e-a6ac-4e0b-9738-ad3901a68307:initial_state,initial_state,62.800000000000004,20.0,231.30370399999998,73.6636,231.30370399999998,73.6636,scenario_fleet_contract,0,cf7b771e-a6ac-4e0b-9738-ad3901a68307
314.0,0.95,cf7b771e-a6ac-4e0b-9738-ad3901a68307:charging:1:10,charging,62.800000000000004,20.0,231.30372774999998,73.66360756369426,231.30370399999998,73.6636,executed_charging_schedule,30,cf7b771e-a6ac-4e0b-9738-ad3901a68307
314.0,0.95,cf7b771e-a6ac-4e0b-9738-ad3901a68307:charging:4:23,charging,62.800000000000004,20.0,245.55372774999998,78.20182412420381,231.30372774999998,73.66360756369426,executed_charging_schedule,75,cf7b771e-a6ac-4e0b-9738-ad3901a68307
314.0,0.95,cf7b771e-a6ac-4e0b-9738-ad3901a68307:charging:5:30,charging,62.800000000000004,20.0,259.80372775,82.74004068471338,245.55372774999998,78.20182412420381,executed_charging_schedule,90,cf7b771e-a6ac-4e0b-9738-ad3901a68307
314.0,0.95,cf7b771e-a6ac-4e0b-9738-ad3901a68307:charging:16:44,charging,62.800000000000004,20.0,259.80375150000003,82.74004824840766,259.80372775,82.74004068471338,executed_charging_schedule,255,cf7b771e-a6ac-4e0b-9738-ad3901a68307
314.0,0.95,cf7b771e-a6ac-4e0b-9738-ad3901a68307:charging:23:56,charging,62.800000000000004,20.0,259.80377525000006,82.74005581210193,259.80375150000003,82.74004824840766,executed_charging_schedule,360,cf7b771e-a6ac-4e0b-9738-ad3901a68307
314.0,0.95,cf7b771e-a6ac-4e0b-9738-ad3901a68307:startup,startup_deadhead,62.800000000000004,20.0,258.22457525000004,82.2371258757962,259.80377525000006,82.74005581210193,canonical_solver_result,370,cf7b771e-a6ac-4e0b-9738-ad3901a68307
314.0,0.95,cf7b771e-a6ac-4e0b-9738-ad3901a68307:service:0,service_trip,62.800000000000004,20.0,253.91178268200005,80.8636250579618,258.22457525000004,82.2371258757962,canonical_solver_result,386,cf7b771e-a6ac-4e0b-9738-ad3901a68307
314.0,0.95,cf7b771e-a6ac-4e0b-9738-ad3901a68307:service:1,service_trip,62.800000000000004,20.0,242.37883375800004,77.1907113878981,253.91178268200005,80.8636250579618,canonical_solver_result,459,cf7b771e-a6ac-4e0b-9738-ad3901a68307
314.0,0.95,cf7b771e-a6ac-4e0b-9738-ad3901a68307:service:2,service_trip,62.800000000000004,20.0,230.69515677400005,73.46979515095543,242.37883375800004,77.1907113878981,canonical_solver_result,533,cf7b771e-a6ac-4e0b-9738-ad3901a68307
314.0,0.95,cf7b771e-a6ac-4e0b-9738-ad3901a68307:service:3,service_trip,62.800000000000004,20.0,219.16220785000004,69.79688148089174,230.69515677400005,73.46979515095543,canonical_solver_result,600,cf7b771e-a6ac-4e0b-9738-ad3901a68307
314.0,0.95,cf7b771e-a6ac-4e0b-9738-ad3901a68307:service:4,service_trip,62.800000000000004,20.0,207.47853086600006,66.07596524394907,219.16220785000004,69.79688148089174,canonical_solver_result,666,cf7b771e-a6ac-4e0b-9738-ad3901a68307
314.0,0.95,cf7b771e-a6ac-4e0b-9738-ad3901a68307:service:5,service_trip,62.800000000000004,20.0,195.94558194200005,62.40305157388537,207.47853086600006,66.07596524394907,canonical_solver_result,725,cf7b771e-a6ac-4e0b-9738-ad3901a68307
314.0,0.95,cf7b771e-a6ac-4e0b-9738-ad3901a68307:service:6,service_trip,62.800000000000004,20.0,184.26190495800006,58.68213533694269,195.94558194200005,62.40305157388537,canonical_solver_result,783,cf7b771e-a6ac-4e0b-9738-ad3901a68307
314.0,0.95,cf7b771e-a6ac-4e0b-9738-ad3901a68307:service:7,service_trip,62.800000000000004,20.0,172.72895603400005,55.00922166687899,184.26190495800006,58.68213533694269,canonical_solver_result,845,cf7b771e-a6ac-4e0b-9738-ad3901a68307
314.0,0.95,cf7b771e-a6ac-4e0b-9738-ad3901a68307:service:8,service_trip,62.800000000000004,20.0,161.04527905000006,51.28830542993632,172.72895603400005,55.00922166687899,canonical_solver_result,923,cf7b771e-a6ac-4e0b-9738-ad3901a68307
314.0,0.95,cf7b771e-a6ac-4e0b-9738-ad3901a68307:service:9,service_trip,62.800000000000004,20.0,149.51233012600005,47.61539175987263,161.04527905000006,51.28830542993632,canonical_solver_result,993,cf7b771e-a6ac-4e0b-9738-ad3901a68307
314.0,0.95,cf7b771e-a6ac-4e0b-9738-ad3901a68307:service:10,service_trip,62.800000000000004,20.0,137.82865314200006,43.89447552292995,149.51233012600005,47.61539175987263,canonical_solver_result,1058,cf7b771e-a6ac-4e0b-9738-ad3901a68307
314.0,0.95,cf7b771e-a6ac-4e0b-9738-ad3901a68307:service:11,service_trip,62.800000000000004,20.0,126.29570421800007,40.221561852866266,137.82865314200006,43.89447552292995,canonical_solver_result,1124,cf7b771e-a6ac-4e0b-9738-ad3901a68307
314.0,0.95,cf7b771e-a6ac-4e0b-9738-ad3901a68307:service:12,service_trip,62.800000000000004,20.0,114.61202723400007,36.50064561592359,126.29570421800007,40.221561852866266,canonical_solver_result,1181,cf7b771e-a6ac-4e0b-9738-ad3901a68307
314.0,0.95,cf7b771e-a6ac-4e0b-9738-ad3901a68307:service:13,service_trip,62.800000000000004,20.0,111.00216553800007,35.35100813312104,114.61202723400007,36.50064561592359,canonical_solver_result,1233,cf7b771e-a6ac-4e0b-9738-ad3901a68307
314.0,0.95,cf7b771e-a6ac-4e0b-9738-ad3901a68307:terminal_return,terminal_return,62.800000000000004,20.0,109.42296553800007,34.84807819681531,111.00216553800007,35.35100813312104,canonical_solver_result,1237,cf7b771e-a6ac-4e0b-9738-ad3901a68307
314.0,0.95,cf7b771e-a6ac-4e0b-9738-ad3901a68307:charging:83:111,charging,62.800000000000004,20.0,123.67296553800007,39.38629475732486,109.42296553800007,34.84807819681531,executed_charging_schedule,1260,cf7b771e-a6ac-4e0b-9738-ad3901a68307
314.0,0.95,cf7b771e-a6ac-4e0b-9738-ad3901a68307:charging:84:112,charging,62.800000000000004,20.0,137.92296553800008,43.92451131783442,123.67296553800007,39.38629475732486,executed_charging_schedule,1275,cf7b771e-a6ac-4e0b-9738-ad3901a68307
314.0,0.95,cf7b771e-a6ac-4e0b-9738-ad3901a68307:charging:86:115,charging,62.800000000000004,20.0,145.04796553800008,46.1936195980892,137.92296553800008,43.92451131783442,executed_charging_schedule,1305,cf7b771e-a6ac-4e0b-9738-ad3901a68307
314.0,0.95,cf7b771e-a6ac-4e0b-9738-ad3901a68307:charging:88:119,charging,62.800000000000004,20.0,159.29796553800008,50.73183615859875,145.04796553800008,46.1936195980892,executed_charging_schedule,1335,cf7b771e-a6ac-4e0b-9738-ad3901a68307
314.0,0.95,cf7b771e-a6ac-4e0b-9738-ad3901a68307:charging:89:121,charging,62.800000000000004,20.0,160.05370399999907,50.972517197451936,159.29796553800008,50.73183615859875,executed_charging_schedule,1350,cf7b771e-a6ac-4e0b-9738-ad3901a68307
314.0,0.95,cf7b771e-a6ac-4e0b-9738-ad3901a68307:charging:91:125,charging,62.800000000000004,20.0,174.30370399999907,55.510733757961496,160.05370399999907,50.972517197451936,executed_charging_schedule,1380,cf7b771e-a6ac-4e0b-9738-ad3901a68307
314.0,0.95,cf7b771e-a6ac-4e0b-9738-ad3901a68307:charging:92:128,charging,62.800000000000004,20.0,195.67868025,62.31805103503184,174.30370399999907,55.510733757961496,executed_charging_schedule,1395,cf7b771e-a6ac-4e0b-9738-ad3901a68307
314.0,0.95,cf7b771e-a6ac-4e0b-9738-ad3901a68307:charging:93:131,charging,62.800000000000004,20.0,217.05368025,69.12537587579618,195.67868025,62.31805103503184,executed_charging_schedule,1410,cf7b771e-a6ac-4e0b-9738-ad3901a68307
314.0,0.95,cf7b771e-a6ac-4e0b-9738-ad3901a68307:charging:94:136,charging,62.800000000000004,20.0,217.053704,69.12538343949045,217.05368025,69.12537587579618,executed_charging_schedule,1425,cf7b771e-a6ac-4e0b-9738-ad3901a68307
314.0,0.95,cf7b771e-a6ac-4e0b-9738-ad3901a68307:charging:95:142,charging,62.800000000000004,20.0,231.303704,73.6636,217.053704,69.12538343949045,executed_charging_schedule,1440,cf7b771e-a6ac-4e0b-9738-ad3901a68307
314.0,0.95,d10aa797-db07-40a2-b52b-d4caf02ff33b:initial_state,initial_state,62.800000000000004,20.0,171.205674,54.5241,171.205674,54.5241,scenario_fleet_contract,0,d10aa797-db07-40a2-b52b-d4caf02ff33b
314.0,0.95,d10aa797-db07-40a2-b52b-d4caf02ff33b:startup,startup_deadhead,62.800000000000004,20.0,169.626474,54.02117006369427,171.205674,54.5241,canonical_solver_result,383,d10aa797-db07-40a2-b52b-d4caf02ff33b
314.0,0.95,d10aa797-db07-40a2-b52b-d4caf02ff33b:service:0,service_trip,62.800000000000004,20.0,162.121310208,51.63099051210192,169.626474,54.02117006369427,canonical_solver_result,412,d10aa797-db07-40a2-b52b-d4caf02ff33b
314.0,0.95,d10aa797-db07-40a2-b52b-d4caf02ff33b:service:1,service_trip,62.800000000000004,20.0,154.46541835600001,49.19280839363058,162.121310208,51.63099051210192,canonical_solver_result,577,d10aa797-db07-40a2-b52b-d4caf02ff33b
314.0,0.95,d10aa797-db07-40a2-b52b-d4caf02ff33b:terminal_return,terminal_return,62.800000000000004,20.0,152.88621835600003,48.68987845732485,154.46541835600001,49.19280839363058,canonical_solver_result,581,d10aa797-db07-40a2-b52b-d4caf02ff33b
314.0,0.95,d10aa797-db07-40a2-b52b-d4caf02ff33b:charging:39:83,charging,62.800000000000004,20.0,156.95567399997918,49.98588343948382,152.88621835600003,48.68987845732485,executed_charging_schedule,600,d10aa797-db07-40a2-b52b-d4caf02ff33b
314.0,0.95,d10aa797-db07-40a2-b52b-d4caf02ff33b:charging:40:84,charging,62.800000000000004,20.0,171.20567399997918,54.524099999993375,156.95567399997918,49.98588343948382,executed_charging_schedule,615,d10aa797-db07-40a2-b52b-d4caf02ff33b
314.0,0.95,d225af48-8eec-47b7-abb1-34cfe83e31f0:initial_state,initial_state,62.800000000000004,20.0,136.5743,43.495,136.5743,43.495,scenario_fleet_contract,0,d225af48-8eec-47b7-abb1-34cfe83e31f0
314.0,0.95,d225af48-8eec-47b7-abb1-34cfe83e31f0:startup,startup_deadhead,62.800000000000004,20.0,134.9951,42.99207006369427,136.5743,43.495,canonical_solver_result,383,d225af48-8eec-47b7-abb1-34cfe83e31f0
314.0,0.95,d225af48-8eec-47b7-abb1-34cfe83e31f0:service:0,service_trip,62.800000000000004,20.0,127.746258792,40.683521908280255,134.9951,42.99207006369427,canonical_solver_result,410,d225af48-8eec-47b7-abb1-34cfe83e31f0
314.0,0.95,d225af48-8eec-47b7-abb1-34cfe83e31f0:service:1,service_trip,62.800000000000004,20.0,120.346746112,38.326989207643315,127.746258792,40.683521908280255,canonical_solver_result,508,d225af48-8eec-47b7-abb1-34cfe83e31f0
314.0,0.95,d225af48-8eec-47b7-abb1-34cfe83e31f0:terminal_return,terminal_return,62.800000000000004,20.0,118.767546112,37.82405927133758,120.346746112,38.326989207643315,canonical_solver_result,512,d225af48-8eec-47b7-abb1-34cfe83e31f0
314.0,0.95,d225af48-8eec-47b7-abb1-34cfe83e31f0:charging:35:68,charging,62.800000000000004,20.0,125.892546112,40.09316755159236,118.767546112,37.82405927133758,executed_charging_schedule,540,d225af48-8eec-47b7-abb1-34cfe83e31f0
314.0,0.95,d225af48-8eec-47b7-abb1-34cfe83e31f0:charging:36:70,charging,62.800000000000004,20.0,136.57427624999994,43.494992436305715,125.892546112,40.09316755159236,executed_charging_schedule,555,d225af48-8eec-47b7-abb1-34cfe83e31f0
314.0,0.95,d225af48-8eec-47b7-abb1-34cfe83e31f0:charging:37:74,charging,62.800000000000004,20.0,136.57429999999994,43.494999999999976,136.57427624999994,43.494992436305715,executed_charging_schedule,570,d225af48-8eec-47b7-abb1-34cfe83e31f0
314.0,0.95,dcf6407f-77ac-4c32-a840-49fcc7f9a525:initial_state,initial_state,62.800000000000004,20.0,101.772424,32.4116,101.772424,32.4116,scenario_fleet_contract,0,dcf6407f-77ac-4c32-a840-49fcc7f9a525
314.0,0.95,dcf6407f-77ac-4c32-a840-49fcc7f9a525:startup,startup_deadhead,62.800000000000004,20.0,100.193224,31.90867006369427,101.772424,32.4116,canonical_solver_result,378,dcf6407f-77ac-4c32-a840-49fcc7f9a525
314.0,0.95,dcf6407f-77ac-4c32-a840-49fcc7f9a525:service:0,service_trip,62.800000000000004,20.0,92.944382792,29.600121908280254,100.193224,31.90867006369427,canonical_solver_result,405,dcf6407f-77ac-4c32-a840-49fcc7f9a525
314.0,0.95,dcf6407f-77ac-4c32-a840-49fcc7f9a525:service:1,service_trip,62.800000000000004,20.0,85.28849094,27.16193978980892,92.944382792,29.600121908280254,canonical_solver_result,608,dcf6407f-77ac-4c32-a840-49fcc7f9a525
314.0,0.95,dcf6407f-77ac-4c32-a840-49fcc7f9a525:terminal_return,terminal_return,62.800000000000004,20.0,83.70929094,26.65900985350319,85.28849094,27.16193978980892,canonical_solver_result,612,dcf6407f-77ac-4c32-a840-49fcc7f9a525
314.0,0.95,dcf6407f-77ac-4c32-a840-49fcc7f9a525:charging:41:86,charging,62.800000000000004,20.0,87.52242399998254,27.873383439484883,83.70929094,26.65900985350319,executed_charging_schedule,630,dcf6407f-77ac-4c32-a840-49fcc7f9a525
314.0,0.95,dcf6407f-77ac-4c32-a840-49fcc7f9a525:charging:42:88,charging,62.800000000000004,20.0,101.77242399998254,32.411599999994436,87.52242399998254,27.873383439484883,executed_charging_schedule,645,dcf6407f-77ac-4c32-a840-49fcc7f9a525
314.0,0.95,e0772317-52e2-4e70-bfc8-1eb486f0f75c:initial_state,initial_state,62.800000000000004,20.0,219.080626,69.7709,219.080626,69.7709,scenario_fleet_contract,0,e0772317-52e2-4e70-bfc8-1eb486f0f75c
314.0,0.95,e0772317-52e2-4e70-bfc8-1eb486f0f75c:charging:22:53,charging,62.800000000000004,20.0,219.08064975,69.77090756369427,219.080626,69.7709,executed_charging_schedule,345,e0772317-52e2-4e70-bfc8-1eb486f0f75c
314.0,0.95,e0772317-52e2-4e70-bfc8-1eb486f0f75c:startup,startup_deadhead,62.800000000000004,20.0,217.50144975,69.26797762738853,219.08064975,69.77090756369427,canonical_solver_result,368,e0772317-52e2-4e70-bfc8-1eb486f0f75c
314.0,0.95,e0772317-52e2-4e70-bfc8-1eb486f0f75c:service:0,service_trip,62.800000000000004,20.0,210.25260854200002,66.95942947197453,217.50144975,69.26797762738853,canonical_solver_result,395,e0772317-52e2-4e70-bfc8-1eb486f0f75c
314.0,0.95,e0772317-52e2-4e70-bfc8-1eb486f0f75c:service:1,service_trip,62.800000000000004,20.0,202.59671669000002,64.5212473535032,210.25260854200002,66.95942947197453,canonical_solver_result,641,e0772317-52e2-4e70-bfc8-1eb486f0f75c
314.0,0.95,e0772317-52e2-4e70-bfc8-1eb486f0f75c:terminal_return,terminal_return,62.800000000000004,20.0,201.01751669000004,64.01831741719747,202.59671669000002,64.5212473535032,canonical_solver_result,645,e0772317-52e2-4e70-bfc8-1eb486f0f75c
314.0,0.95,e0772317-52e2-4e70-bfc8-1eb486f0f75c:charging:43:90,charging,62.800000000000004,20.0,204.83062599998343,65.23268343948517,201.01751669000004,64.01831741719747,executed_charging_schedule,660,e0772317-52e2-4e70-bfc8-1eb486f0f75c
314.0,0.95,e0772317-52e2-4e70-bfc8-1eb486f0f75c:charging:44:91,charging,62.800000000000004,20.0,219.08062599998343,69.77089999999473,204.83062599998343,65.23268343948517,executed_charging_schedule,675,e0772317-52e2-4e70-bfc8-1eb486f0f75c
314.0,0.95,e56620e3-804c-41a3-9441-b054b74c1392:initial_state,initial_state,62.800000000000004,20.0,218.14836,69.474,218.14836,69.474,scenario_fleet_contract,0,e56620e3-804c-41a3-9441-b054b74c1392
314.0,0.95,e56620e3-804c-41a3-9441-b054b74c1392:charging:4:24,charging,62.800000000000004,20.0,218.14838375,69.47400756369427,218.14836,69.474,executed_charging_schedule,75,e56620e3-804c-41a3-9441-b054b74c1392
314.0,0.95,e56620e3-804c-41a3-9441-b054b74c1392:charging:5:31,charging,62.800000000000004,20.0,232.39838375,74.01222412420383,218.14838375,69.47400756369427,executed_charging_schedule,90,e56620e3-804c-41a3-9441-b054b74c1392
314.0,0.95,e56620e3-804c-41a3-9441-b054b74c1392:charging:23:57,charging,62.800000000000004,20.0,232.3984075,74.0122316878981,232.39838375,74.01222412420383,executed_charging_schedule,360,e56620e3-804c-41a3-9441-b054b74c1392
314.0,0.95,e56620e3-804c-41a3-9441-b054b74c1392:startup,startup_deadhead,62.800000000000004,20.0,230.8192075,73.50930175159236,232.3984075,74.0122316878981,canonical_solver_result,365,e56620e3-804c-41a3-9441-b054b74c1392
314.0,0.95,e56620e3-804c-41a3-9441-b054b74c1392:service:0,service_trip,62.800000000000004,20.0,223.314043708,71.1191222,230.8192075,73.50930175159236,canonical_solver_result,394,e56620e3-804c-41a3-9441-b054b74c1392
314.0,0.95,e56620e3-804c-41a3-9441-b054b74c1392:connection:1,connection_deadhead,62.800000000000004,20.0,213.838843708,68.1015425821656,223.314043708,71.1191222,canonical_solver_result,428,e56620e3-804c-41a3-9441-b054b74c1392
314.0,0.95,e56620e3-804c-41a3-9441-b054b74c1392:service:1,service_trip,62.800000000000004,20.0,206.59000250000003,65.79299442675159,213.838843708,68.1015425821656,canonical_solver_result,470,e56620e3-804c-41a3-9441-b054b74c1392
314.0,0.95,e56620e3-804c-41a3-9441-b054b74c1392:service:2,service_trip,62.800000000000004,20.0,198.93411064800003,63.35481230828026,206.59000250000003,65.79299442675159,canonical_solver_result,688,e56620e3-804c-41a3-9441-b054b74c1392
314.0,0.95,e56620e3-804c-41a3-9441-b054b74c1392:service:3,service_trip,62.800000000000004,20.0,191.42894685600004,60.96463275668791,198.93411064800003,63.35481230828026,canonical_solver_result,955,e56620e3-804c-41a3-9441-b054b74c1392
314.0,0.95,e56620e3-804c-41a3-9441-b054b74c1392:service:4,service_trip,62.800000000000004,20.0,183.77305500400004,58.52645063821658,191.42894685600004,60.96463275668791,canonical_solver_result,1242,e56620e3-804c-41a3-9441-b054b74c1392
314.0,0.95,e56620e3-804c-41a3-9441-b054b74c1392:terminal_return,terminal_return,62.800000000000004,20.0,182.19385500400006,58.02352070191085,183.77305500400004,58.52645063821658,canonical_solver_result,1246,e56620e3-804c-41a3-9441-b054b74c1392
314.0,0.95,e56620e3-804c-41a3-9441-b054b74c1392:charging:84:113,charging,62.800000000000004,20.0,189.31885500400006,60.292628982165624,182.19385500400006,58.02352070191085,executed_charging_schedule,1275,e56620e3-804c-41a3-9441-b054b74c1392
314.0,0.95,e56620e3-804c-41a3-9441-b054b74c1392:charging:86:116,charging,62.800000000000004,20.0,196.44385500400006,62.56173726242041,189.31885500400006,60.292628982165624,executed_charging_schedule,1305,e56620e3-804c-41a3-9441-b054b74c1392
314.0,0.95,e56620e3-804c-41a3-9441-b054b74c1392:charging:88:120,charging,62.800000000000004,20.0,203.56885500400006,64.83084554267518,196.44385500400006,62.56173726242041,executed_charging_schedule,1335,e56620e3-804c-41a3-9441-b054b74c1392
314.0,0.95,e56620e3-804c-41a3-9441-b054b74c1392:charging:90:123,charging,62.800000000000004,20.0,210.69385500400006,67.09995382292996,203.56885500400006,64.83084554267518,executed_charging_schedule,1365,e56620e3-804c-41a3-9441-b054b74c1392
314.0,0.95,e56620e3-804c-41a3-9441-b054b74c1392:charging:93:132,charging,62.800000000000004,20.0,211.02335999999997,67.2048917197452,210.69385500400006,67.09995382292996,executed_charging_schedule,1410,e56620e3-804c-41a3-9441-b054b74c1392
314.0,0.95,e56620e3-804c-41a3-9441-b054b74c1392:charging:95:143,charging,62.800000000000004,20.0,218.14835999999997,69.47399999999999,211.02335999999997,67.2048917197452,executed_charging_schedule,1440,e56620e3-804c-41a3-9441-b054b74c1392
314.0,0.95,ff03ad3a-409a-43ef-9c63-384bacb5f9d2:initial_state,initial_state,62.800000000000004,20.0,208.434142,66.38029999999999,208.434142,66.38029999999999,scenario_fleet_contract,0,ff03ad3a-409a-43ef-9c63-384bacb5f9d2
314.0,0.95,ff03ad3a-409a-43ef-9c63-384bacb5f9d2:startup,startup_deadhead,62.800000000000004,20.0,206.85494200000002,65.87737006369427,208.434142,66.38029999999999,canonical_solver_result,351,ff03ad3a-409a-43ef-9c63-384bacb5f9d2
314.0,0.95,ff03ad3a-409a-43ef-9c63-384bacb5f9d2:service:0,service_trip,62.800000000000004,20.0,201.88616949200002,64.29495843694268,206.85494200000002,65.87737006369427,canonical_solver_result,371,ff03ad3a-409a-43ef-9c63-384bacb5f9d2
314.0,0.95,ff03ad3a-409a-43ef-9c63-384bacb5f9d2:service:1,service_trip,62.800000000000004,20.0,189.69724062800003,60.4131339579618,201.88616949200002,64.29495843694268,canonical_solver_result,447,ff03ad3a-409a-43ef-9c63-384bacb5f9d2
314.0,0.95,ff03ad3a-409a-43ef-9c63-384bacb5f9d2:service:2,service_trip,62.800000000000004,20.0,177.35758370400004,56.48330691210192,189.69724062800003,60.4131339579618,canonical_solver_result,505,ff03ad3a-409a-43ef-9c63-384bacb5f9d2
314.0,0.95,ff03ad3a-409a-43ef-9c63-384bacb5f9d2:service:3,service_trip,62.800000000000004,20.0,173.09174206800003,55.124758620382174,177.35758370400004,56.48330691210192,canonical_solver_result,536,ff03ad3a-409a-43ef-9c63-384bacb5f9d2
314.0,0.95,ff03ad3a-409a-43ef-9c63-384bacb5f9d2:terminal_return,terminal_return,62.800000000000004,20.0,171.51254206800004,54.62182868407645,173.09174206800003,55.124758620382174,canonical_solver_result,540,ff03ad3a-409a-43ef-9c63-384bacb5f9d2
314.0,0.95,ff03ad3a-409a-43ef-9c63-384bacb5f9d2:charging:36:71,charging,62.800000000000004,20.0,185.76254206800004,59.160045244586,171.51254206800004,54.62182868407645,executed_charging_schedule,555,ff03ad3a-409a-43ef-9c63-384bacb5f9d2
314.0,0.95,ff03ad3a-409a-43ef-9c63-384bacb5f9d2:charging:37:75,charging,62.800000000000004,20.0,207.13754206800004,65.96737008535032,185.76254206800004,59.160045244586,executed_charging_schedule,570,ff03ad3a-409a-43ef-9c63-384bacb5f9d2
314.0,0.95,ff03ad3a-409a-43ef-9c63-384bacb5f9d2:charging:38:79,charging,62.800000000000004,20.0,208.43414199999992,66.38029999999998,207.13754206800004,65.96737008535032,executed_charging_schedule,585,ff03ad3a-409a-43ef-9c63-384bacb5f9d2
