representative_week_start,date,weekday_ja,weather_ja,season,weather_class,label_kind,classification_version,source,daylight_clearsky_ratio,precipitation_mm,daylight_precipitation_mm,possible_solid_precipitation_mm,quality_flag,exclusion_reason,flags,daily_irradiation_kwh_m2
2025-01-06,2025-01-06,月,雨,winter,rainy,research_weather_proxy_from_estimated_actuals,solcast_daylight_precip_clearsky_v1,https://docs.solcast.com.au/docs/output-parameters,0.5122304610926447,26.0,2.6,0.0,accepted,,[],1.5045
2025-01-06,2025-01-07,火,くもり,winter,cloudy,research_weather_proxy_from_estimated_actuals,solcast_daylight_precip_clearsky_v1,https://docs.solcast.com.au/docs/output-parameters,0.6915917337119419,0.6000000000000001,0.6000000000000001,0.0,accepted,,[],2.1945
2025-01-06,2025-01-08,水,晴れ,winter,sunny,research_weather_proxy_from_estimated_actuals,solcast_daylight_precip_clearsky_v1,https://docs.solcast.com.au/docs/output-parameters,0.8663093530610705,0.0,0.0,0.0,accepted,,[],2.8745
2025-01-06,2025-01-09,木,晴れ,winter,sunny,research_weather_proxy_from_estimated_actuals,solcast_daylight_precip_clearsky_v1,https://docs.solcast.com.au/docs/output-parameters,0.9927721728655323,0.0,0.0,0.0,accepted,,[],3.30175
2025-01-06,2025-01-10,金,晴れ,winter,sunny,research_weather_proxy_from_estimated_actuals,solcast_daylight_precip_clearsky_v1,https://docs.solcast.com.au/docs/output-parameters,0.9959721713658001,0.0,0.0,0.0,accepted,,[],3.40475
2025-01-06,2025-01-11,土,晴れ,winter,sunny,research_weather_proxy_from_estimated_actuals,solcast_daylight_precip_clearsky_v1,https://docs.solcast.com.au/docs/output-parameters,0.995044454161201,0.0,0.0,0.0,accepted,,[],3.415
2025-01-06,2025-01-12,日,くもり,winter,cloudy,research_weather_proxy_from_estimated_actuals,solcast_daylight_precip_clearsky_v1,https://docs.solcast.com.au/docs/output-parameters,0.589526887066037,0.8,0.8,0.0,accepted,,[],1.77975
2025-02-03,2025-02-03,月,くもり,winter,cloudy,research_weather_proxy_from_estimated_actuals,solcast_daylight_precip_clearsky_v1,https://docs.solcast.com.au/docs/output-parameters,0.43316528137348415,0.0,0.0,0.0,accepted,,[],1.591
2025-02-03,2025-02-04,火,雨,winter,rainy,research_weather_proxy_from_estimated_actuals,solcast_daylight_precip_clearsky_v1,https://docs.solcast.com.au/docs/output-parameters,0.7533246737180677,2.5,1.9500000000000002,0.0,accepted,,"[""mixed_daylight_sun_and_precipitation""]",3.049
2025-02-03,2025-02-05,水,晴れ,winter,sunny,research_weather_proxy_from_estimated_actuals,solcast_daylight_precip_clearsky_v1,https://docs.solcast.com.au/docs/output-parameters,0.8450695848697514,0.0,0.0,0.0,accepted,,[],3.55625
2025-02-03,2025-02-06,木,晴れ,winter,sunny,research_weather_proxy_from_estimated_actuals,solcast_daylight_precip_clearsky_v1,https://docs.solcast.com.au/docs/output-parameters,0.9870076425631982,0.0,0.0,0.0,accepted,,[],4.2015
2025-02-03,2025-02-07,金,晴れ,winter,sunny,research_weather_proxy_from_estimated_actuals,solcast_daylight_precip_clearsky_v1,https://docs.solcast.com.au/docs/output-parameters,0.9387803858328854,0.0,0.0,0.0,accepted,,[],3.9345
2025-02-03,2025-02-08,土,晴れ,winter,sunny,research_weather_proxy_from_estimated_actuals,solcast_daylight_precip_clearsky_v1,https://docs.solcast.com.au/docs/output-parameters,0.9879758377023022,0.1,0.0,0.0,accepted,,[],4.33925
2025-02-03,2025-02-09,日,晴れ,winter,sunny,research_weather_proxy_from_estimated_actuals,solcast_daylight_precip_clearsky_v1,https://docs.solcast.com.au/docs/output-parameters,0.9960125800292037,0.0,0.0,0.0,accepted,,[],4.43525
2025-03-03,2025-03-03,月,未判定＊,spring,unresolved,research_weather_proxy_from_estimated_actuals,solcast_daylight_precip_clearsky_v1,https://docs.solcast.com.au/docs/output-parameters,0.1495076618306823,28.4,23.625,2.7750000000000004,excluded,solid_precipitation_unresolved_from_temperature_proxy,[],0.64375
2025-03-03,2025-03-04,火,雨,spring,rainy,research_weather_proxy_from_estimated_actuals,solcast_daylight_precip_clearsky_v1,https://docs.solcast.com.au/docs/output-parameters,0.282023469085889,11.1,1.825,0.0,accepted,,[],1.43125
2025-03-03,2025-03-05,水,雨,spring,rainy,research_weather_proxy_from_estimated_actuals,solcast_daylight_precip_clearsky_v1,https://docs.solcast.com.au/docs/output-parameters,0.2730457411670503,8.2,4.125,0.0,accepted,,[],1.3655
2025-03-03,2025-03-06,木,くもり,spring,cloudy,research_weather_proxy_from_estimated_actuals,solcast_daylight_precip_clearsky_v1,https://docs.solcast.com.au/docs/output-parameters,0.28603008313710415,0.9,0.0,0.0,accepted,,[],1.4885
2025-03-03,2025-03-07,金,晴れ,spring,sunny,research_weather_proxy_from_estimated_actuals,solcast_daylight_precip_clearsky_v1,https://docs.solcast.com.au/docs/output-parameters,0.9990175939983924,0.1,0.0,0.0,accepted,,[],5.59325
2025-03-03,2025-03-08,土,雨,spring,rainy,research_weather_proxy_from_estimated_actuals,solcast_daylight_precip_clearsky_v1,https://docs.solcast.com.au/docs/output-parameters,0.2813384060091698,8.3,2.0,0.0,accepted,,[],1.444
2025-03-03,2025-03-09,日,晴れ,spring,sunny,research_weather_proxy_from_estimated_actuals,solcast_daylight_precip_clearsky_v1,https://docs.solcast.com.au/docs/output-parameters,0.9917660292463442,0.0,0.0,0.0,accepted,,[],5.51125
2025-04-07,2025-04-07,月,雨,spring,rainy,research_weather_proxy_from_estimated_actuals,solcast_daylight_precip_clearsky_v1,https://docs.solcast.com.au/docs/output-parameters,0.5659157688540647,1.3,1.3,0.0,accepted,,[],3.61525
2025-04-07,2025-04-08,火,晴れ,spring,sunny,research_weather_proxy_from_estimated_actuals,solcast_daylight_precip_clearsky_v1,https://docs.solcast.com.au/docs/output-parameters,0.9335799044536909,0.0,0.0,0.0,accepted,,[],6.0605
2025-04-07,2025-04-09,水,晴れ,spring,sunny,research_weather_proxy_from_estimated_actuals,solcast_daylight_precip_clearsky_v1,https://docs.solcast.com.au/docs/output-parameters,0.9687905902727666,0.0,0.0,0.0,accepted,,[],6.71525
2025-04-07,2025-04-10,木,くもり,spring,cloudy,research_weather_proxy_from_estimated_actuals,solcast_daylight_precip_clearsky_v1,https://docs.solcast.com.au/docs/output-parameters,0.6916412446613789,1.3,0.0,0.0,accepted,,"[""precipitation_predominantly_outside_daylight""]",4.2515
2025-04-07,2025-04-11,金,雨,spring,rainy,research_weather_proxy_from_estimated_actuals,solcast_daylight_precip_clearsky_v1,https://docs.solcast.com.au/docs/output-parameters,0.5212142660532421,3.4,1.925,0.0,accepted,,[],3.31475
2025-04-07,2025-04-12,土,晴れ,spring,sunny,research_weather_proxy_from_estimated_actuals,solcast_daylight_precip_clearsky_v1,https://docs.solcast.com.au/docs/output-parameters,0.9052203440426881,0.0,0.0,0.0,accepted,,[],6.06775
2025-04-07,2025-04-13,日,雨,spring,rainy,research_weather_proxy_from_estimated_actuals,solcast_daylight_precip_clearsky_v1,https://docs.solcast.com.au/docs/output-parameters,0.1520177108012584,12.1,9.375,0.0,accepted,,[],0.97925
2025-05-12,2025-05-12,月,雨,spring,rainy,research_weather_proxy_from_estimated_actuals,solcast_daylight_precip_clearsky_v1,https://docs.solcast.com.au/docs/output-parameters,0.28717948717948716,7.0,1.5,0.0,accepted,,[],2.1145
2025-05-12,2025-05-13,火,晴れ,spring,sunny,research_weather_proxy_from_estimated_actuals,solcast_daylight_precip_clearsky_v1,https://docs.solcast.com.au/docs/output-parameters,0.966903533534508,0.0,0.0,0.0,accepted,,[],7.451
2025-05-12,2025-05-14,水,晴れ,spring,sunny,research_weather_proxy_from_estimated_actuals,solcast_daylight_precip_clearsky_v1,https://docs.solcast.com.au/docs/output-parameters,0.7818987259910755,0.0,0.0,0.0,accepted,,[],6.04875
2025-05-12,2025-05-15,木,晴れ,spring,sunny,research_weather_proxy_from_estimated_actuals,solcast_daylight_precip_clearsky_v1,https://docs.solcast.com.au/docs/output-parameters,0.8581354950781702,0.0,0.0,0.0,accepted,,[],6.67275
2025-05-12,2025-05-16,金,くもり,spring,cloudy,research_weather_proxy_from_estimated_actuals,solcast_daylight_precip_clearsky_v1,https://docs.solcast.com.au/docs/output-parameters,0.6091827617018352,0.0,0.0,0.0,accepted,,[],4.4335
2025-05-12,2025-05-17,土,雨,spring,rainy,research_weather_proxy_from_estimated_actuals,solcast_daylight_precip_clearsky_v1,https://docs.solcast.com.au/docs/output-parameters,0.16371725160652495,10.8,9.9,0.0,accepted,,[],1.24275
2025-05-12,2025-05-18,日,くもり,spring,cloudy,research_weather_proxy_from_estimated_actuals,solcast_daylight_precip_clearsky_v1,https://docs.solcast.com.au/docs/output-parameters,0.4417028556388999,0.2,0.0,0.0,accepted,,[],3.359
2025-06-02,2025-06-02,月,くもり,summer,cloudy,research_weather_proxy_from_estimated_actuals,solcast_daylight_precip_clearsky_v1,https://docs.solcast.com.au/docs/output-parameters,0.6205996519876857,1.2,0.4,0.0,accepted,,"[""precipitation_predominantly_outside_daylight""]",4.63675
2025-06-02,2025-06-03,火,雨,summer,rainy,research_weather_proxy_from_estimated_actuals,solcast_daylight_precip_clearsky_v1,https://docs.solcast.com.au/docs/output-parameters,0.15481684686138453,23.5,21.150000000000002,0.0,accepted,,[],1.20025
2025-06-02,2025-06-04,水,晴れ,summer,sunny,research_weather_proxy_from_estimated_actuals,solcast_daylight_precip_clearsky_v1,https://docs.solcast.com.au/docs/output-parameters,0.7687685788375181,2.4,0.8,0.0,accepted,,"[""precipitation_predominantly_outside_daylight""]",6.08075
2025-06-02,2025-06-05,木,晴れ,summer,sunny,research_weather_proxy_from_estimated_actuals,solcast_daylight_precip_clearsky_v1,https://docs.solcast.com.au/docs/output-parameters,0.9870511525392598,0.5,0.1,0.0,accepted,,[],8.0635
2025-06-02,2025-06-06,金,晴れ,summer,sunny,research_weather_proxy_from_estimated_actuals,solcast_daylight_precip_clearsky_v1,https://docs.solcast.com.au/docs/output-parameters,0.89247705302961,0.0,0.0,0.0,accepted,,[],7.3195
2025-06-02,2025-06-07,土,晴れ,summer,sunny,research_weather_proxy_from_estimated_actuals,solcast_daylight_precip_clearsky_v1,https://docs.solcast.com.au/docs/output-parameters,0.86478864509731,0.0,0.0,0.0,accepted,,[],6.9785
2025-06-02,2025-06-08,日,くもり,summer,cloudy,research_weather_proxy_from_estimated_actuals,solcast_daylight_precip_clearsky_v1,https://docs.solcast.com.au/docs/output-parameters,0.3934223625939785,0.1,0.1,0.0,accepted,,[],2.8657500000000002
2025-07-07,2025-07-07,月,晴れ,summer,sunny,research_weather_proxy_from_estimated_actuals,solcast_daylight_precip_clearsky_v1,https://docs.solcast.com.au/docs/output-parameters,0.7871453071406299,0.1,0.1,0.0,accepted,,[],5.05475
2025-07-07,2025-07-08,火,晴れ,summer,sunny,research_weather_proxy_from_estimated_actuals,solcast_daylight_precip_clearsky_v1,https://docs.solcast.com.au/docs/output-parameters,0.9334403102330091,0.0,0.0,0.0,accepted,,[],6.9875
2025-07-07,2025-07-09,水,晴れ,summer,sunny,research_weather_proxy_from_estimated_actuals,solcast_daylight_precip_clearsky_v1,https://docs.solcast.com.au/docs/output-parameters,0.9822034485146458,0.1,0.1,0.0,accepted,,[],7.09525
2025-07-07,2025-07-10,木,雨,summer,rainy,research_weather_proxy_from_estimated_actuals,solcast_daylight_precip_clearsky_v1,https://docs.solcast.com.au/docs/output-parameters,0.8610562932735726,2.1,1.4000000000000001,0.0,accepted,,"[""mixed_daylight_sun_and_precipitation""]",6.439
2025-07-07,2025-07-11,金,くもり,summer,cloudy,research_weather_proxy_from_estimated_actuals,solcast_daylight_precip_clearsky_v1,https://docs.solcast.com.au/docs/output-parameters,0.3041817382779487,2.1,0.7000000000000001,0.0,accepted,,"[""precipitation_predominantly_outside_daylight""]",2.25325
2025-07-07,2025-07-12,土,くもり,summer,cloudy,research_weather_proxy_from_estimated_actuals,solcast_daylight_precip_clearsky_v1,https://docs.solcast.com.au/docs/output-parameters,0.41702890135049936,0.0,0.0,0.0,accepted,,[],3.14675
2025-07-07,2025-07-13,日,晴れ,summer,sunny,research_weather_proxy_from_estimated_actuals,solcast_daylight_precip_clearsky_v1,https://docs.solcast.com.au/docs/output-parameters,0.8602381793085738,1.5,0.6000000000000001,0.0,accepted,,"[""precipitation_predominantly_outside_daylight""]",6.7015
2025-08-04,2025-08-04,月,晴れ,summer,sunny,research_weather_proxy_from_estimated_actuals,solcast_daylight_precip_clearsky_v1,https://docs.solcast.com.au/docs/output-parameters,0.9864120203990827,0.0,0.0,0.0,accepted,,[],7.20725
2025-08-04,2025-08-05,火,晴れ,summer,sunny,research_weather_proxy_from_estimated_actuals,solcast_daylight_precip_clearsky_v1,https://docs.solcast.com.au/docs/output-parameters,0.9827875734676742,0.0,0.0,0.0,accepted,,[],7.02775
2025-08-04,2025-08-06,水,晴れ,summer,sunny,research_weather_proxy_from_estimated_actuals,solcast_daylight_precip_clearsky_v1,https://docs.solcast.com.au/docs/output-parameters,0.8405358838215127,0.2,0.2,0.0,accepted,,[],5.97775
2025-08-04,2025-08-07,木,くもり,summer,cloudy,research_weather_proxy_from_estimated_actuals,solcast_daylight_precip_clearsky_v1,https://docs.solcast.com.au/docs/output-parameters,0.5225861395976013,0.30000000000000004,0.2,0.0,accepted,,[],3.6835
2025-08-04,2025-08-08,金,雨,summer,rainy,research_weather_proxy_from_estimated_actuals,solcast_daylight_precip_clearsky_v1,https://docs.solcast.com.au/docs/output-parameters,0.8190788338795929,2.1,1.975,0.0,accepted,,"[""mixed_daylight_sun_and_precipitation""]",5.939
2025-08-04,2025-08-09,土,晴れ,summer,sunny,research_weather_proxy_from_estimated_actuals,solcast_daylight_precip_clearsky_v1,https://docs.solcast.com.au/docs/output-parameters,0.7051032192868486,0.0,0.0,0.0,accepted,,[],4.88675
2025-08-04,2025-08-10,日,雨,summer,rainy,research_weather_proxy_from_estimated_actuals,solcast_daylight_precip_clearsky_v1,https://docs.solcast.com.au/docs/output-parameters,0.17638441254028714,4.4,3.575,0.0,accepted,,[],1.20475
2025-09-01,2025-09-01,月,晴れ,autumn,sunny,research_weather_proxy_from_estimated_actuals,solcast_daylight_precip_clearsky_v1,https://docs.solcast.com.au/docs/output-parameters,0.9754815440104366,0.0,0.0,0.0,accepted,,[],6.35725
2025-09-01,2025-09-02,火,晴れ,autumn,sunny,research_weather_proxy_from_estimated_actuals,solcast_daylight_precip_clearsky_v1,https://docs.solcast.com.au/docs/output-parameters,0.9841396319483969,0.0,0.0,0.0,accepted,,[],6.4879999999999995
2025-09-01,2025-09-03,水,雨,autumn,rainy,research_weather_proxy_from_estimated_actuals,solcast_daylight_precip_clearsky_v1,https://docs.solcast.com.au/docs/output-parameters,0.7936669671199592,1.2,1.2,0.0,accepted,,"[""mixed_daylight_sun_and_precipitation""]",5.0645
2025-09-01,2025-09-04,木,雨,autumn,rainy,research_weather_proxy_from_estimated_actuals,solcast_daylight_precip_clearsky_v1,https://docs.solcast.com.au/docs/output-parameters,0.28839085969958456,8.4,5.975,0.0,accepted,,[],1.80525
2025-09-01,2025-09-05,金,雨,autumn,rainy,research_weather_proxy_from_estimated_actuals,solcast_daylight_precip_clearsky_v1,https://docs.solcast.com.au/docs/output-parameters,0.09814155792803479,37.699999999999996,33.425,0.0,accepted,,[],0.62125
2025-09-01,2025-09-06,土,晴れ,autumn,sunny,research_weather_proxy_from_estimated_actuals,solcast_daylight_precip_clearsky_v1,https://docs.solcast.com.au/docs/output-parameters,0.9895777454211051,0.0,0.0,0.0,accepted,,[],6.4585
2025-09-01,2025-09-07,日,晴れ,autumn,sunny,research_weather_proxy_from_estimated_actuals,solcast_daylight_precip_clearsky_v1,https://docs.solcast.com.au/docs/output-parameters,0.9238891505730884,0.0,0.0,0.0,accepted,,[],5.88575
2025-10-06,2025-10-06,月,雨,autumn,rainy,research_weather_proxy_from_estimated_actuals,solcast_daylight_precip_clearsky_v1,https://docs.solcast.com.au/docs/output-parameters,0.5103954746191633,4.1,3.4,0.0,accepted,,[],2.573
2025-10-06,2025-10-07,火,くもり,autumn,cloudy,research_weather_proxy_from_estimated_actuals,solcast_daylight_precip_clearsky_v1,https://docs.solcast.com.au/docs/output-parameters,0.535512385651146,0.0,0.0,0.0,accepted,,[],2.607
2025-10-06,2025-10-08,水,晴れ,autumn,sunny,research_weather_proxy_from_estimated_actuals,solcast_daylight_precip_clearsky_v1,https://docs.solcast.com.au/docs/output-parameters,0.9070769847634322,0.30000000000000004,0.2,0.0,accepted,,[],4.5265
2025-10-06,2025-10-09,木,くもり,autumn,cloudy,research_weather_proxy_from_estimated_actuals,solcast_daylight_precip_clearsky_v1,https://docs.solcast.com.au/docs/output-parameters,0.43017519130084575,1.5,0.0,0.0,accepted,,"[""precipitation_predominantly_outside_daylight""]",2.1375
2025-10-06,2025-10-10,金,晴れ,autumn,sunny,research_weather_proxy_from_estimated_actuals,solcast_daylight_precip_clearsky_v1,https://docs.solcast.com.au/docs/output-parameters,0.8865193427084943,0.0,0.0,0.0,accepted,,[],4.30375
2025-10-06,2025-10-11,土,雨,autumn,rainy,research_weather_proxy_from_estimated_actuals,solcast_daylight_precip_clearsky_v1,https://docs.solcast.com.au/docs/output-parameters,0.1784554411845654,5.4,4.6,0.0,accepted,,[],0.81125
2025-10-06,2025-10-12,日,くもり,autumn,cloudy,research_weather_proxy_from_estimated_actuals,solcast_daylight_precip_clearsky_v1,https://docs.solcast.com.au/docs/output-parameters,0.6994322029483774,0.6000000000000001,0.0,0.0,accepted,,[],3.3575
2025-11-10,2025-11-10,月,雨,autumn,rainy,research_weather_proxy_from_estimated_actuals,solcast_daylight_precip_clearsky_v1,https://docs.solcast.com.au/docs/output-parameters,0.7448833268152784,1.6,1.6,0.0,accepted,,"[""mixed_daylight_sun_and_precipitation""]",2.8585
2025-11-10,2025-11-11,火,くもり,autumn,cloudy,research_weather_proxy_from_estimated_actuals,solcast_daylight_precip_clearsky_v1,https://docs.solcast.com.au/docs/output-parameters,0.45209290289189363,0.0,0.0,0.0,accepted,,[],1.75
2025-11-10,2025-11-12,水,晴れ,autumn,sunny,research_weather_proxy_from_estimated_actuals,solcast_daylight_precip_clearsky_v1,https://docs.solcast.com.au/docs/output-parameters,0.8064066852367688,0.0,0.0,0.0,accepted,,[],3.1885
2025-11-10,2025-11-13,木,くもり,autumn,cloudy,research_weather_proxy_from_estimated_actuals,solcast_daylight_precip_clearsky_v1,https://docs.solcast.com.au/docs/output-parameters,0.24310037072634902,0.0,0.0,0.0,accepted,,[],0.886
2025-11-10,2025-11-14,金,晴れ,autumn,sunny,research_weather_proxy_from_estimated_actuals,solcast_daylight_precip_clearsky_v1,https://docs.solcast.com.au/docs/output-parameters,0.9965451835794608,0.0,0.0,0.0,accepted,,[],3.68025
2025-11-10,2025-11-15,土,晴れ,autumn,sunny,research_weather_proxy_from_estimated_actuals,solcast_daylight_precip_clearsky_v1,https://docs.solcast.com.au/docs/output-parameters,0.9556105270390984,0.30000000000000004,0.0,0.0,accepted,,[],3.479
2025-11-10,2025-11-16,日,晴れ,autumn,sunny,research_weather_proxy_from_estimated_actuals,solcast_daylight_precip_clearsky_v1,https://docs.solcast.com.au/docs/output-parameters,0.7863614017838332,0.0,0.0,0.0,accepted,,[],2.8015
2025-12-01,2025-12-01,月,晴れ,winter,sunny,research_weather_proxy_from_estimated_actuals,solcast_daylight_precip_clearsky_v1,https://docs.solcast.com.au/docs/output-parameters,0.9704173269941891,0.0,0.0,0.0,accepted,,[],3.21525
2025-12-01,2025-12-02,火,晴れ,winter,sunny,research_weather_proxy_from_estimated_actuals,solcast_daylight_precip_clearsky_v1,https://docs.solcast.com.au/docs/output-parameters,0.7368948247078464,0.5,0.5,0.0,accepted,,[],2.208
2025-12-01,2025-12-03,水,くもり,winter,cloudy,research_weather_proxy_from_estimated_actuals,solcast_daylight_precip_clearsky_v1,https://docs.solcast.com.au/docs/output-parameters,0.2569216527812842,4.2,0.7250000000000001,0.0,accepted,,"[""precipitation_predominantly_outside_daylight""]",0.76375
2025-12-01,2025-12-04,木,晴れ,winter,sunny,research_weather_proxy_from_estimated_actuals,solcast_daylight_precip_clearsky_v1,https://docs.solcast.com.au/docs/output-parameters,0.9985890390613397,0.0,0.0,0.0,accepted,,[],3.36275
2025-12-01,2025-12-05,金,晴れ,winter,sunny,research_weather_proxy_from_estimated_actuals,solcast_daylight_precip_clearsky_v1,https://docs.solcast.com.au/docs/output-parameters,0.9324766177476997,0.1,0.1,0.0,accepted,,[],3.06675
2025-12-01,2025-12-06,土,晴れ,winter,sunny,research_weather_proxy_from_estimated_actuals,solcast_daylight_precip_clearsky_v1,https://docs.solcast.com.au/docs/output-parameters,0.7442396313364056,0.0,0.0,0.0,accepted,,[],2.4235
2025-12-01,2025-12-07,日,晴れ,winter,sunny,research_weather_proxy_from_estimated_actuals,solcast_daylight_precip_clearsky_v1,https://docs.solcast.com.au/docs/output-parameters,0.9990170132325141,0.0,0.0,0.0,accepted,,[],3.30775
