air_temp,dhi,dni,ghi,gti,period_end,period
26,0,0,0,0,2025-08-01T01:00:00+09:00,PT60M
25,0,0,0,0,2025-08-01T02:00:00+09:00,PT60M
25,0,0,0,0,2025-08-01T03:00:00+09:00,PT60M
25,0,0,0,0,2025-08-01T04:00:00+09:00,PT60M
25,0,0,0,0,2025-08-01T05:00:00+09:00,PT60M
25,33,0,33,32,2025-08-01T06:00:00+09:00,PT60M
26,129,0,129,126,2025-08-01T07:00:00+09:00,PT60M
26,188,0,188,183,2025-08-01T08:00:00+09:00,PT60M
26,225,0,225,219,2025-08-01T09:00:00+09:00,PT60M
27,295,0,295,287,2025-08-01T10:00:00+09:00,PT60M
28,364,346,682,692,2025-08-01T11:00:00+09:00,PT60M
29,302,331,615,626,2025-08-01T12:00:00+09:00,PT60M
30,343,0,343,334,2025-08-01T13:00:00+09:00,PT60M
30,192,0,192,186,2025-08-01T14:00:00+09:00,PT60M
29,352,0,352,343,2025-08-01T15:00:00+09:00,PT60M
29,168,0,168,164,2025-08-01T16:00:00+09:00,PT60M
28,158,0,158,154,2025-08-01T17:00:00+09:00,PT60M
28,88,0,88,85,2025-08-01T18:00:00+09:00,PT60M
28,11,0,11,11,2025-08-01T19:00:00+09:00,PT60M
27,0,0,0,0,2025-08-01T20:00:00+09:00,PT60M
27,0,0,0,0,2025-08-01T21:00:00+09:00,PT60M
27,0,0,0,0,2025-08-01T22:00:00+09:00,PT60M
27,0,0,0,0,2025-08-01T23:00:00+09:00,PT60M
27,0,0,0,0,2025-08-02T00:00:00+09:00,PT60M
28,0,0,0,0,2025-08-02T01:00:00+09:00,PT60M
28,0,0,0,0,2025-08-02T02:00:00+09:00,PT60M
27,0,0,0,0,2025-08-02T03:00:00+09:00,PT60M
28,0,0,0,0,2025-08-02T04:00:00+09:00,PT60M
27,0,0,0,0,2025-08-02T05:00:00+09:00,PT60M
28,22,0,22,22,2025-08-02T06:00:00+09:00,PT60M
28,134,0,134,130,2025-08-02T07:00:00+09:00,PT60M
29,149,0,149,145,2025-08-02T08:00:00+09:00,PT60M
30,312,1,313,304,2025-08-02T09:00:00+09:00,PT60M
31,419,95,499,493,2025-08-02T10:00:00+09:00,PT60M
32,225,630,801,827,2025-08-02T11:00:00+09:00,PT60M
33,140,812,911,952,2025-08-02T12:00:00+09:00,PT60M
33,153,790,896,934,2025-08-02T13:00:00+09:00,PT60M
33,164,749,820,847,2025-08-02T14:00:00+09:00,PT60M
33,158,702,697,706,2025-08-02T15:00:00+09:00,PT60M
32,139,637,533,520,2025-08-02T16:00:00+09:00,PT60M
31,120,481,339,311,2025-08-02T17:00:00+09:00,PT60M
30,92,0,92,90,2025-08-02T18:00:00+09:00,PT60M
29,12,0,12,12,2025-08-02T19:00:00+09:00,PT60M
28,0,0,0,0,2025-08-02T20:00:00+09:00,PT60M
28,0,0,0,0,2025-08-02T21:00:00+09:00,PT60M
28,0,0,0,0,2025-08-02T22:00:00+09:00,PT60M
27,0,0,0,0,2025-08-02T23:00:00+09:00,PT60M
27,0,0,0,0,2025-08-03T00:00:00+09:00,PT60M
27,0,0,0,0,2025-08-03T01:00:00+09:00,PT60M
27,0,0,0,0,2025-08-03T02:00:00+09:00,PT60M
27,0,0,0,0,2025-08-03T03:00:00+09:00,PT60M
27,0,0,0,0,2025-08-03T04:00:00+09:00,PT60M
27,0,0,0,0,2025-08-03T05:00:00+09:00,PT60M
27,40,121,59,43,2025-08-03T06:00:00+09:00,PT60M
28,128,225,200,177,2025-08-03T07:00:00+09:00,PT60M
29,220,220,341,329,2025-08-03T08:00:00+09:00,PT60M
30,193,562,570,565,2025-08-03T09:00:00+09:00,PT60M
31,383,234,574,574,2025-08-03T10:00:00+09:00,PT60M
32,383,276,637,644,2025-08-03T11:00:00+09:00,PT60M
33,240,646,853,887,2025-08-03T12:00:00+09:00,PT60M
34,358,426,757,777,2025-08-03T13:00:00+09:00,PT60M
34,346,395,689,700,2025-08-03T14:00:00+09:00,PT60M
34,171,675,689,698,2025-08-03T15:00:00+09:00,PT60M
34,163,577,520,508,2025-08-03T16:00:00+09:00,PT60M
33,161,307,303,284,2025-08-03T17:00:00+09:00,PT60M
32,70,0,70,68,2025-08-03T18:00:00+09:00,PT60M
31,7,0,7,7,2025-08-03T19:00:00+09:00,PT60M
30,0,0,0,0,2025-08-03T20:00:00+09:00,PT60M
30,0,0,0,0,2025-08-03T21:00:00+09:00,PT60M
29,0,0,0,0,2025-08-03T22:00:00+09:00,PT60M
29,0,0,0,0,2025-08-03T23:00:00+09:00,PT60M
29,0,0,0,0,2025-08-04T00:00:00+09:00,PT60M
28,0,0,0,0,2025-08-04T01:00:00+09:00,PT60M
28,0,0,0,0,2025-08-04T02:00:00+09:00,PT60M
28,0,0,0,0,2025-08-04T03:00:00+09:00,PT60M
28,0,0,0,0,2025-08-04T04:00:00+09:00,PT60M
28,0,0,0,0,2025-08-04T05:00:00+09:00,PT60M
28,42,37,48,43,2025-08-04T06:00:00+09:00,PT60M
29,123,238,200,178,2025-08-04T07:00:00+09:00,PT60M
30,154,479,404,383,2025-08-04T08:00:00+09:00,PT60M
31,161,646,601,599,2025-08-04T09:00:00+09:00,PT60M
32,171,718,756,775,2025-08-04T10:00:00+09:00,PT60M
33,182,750,861,896,2025-08-04T11:00:00+09:00,PT60M
34,187,764,911,953,2025-08-04T12:00:00+09:00,PT60M
34,190,756,898,938,2025-08-04T13:00:00+09:00,PT60M
34,191,723,823,852,2025-08-04T14:00:00+09:00,PT60M
34,180,677,697,708,2025-08-04T15:00:00+09:00,PT60M
33,135,664,543,532,2025-08-04T16:00:00+09:00,PT60M
33,132,445,334,308,2025-08-04T17:00:00+09:00,PT60M
32,102,88,127,116,2025-08-04T18:00:00+09:00,PT60M
30,15,10,16,14,2025-08-04T19:00:00+09:00,PT60M
30,0,0,0,0,2025-08-04T20:00:00+09:00,PT60M
29,0,0,0,0,2025-08-04T21:00:00+09:00,PT60M
29,0,0,0,0,2025-08-04T22:00:00+09:00,PT60M
28,0,0,0,0,2025-08-04T23:00:00+09:00,PT60M
28,0,0,0,0,2025-08-05T00:00:00+09:00,PT60M
28,0,0,0,0,2025-08-05T01:00:00+09:00,PT60M
28,0,0,0,0,2025-08-05T02:00:00+09:00,PT60M
28,0,0,0,0,2025-08-05T03:00:00+09:00,PT60M
28,0,0,0,0,2025-08-05T04:00:00+09:00,PT60M
27,0,0,0,0,2025-08-05T05:00:00+09:00,PT60M
28,42,63,50,42,2025-08-05T06:00:00+09:00,PT60M
29,106,312,211,184,2025-08-05T07:00:00+09:00,PT60M
30,140,525,409,388,2025-08-05T08:00:00+09:00,PT60M
32,160,640,595,594,2025-08-05T09:00:00+09:00,PT60M
33,145,751,756,777,2025-08-05T10:00:00+09:00,PT60M
34,157,774,856,893,2025-08-05T11:00:00+09:00,PT60M
35,173,768,899,942,2025-08-05T12:00:00+09:00,PT60M
35,187,742,880,921,2025-08-05T13:00:00+09:00,PT60M
36,196,696,803,832,2025-08-05T14:00:00+09:00,PT60M
36,193,632,675,686,2025-08-05T15:00:00+09:00,PT60M
35,182,524,501,491,2025-08-05T16:00:00+09:00,PT60M
34,159,258,282,267,2025-08-05T17:00:00+09:00,PT60M
33,87,0,87,84,2025-08-05T18:00:00+09:00,PT60M
32,12,5,12,11,2025-08-05T19:00:00+09:00,PT60M
31,0,0,0,0,2025-08-05T20:00:00+09:00,PT60M
31,0,0,0,0,2025-08-05T21:00:00+09:00,PT60M
30,0,0,0,0,2025-08-05T22:00:00+09:00,PT60M
30,0,0,0,0,2025-08-05T23:00:00+09:00,PT60M
30,0,0,0,0,2025-08-06T00:00:00+09:00,PT60M
30,0,0,0,0,2025-08-06T01:00:00+09:00,PT60M
29,0,0,0,0,2025-08-06T02:00:00+09:00,PT60M
29,0,0,0,0,2025-08-06T03:00:00+09:00,PT60M
29,0,0,0,0,2025-08-06T04:00:00+09:00,PT60M
29,0,0,0,0,2025-08-06T05:00:00+09:00,PT60M
29,39,25,43,39,2025-08-06T06:00:00+09:00,PT60M
30,150,39,163,156,2025-08-06T07:00:00+09:00,PT60M
31,228,161,317,308,2025-08-06T08:00:00+09:00,PT60M
32,170,612,585,585,2025-08-06T09:00:00+09:00,PT60M
33,174,698,741,761,2025-08-06T10:00:00+09:00,PT60M
34,285,546,777,804,2025-08-06T11:00:00+09:00,PT60M
35,271,601,838,874,2025-08-06T12:00:00+09:00,PT60M
35,204,709,866,906,2025-08-06T13:00:00+09:00,PT60M
35,217,648,783,811,2025-08-06T14:00:00+09:00,PT60M
35,354,246,542,541,2025-08-06T15:00:00+09:00,PT60M
34,300,149,385,375,2025-08-06T16:00:00+09:00,PT60M
33,182,209,279,265,2025-08-06T17:00:00+09:00,PT60M
32,89,8,92,89,2025-08-06T18:00:00+09:00,PT60M
31,6,0,6,6,2025-08-06T19:00:00+09:00,PT60M
31,0,0,0,0,2025-08-06T20:00:00+09:00,PT60M
30,0,0,0,0,2025-08-06T21:00:00+09:00,PT60M
30,0,0,0,0,2025-08-06T22:00:00+09:00,PT60M
29,0,0,0,0,2025-08-06T23:00:00+09:00,PT60M
29,0,0,0,0,2025-08-07T00:00:00+09:00,PT60M
29,0,0,0,0,2025-08-07T01:00:00+09:00,PT60M
29,0,0,0,0,2025-08-07T02:00:00+09:00,PT60M
29,0,0,0,0,2025-08-07T03:00:00+09:00,PT60M
28,0,0,0,0,2025-08-07T04:00:00+09:00,PT60M
28,0,0,0,0,2025-08-07T05:00:00+09:00,PT60M
28,23,0,23,22,2025-08-07T06:00:00+09:00,PT60M
29,104,0,104,101,2025-08-07T07:00:00+09:00,PT60M
30,167,402,379,364,2025-08-07T08:00:00+09:00,PT60M
31,257,116,338,332,2025-08-07T09:00:00+09:00,PT60M
30,188,102,265,263,2025-08-07T10:00:00+09:00,PT60M
30,302,9,310,303,2025-08-07T11:00:00+09:00,PT60M
29,188,0,188,183,2025-08-07T12:00:00+09:00,PT60M
30,410,45,452,444,2025-08-07T13:00:00+09:00,PT60M
31,396,123,499,496,2025-08-07T14:00:00+09:00,PT60M
31,328,149,434,428,2025-08-07T15:00:00+09:00,PT60M
32,264,269,426,418,2025-08-07T16:00:00+09:00,PT60M
32,193,165,266,253,2025-08-07T17:00:00+09:00,PT60M
32,72,7,75,72,2025-08-07T18:00:00+09:00,PT60M
31,9,0,9,8,2025-08-07T19:00:00+09:00,PT60M
30,0,0,0,0,2025-08-07T20:00:00+09:00,PT60M
29,0,0,0,0,2025-08-07T21:00:00+09:00,PT60M
29,0,0,0,0,2025-08-07T22:00:00+09:00,PT60M
28,0,0,0,0,2025-08-07T23:00:00+09:00,PT60M
28,0,0,0,0,2025-08-08T00:00:00+09:00,PT60M
27,0,0,0,0,2025-08-08T01:00:00+09:00,PT60M
27,0,0,0,0,2025-08-08T02:00:00+09:00,PT60M
26,0,0,0,0,2025-08-08T03:00:00+09:00,PT60M
26,0,0,0,0,2025-08-08T04:00:00+09:00,PT60M
26,0,0,0,0,2025-08-08T05:00:00+09:00,PT60M
26,39,28,44,40,2025-08-08T06:00:00+09:00,PT60M
27,94,398,221,190,2025-08-08T07:00:00+09:00,PT60M
29,104,649,432,411,2025-08-08T08:00:00+09:00,PT60M
30,140,690,604,607,2025-08-08T09:00:00+09:00,PT60M
31,136,775,764,790,2025-08-08T10:00:00+09:00,PT60M
32,327,463,742,765,2025-08-08T11:00:00+09:00,PT60M
32,366,418,761,784,2025-08-08T12:00:00+09:00,PT60M
33,199,728,877,921,2025-08-08T13:00:00+09:00,PT60M
32,295,342,599,612,2025-08-08T14:00:00+09:00,PT60M
32,236,539,638,648,2025-08-08T15:00:00+09:00,PT60M
32,266,242,423,418,2025-08-08T16:00:00+09:00,PT60M
31,192,177,264,250,2025-08-08T17:00:00+09:00,PT60M
30,91,60,108,100,2025-08-08T18:00:00+09:00,PT60M
30,9,0,9,9,2025-08-08T19:00:00+09:00,PT60M
29,0,0,0,0,2025-08-08T20:00:00+09:00,PT60M
28,0,0,0,0,2025-08-08T21:00:00+09:00,PT60M
28,0,0,0,0,2025-08-08T22:00:00+09:00,PT60M
27,0,0,0,0,2025-08-08T23:00:00+09:00,PT60M
27,0,0,0,0,2025-08-09T00:00:00+09:00,PT60M
26,0,0,0,0,2025-08-09T01:00:00+09:00,PT60M
26,0,0,0,0,2025-08-09T02:00:00+09:00,PT60M
26,0,0,0,0,2025-08-09T03:00:00+09:00,PT60M
26,0,0,0,0,2025-08-09T04:00:00+09:00,PT60M
25,0,0,0,0,2025-08-09T05:00:00+09:00,PT60M
25,26,0,26,26,2025-08-09T06:00:00+09:00,PT60M
26,111,232,191,173,2025-08-09T07:00:00+09:00,PT60M
27,161,454,392,376,2025-08-09T08:00:00+09:00,PT60M
29,187,586,581,583,2025-08-09T09:00:00+09:00,PT60M
30,421,149,542,539,2025-08-09T10:00:00+09:00,PT60M
30,443,48,487,479,2025-08-09T11:00:00+09:00,PT60M
31,398,98,490,487,2025-08-09T12:00:00+09:00,PT60M
31,451,222,656,663,2025-08-09T13:00:00+09:00,PT60M
31,454,23,475,464,2025-08-09T14:00:00+09:00,PT60M
31,414,16,427,416,2025-08-09T15:00:00+09:00,PT60M
31,251,204,364,355,2025-08-09T16:00:00+09:00,PT60M
31,185,162,259,248,2025-08-09T17:00:00+09:00,PT60M
30,92,84,112,102,2025-08-09T18:00:00+09:00,PT60M
29,9,0,9,9,2025-08-09T19:00:00+09:00,PT60M
28,0,0,0,0,2025-08-09T20:00:00+09:00,PT60M
28,0,0,0,0,2025-08-09T21:00:00+09:00,PT60M
27,0,0,0,0,2025-08-09T22:00:00+09:00,PT60M
27,0,0,0,0,2025-08-09T23:00:00+09:00,PT60M
27,0,0,0,0,2025-08-10T00:00:00+09:00,PT60M
27,0,0,0,0,2025-08-10T01:00:00+09:00,PT60M
27,0,0,0,0,2025-08-10T02:00:00+09:00,PT60M
27,0,0,0,0,2025-08-10T03:00:00+09:00,PT60M
27,0,0,0,0,2025-08-10T04:00:00+09:00,PT60M
26,0,0,0,0,2025-08-10T05:00:00+09:00,PT60M
26,13,0,13,13,2025-08-10T06:00:00+09:00,PT60M
27,70,0,70,68,2025-08-10T07:00:00+09:00,PT60M
27,91,0,91,89,2025-08-10T08:00:00+09:00,PT60M
27,60,0,60,58,2025-08-10T09:00:00+09:00,PT60M
27,103,0,103,100,2025-08-10T10:00:00+09:00,PT60M
27,103,0,103,101,2025-08-10T11:00:00+09:00,PT60M
27,160,0,160,156,2025-08-10T12:00:00+09:00,PT60M
28,110,0,110,107,2025-08-10T13:00:00+09:00,PT60M
28,130,0,130,126,2025-08-10T14:00:00+09:00,PT60M
28,163,0,163,159,2025-08-10T15:00:00+09:00,PT60M
28,109,0,109,106,2025-08-10T16:00:00+09:00,PT60M
28,62,0,62,60,2025-08-10T17:00:00+09:00,PT60M
28,30,0,30,29,2025-08-10T18:00:00+09:00,PT60M
28,3,0,3,3,2025-08-10T19:00:00+09:00,PT60M
28,0,0,0,0,2025-08-10T20:00:00+09:00,PT60M
27,0,0,0,0,2025-08-10T21:00:00+09:00,PT60M
27,0,0,0,0,2025-08-10T22:00:00+09:00,PT60M
27,0,0,0,0,2025-08-10T23:00:00+09:00,PT60M
27,0,0,0,0,2025-08-11T00:00:00+09:00,PT60M
27,0,0,0,0,2025-08-11T01:00:00+09:00,PT60M
27,0,0,0,0,2025-08-11T02:00:00+09:00,PT60M
27,0,0,0,0,2025-08-11T03:00:00+09:00,PT60M
27,0,0,0,0,2025-08-11T04:00:00+09:00,PT60M
27,0,0,0,0,2025-08-11T05:00:00+09:00,PT60M
27,15,0,15,14,2025-08-11T06:00:00+09:00,PT60M
27,63,0,63,61,2025-08-11T07:00:00+09:00,PT60M
28,117,0,117,114,2025-08-11T08:00:00+09:00,PT60M
28,99,0,99,96,2025-08-11T09:00:00+09:00,PT60M
28,115,0,115,112,2025-08-11T10:00:00+09:00,PT60M
28,189,0,189,184,2025-08-11T11:00:00+09:00,PT60M
28,437,4,441,429,2025-08-11T12:00:00+09:00,PT60M
29,183,0,183,178,2025-08-11T13:00:00+09:00,PT60M
29,178,0,178,173,2025-08-11T14:00:00+09:00,PT60M
29,172,0,172,167,2025-08-11T15:00:00+09:00,PT60M
29,131,0,131,128,2025-08-11T16:00:00+09:00,PT60M
28,86,0,86,84,2025-08-11T17:00:00+09:00,PT60M
28,25,0,25,24,2025-08-11T18:00:00+09:00,PT60M
28,3,0,3,3,2025-08-11T19:00:00+09:00,PT60M
28,0,0,0,0,2025-08-11T20:00:00+09:00,PT60M
28,0,0,0,0,2025-08-11T21:00:00+09:00,PT60M
27,0,0,0,0,2025-08-11T22:00:00+09:00,PT60M
27,0,0,0,0,2025-08-11T23:00:00+09:00,PT60M
27,0,0,0,0,2025-08-12T00:00:00+09:00,PT60M
27,0,0,0,0,2025-08-12T01:00:00+09:00,PT60M
27,0,0,0,0,2025-08-12T02:00:00+09:00,PT60M
27,0,0,0,0,2025-08-12T03:00:00+09:00,PT60M
27,0,0,0,0,2025-08-12T04:00:00+09:00,PT60M
27,0,0,0,0,2025-08-12T05:00:00+09:00,PT60M
27,9,0,9,9,2025-08-12T06:00:00+09:00,PT60M
28,47,0,47,45,2025-08-12T07:00:00+09:00,PT60M
28,108,0,108,105,2025-08-12T08:00:00+09:00,PT60M
28,79,0,79,77,2025-08-12T09:00:00+09:00,PT60M
28,160,0,160,155,2025-08-12T10:00:00+09:00,PT60M
29,212,0,212,206,2025-08-12T11:00:00+09:00,PT60M
29,267,0,267,260,2025-08-12T12:00:00+09:00,PT60M
29,147,0,147,143,2025-08-12T13:00:00+09:00,PT60M
29,177,0,177,172,2025-08-12T14:00:00+09:00,PT60M
29,154,0,154,150,2025-08-12T15:00:00+09:00,PT60M
28,111,0,111,108,2025-08-12T16:00:00+09:00,PT60M
28,79,0,79,77,2025-08-12T17:00:00+09:00,PT60M
28,22,0,22,22,2025-08-12T18:00:00+09:00,PT60M
27,1,0,1,1,2025-08-12T19:00:00+09:00,PT60M
27,0,0,0,0,2025-08-12T20:00:00+09:00,PT60M
27,0,0,0,0,2025-08-12T21:00:00+09:00,PT60M
27,0,0,0,0,2025-08-12T22:00:00+09:00,PT60M
27,0,0,0,0,2025-08-12T23:00:00+09:00,PT60M
26,0,0,0,0,2025-08-13T00:00:00+09:00,PT60M
26,0,0,0,0,2025-08-13T01:00:00+09:00,PT60M
26,0,0,0,0,2025-08-13T02:00:00+09:00,PT60M
26,0,0,0,0,2025-08-13T03:00:00+09:00,PT60M
25,0,0,0,0,2025-08-13T04:00:00+09:00,PT60M
25,0,0,0,0,2025-08-13T05:00:00+09:00,PT60M
25,21,0,21,21,2025-08-13T06:00:00+09:00,PT60M
25,133,4,135,131,2025-08-13T07:00:00+09:00,PT60M
26,255,57,284,277,2025-08-13T08:00:00+09:00,PT60M
27,336,102,404,398,2025-08-13T09:00:00+09:00,PT60M
28,415,32,442,433,2025-08-13T10:00:00+09:00,PT60M
28,430,6,435,424,2025-08-13T11:00:00+09:00,PT60M
28,470,23,491,481,2025-08-13T12:00:00+09:00,PT60M
29,460,0,460,447,2025-08-13T13:00:00+09:00,PT60M
29,461,32,489,479,2025-08-13T14:00:00+09:00,PT60M
29,384,151,495,492,2025-08-13T15:00:00+09:00,PT60M
29,190,480,474,472,2025-08-13T16:00:00+09:00,PT60M
29,163,19,172,168,2025-08-13T17:00:00+09:00,PT60M
29,47,0,47,45,2025-08-13T18:00:00+09:00,PT60M
28,2,0,2,2,2025-08-13T19:00:00+09:00,PT60M
27,0,0,0,0,2025-08-13T20:00:00+09:00,PT60M
27,0,0,0,0,2025-08-13T21:00:00+09:00,PT60M
26,0,0,0,0,2025-08-13T22:00:00+09:00,PT60M
26,0,0,0,0,2025-08-13T23:00:00+09:00,PT60M
26,0,0,0,0,2025-08-14T00:00:00+09:00,PT60M
26,0,0,0,0,2025-08-14T01:00:00+09:00,PT60M
25,0,0,0,0,2025-08-14T02:00:00+09:00,PT60M
25,0,0,0,0,2025-08-14T03:00:00+09:00,PT60M
25,0,0,0,0,2025-08-14T04:00:00+09:00,PT60M
25,0,0,0,0,2025-08-14T05:00:00+09:00,PT60M
25,15,0,15,15,2025-08-14T06:00:00+09:00,PT60M
25,74,0,74,72,2025-08-14T07:00:00+09:00,PT60M
25,216,12,223,217,2025-08-14T08:00:00+09:00,PT60M
26,322,83,372,365,2025-08-14T09:00:00+09:00,PT60M
27,415,122,513,511,2025-08-14T10:00:00+09:00,PT60M
27,366,352,684,703,2025-08-14T11:00:00+09:00,PT60M
28,228,680,860,911,2025-08-14T12:00:00+09:00,PT60M
29,227,677,850,899,2025-08-14T13:00:00+09:00,PT60M
30,219,653,777,816,2025-08-14T14:00:00+09:00,PT60M
30,202,605,651,672,2025-08-14T15:00:00+09:00,PT60M
30,149,595,500,501,2025-08-14T16:00:00+09:00,PT60M
30,139,352,289,275,2025-08-14T17:00:00+09:00,PT60M
29,85,85,102,93,2025-08-14T18:00:00+09:00,PT60M
28,7,6,7,6,2025-08-14T19:00:00+09:00,PT60M
27,0,0,0,0,2025-08-14T20:00:00+09:00,PT60M
27,0,0,0,0,2025-08-14T21:00:00+09:00,PT60M
26,0,0,0,0,2025-08-14T22:00:00+09:00,PT60M
26,0,0,0,0,2025-08-14T23:00:00+09:00,PT60M
26,0,0,0,0,2025-08-15T00:00:00+09:00,PT60M
26,0,0,0,0,2025-08-15T01:00:00+09:00,PT60M
25,0,0,0,0,2025-08-15T02:00:00+09:00,PT60M
25,0,0,0,0,2025-08-15T03:00:00+09:00,PT60M
25,0,0,0,0,2025-08-15T04:00:00+09:00,PT60M
25,0,0,0,0,2025-08-15T05:00:00+09:00,PT60M
25,29,59,39,33,2025-08-15T06:00:00+09:00,PT60M
26,93,342,197,175,2025-08-15T07:00:00+09:00,PT60M
28,139,507,389,378,2025-08-15T08:00:00+09:00,PT60M
29,166,614,573,584,2025-08-15T09:00:00+09:00,PT60M
30,139,758,744,780,2025-08-15T10:00:00+09:00,PT60M
31,152,780,844,896,2025-08-15T11:00:00+09:00,PT60M
32,173,765,884,942,2025-08-15T12:00:00+09:00,PT60M
32,184,741,864,919,2025-08-15T13:00:00+09:00,PT60M
31,196,685,781,823,2025-08-15T14:00:00+09:00,PT60M
31,335,24,353,346,2025-08-15T15:00:00+09:00,PT60M
30,271,171,367,361,2025-08-15T16:00:00+09:00,PT60M
29,200,45,220,214,2025-08-15T17:00:00+09:00,PT60M
28,65,0,65,63,2025-08-15T18:00:00+09:00,PT60M
28,3,0,3,3,2025-08-15T19:00:00+09:00,PT60M
27,0,0,0,0,2025-08-15T20:00:00+09:00,PT60M
27,0,0,0,0,2025-08-15T21:00:00+09:00,PT60M
27,0,0,0,0,2025-08-15T22:00:00+09:00,PT60M
27,0,0,0,0,2025-08-15T23:00:00+09:00,PT60M
27,0,0,0,0,2025-08-16T00:00:00+09:00,PT60M
27,0,0,0,0,2025-08-16T01:00:00+09:00,PT60M
26,0,0,0,0,2025-08-16T02:00:00+09:00,PT60M
26,0,0,0,0,2025-08-16T03:00:00+09:00,PT60M
26,0,0,0,0,2025-08-16T04:00:00+09:00,PT60M
26,0,0,0,0,2025-08-16T05:00:00+09:00,PT60M
26,19,0,19,19,2025-08-16T06:00:00+09:00,PT60M
27,95,0,95,92,2025-08-16T07:00:00+09:00,PT60M
27,207,43,231,226,2025-08-16T08:00:00+09:00,PT60M
28,216,484,529,536,2025-08-16T09:00:00+09:00,PT60M
29,381,75,438,432,2025-08-16T10:00:00+09:00,PT60M
30,413,88,493,491,2025-08-16T11:00:00+09:00,PT60M
30,468,187,641,649,2025-08-16T12:00:00+09:00,PT60M
31,440,236,655,667,2025-08-16T13:00:00+09:00,PT60M
30,387,281,627,641,2025-08-16T14:00:00+09:00,PT60M
30,335,269,531,536,2025-08-16T15:00:00+09:00,PT60M
30,290,142,372,366,2025-08-16T16:00:00+09:00,PT60M
29,189,83,219,211,2025-08-16T17:00:00+09:00,PT60M
29,78,30,85,81,2025-08-16T18:00:00+09:00,PT60M
28,3,0,3,3,2025-08-16T19:00:00+09:00,PT60M
28,0,0,0,0,2025-08-16T20:00:00+09:00,PT60M
27,0,0,0,0,2025-08-16T21:00:00+09:00,PT60M
27,0,0,0,0,2025-08-16T22:00:00+09:00,PT60M
27,0,0,0,0,2025-08-16T23:00:00+09:00,PT60M
27,0,0,0,0,2025-08-17T00:00:00+09:00,PT60M
27,0,0,0,0,2025-08-17T01:00:00+09:00,PT60M
27,0,0,0,0,2025-08-17T02:00:00+09:00,PT60M
27,0,0,0,0,2025-08-17T03:00:00+09:00,PT60M
27,0,0,0,0,2025-08-17T04:00:00+09:00,PT60M
26,0,0,0,0,2025-08-17T05:00:00+09:00,PT60M
26,22,0,22,22,2025-08-17T06:00:00+09:00,PT60M
27,110,143,158,148,2025-08-17T07:00:00+09:00,PT60M
28,169,372,353,346,2025-08-17T08:00:00+09:00,PT60M
29,188,555,554,566,2025-08-17T09:00:00+09:00,PT60M
30,208,623,700,732,2025-08-17T10:00:00+09:00,PT60M
31,249,601,782,826,2025-08-17T11:00:00+09:00,PT60M
32,282,573,812,859,2025-08-17T12:00:00+09:00,PT60M
33,199,717,853,909,2025-08-17T13:00:00+09:00,PT60M
33,190,699,783,828,2025-08-17T14:00:00+09:00,PT60M
33,182,641,653,678,2025-08-17T15:00:00+09:00,PT60M
33,145,597,492,496,2025-08-17T16:00:00+09:00,PT60M
32,121,417,292,278,2025-08-17T17:00:00+09:00,PT60M
31,71,177,107,92,2025-08-17T18:00:00+09:00,PT60M
30,4,0,4,4,2025-08-17T19:00:00+09:00,PT60M
29,0,0,0,0,2025-08-17T20:00:00+09:00,PT60M
29,0,0,0,0,2025-08-17T21:00:00+09:00,PT60M
29,0,0,0,0,2025-08-17T22:00:00+09:00,PT60M
28,0,0,0,0,2025-08-17T23:00:00+09:00,PT60M
28,0,0,0,0,2025-08-18T00:00:00+09:00,PT60M
28,0,0,0,0,2025-08-18T01:00:00+09:00,PT60M
27,0,0,0,0,2025-08-18T02:00:00+09:00,PT60M
27,0,0,0,0,2025-08-18T03:00:00+09:00,PT60M
27,0,0,0,0,2025-08-18T04:00:00+09:00,PT60M
27,0,0,0,0,2025-08-18T05:00:00+09:00,PT60M
27,27,0,27,27,2025-08-18T06:00:00+09:00,PT60M
28,111,192,174,162,2025-08-18T07:00:00+09:00,PT60M
29,135,516,386,379,2025-08-18T08:00:00+09:00,PT60M
31,166,616,570,585,2025-08-18T09:00:00+09:00,PT60M
32,195,662,718,755,2025-08-18T10:00:00+09:00,PT60M
33,211,691,820,872,2025-08-18T11:00:00+09:00,PT60M
34,220,697,864,922,2025-08-18T12:00:00+09:00,PT60M
35,232,669,841,896,2025-08-18T13:00:00+09:00,PT60M
35,236,616,757,799,2025-08-18T14:00:00+09:00,PT60M
34,234,520,615,636,2025-08-18T15:00:00+09:00,PT60M
32,237,293,413,414,2025-08-18T16:00:00+09:00,PT60M
31,108,2,108,106,2025-08-18T17:00:00+09:00,PT60M
30,13,0,13,12,2025-08-18T18:00:00+09:00,PT60M
29,2,0,2,2,2025-08-18T19:00:00+09:00,PT60M
29,0,0,0,0,2025-08-18T20:00:00+09:00,PT60M
29,0,0,0,0,2025-08-18T21:00:00+09:00,PT60M
28,0,0,0,0,2025-08-18T22:00:00+09:00,PT60M
28,0,0,0,0,2025-08-18T23:00:00+09:00,PT60M
28,0,0,0,0,2025-08-19T00:00:00+09:00,PT60M
27,0,0,0,0,2025-08-19T01:00:00+09:00,PT60M
27,0,0,0,0,2025-08-19T02:00:00+09:00,PT60M
27,0,0,0,0,2025-08-19T03:00:00+09:00,PT60M
26,0,0,0,0,2025-08-19T04:00:00+09:00,PT60M
26,0,0,0,0,2025-08-19T05:00:00+09:00,PT60M
26,28,0,28,27,2025-08-19T06:00:00+09:00,PT60M
27,129,56,148,142,2025-08-19T07:00:00+09:00,PT60M
28,153,448,374,369,2025-08-19T08:00:00+09:00,PT60M
29,164,623,572,589,2025-08-19T09:00:00+09:00,PT60M
31,124,790,749,793,2025-08-19T10:00:00+09:00,PT60M
32,129,822,853,914,2025-08-19T11:00:00+09:00,PT60M
32,140,821,896,964,2025-08-19T12:00:00+09:00,PT60M
33,144,810,879,945,2025-08-19T13:00:00+09:00,PT60M
33,144,781,802,855,2025-08-19T14:00:00+09:00,PT60M
34,139,731,672,704,2025-08-19T15:00:00+09:00,PT60M
33,114,681,506,513,2025-08-19T16:00:00+09:00,PT60M
32,133,351,278,268,2025-08-19T17:00:00+09:00,PT60M
31,64,227,110,92,2025-08-19T18:00:00+09:00,PT60M
30,4,0,4,4,2025-08-19T19:00:00+09:00,PT60M
29,0,0,0,0,2025-08-19T20:00:00+09:00,PT60M
29,0,0,0,0,2025-08-19T21:00:00+09:00,PT60M
28,0,0,0,0,2025-08-19T22:00:00+09:00,PT60M
28,0,0,0,0,2025-08-19T23:00:00+09:00,PT60M
28,0,0,0,0,2025-08-20T00:00:00+09:00,PT60M
27,0,0,0,0,2025-08-20T01:00:00+09:00,PT60M
27,0,0,0,0,2025-08-20T02:00:00+09:00,PT60M
27,0,0,0,0,2025-08-20T03:00:00+09:00,PT60M
27,0,0,0,0,2025-08-20T04:00:00+09:00,PT60M
27,0,0,0,0,2025-08-20T05:00:00+09:00,PT60M
27,26,59,34,28,2025-08-20T06:00:00+09:00,PT60M
28,94,297,182,165,2025-08-20T07:00:00+09:00,PT60M
29,147,462,371,366,2025-08-20T08:00:00+09:00,PT60M
30,181,572,555,571,2025-08-20T09:00:00+09:00,PT60M
32,158,723,728,771,2025-08-20T10:00:00+09:00,PT60M
32,174,745,828,887,2025-08-20T11:00:00+09:00,PT60M
33,196,729,866,930,2025-08-20T12:00:00+09:00,PT60M
34,214,692,842,901,2025-08-20T13:00:00+09:00,PT60M
33,222,637,758,803,2025-08-20T14:00:00+09:00,PT60M
33,209,574,626,653,2025-08-20T15:00:00+09:00,PT60M
32,185,459,452,457,2025-08-20T16:00:00+09:00,PT60M
32,190,52,209,203,2025-08-20T17:00:00+09:00,PT60M
31,73,43,82,77,2025-08-20T18:00:00+09:00,PT60M
30,3,0,3,3,2025-08-20T19:00:00+09:00,PT60M
29,0,0,0,0,2025-08-20T20:00:00+09:00,PT60M
29,0,0,0,0,2025-08-20T21:00:00+09:00,PT60M
28,0,0,0,0,2025-08-20T22:00:00+09:00,PT60M
28,0,0,0,0,2025-08-20T23:00:00+09:00,PT60M
28,0,0,0,0,2025-08-21T00:00:00+09:00,PT60M
28,0,0,0,0,2025-08-21T01:00:00+09:00,PT60M
28,0,0,0,0,2025-08-21T02:00:00+09:00,PT60M
27,0,0,0,0,2025-08-21T03:00:00+09:00,PT60M
27,0,0,0,0,2025-08-21T04:00:00+09:00,PT60M
27,0,0,0,0,2025-08-21T05:00:00+09:00,PT60M
27,25,42,30,26,2025-08-21T06:00:00+09:00,PT60M
28,99,248,173,159,2025-08-21T07:00:00+09:00,PT60M
30,153,431,364,360,2025-08-21T08:00:00+09:00,PT60M
31,175,589,559,577,2025-08-21T09:00:00+09:00,PT60M
32,168,711,726,770,2025-08-21T10:00:00+09:00,PT60M
34,179,741,829,889,2025-08-21T11:00:00+09:00,PT60M
34,200,726,866,931,2025-08-21T12:00:00+09:00,PT60M
35,223,679,837,897,2025-08-21T13:00:00+09:00,PT60M
35,304,466,696,730,2025-08-21T14:00:00+09:00,PT60M
35,250,462,590,612,2025-08-21T15:00:00+09:00,PT60M
34,167,133,250,251,2025-08-21T16:00:00+09:00,PT60M
33,143,0,143,139,2025-08-21T17:00:00+09:00,PT60M
32,50,0,50,49,2025-08-21T18:00:00+09:00,PT60M
31,0,0,0,0,2025-08-21T19:00:00+09:00,PT60M
30,0,0,0,0,2025-08-21T20:00:00+09:00,PT60M
30,0,0,0,0,2025-08-21T21:00:00+09:00,PT60M
29,0,0,0,0,2025-08-21T22:00:00+09:00,PT60M
29,0,0,0,0,2025-08-21T23:00:00+09:00,PT60M
28,0,0,0,0,2025-08-22T00:00:00+09:00,PT60M
28,0,0,0,0,2025-08-22T01:00:00+09:00,PT60M
28,0,0,0,0,2025-08-22T02:00:00+09:00,PT60M
27,0,0,0,0,2025-08-22T03:00:00+09:00,PT60M
27,0,0,0,0,2025-08-22T04:00:00+09:00,PT60M
27,0,0,0,0,2025-08-22T05:00:00+09:00,PT60M
27,16,0,16,15,2025-08-22T06:00:00+09:00,PT60M
27,104,0,104,101,2025-08-22T07:00:00+09:00,PT60M
29,233,5,235,229,2025-08-22T08:00:00+09:00,PT60M
30,337,64,379,374,2025-08-22T09:00:00+09:00,PT60M
31,442,5,446,435,2025-08-22T10:00:00+09:00,PT60M
32,474,0,474,461,2025-08-22T11:00:00+09:00,PT60M
33,331,0,331,322,2025-08-22T12:00:00+09:00,PT60M
33,506,36,539,530,2025-08-22T13:00:00+09:00,PT60M
34,431,170,571,576,2025-08-22T14:00:00+09:00,PT60M
34,361,169,484,487,2025-08-22T15:00:00+09:00,PT60M
33,278,26,294,288,2025-08-22T16:00:00+09:00,PT60M
32,179,1,180,175,2025-08-22T17:00:00+09:00,PT60M
31,46,0,46,45,2025-08-22T18:00:00+09:00,PT60M
30,1,0,1,1,2025-08-22T19:00:00+09:00,PT60M
30,0,0,0,0,2025-08-22T20:00:00+09:00,PT60M
29,0,0,0,0,2025-08-22T21:00:00+09:00,PT60M
29,0,0,0,0,2025-08-22T22:00:00+09:00,PT60M
29,0,0,0,0,2025-08-22T23:00:00+09:00,PT60M
28,0,0,0,0,2025-08-23T00:00:00+09:00,PT60M
28,0,0,0,0,2025-08-23T01:00:00+09:00,PT60M
28,0,0,0,0,2025-08-23T02:00:00+09:00,PT60M
28,0,0,0,0,2025-08-23T03:00:00+09:00,PT60M
27,0,0,0,0,2025-08-23T04:00:00+09:00,PT60M
27,0,0,0,0,2025-08-23T05:00:00+09:00,PT60M
27,23,0,23,23,2025-08-23T06:00:00+09:00,PT60M
28,120,68,142,136,2025-08-23T07:00:00+09:00,PT60M
29,207,217,310,306,2025-08-23T08:00:00+09:00,PT60M
30,307,217,447,451,2025-08-23T09:00:00+09:00,PT60M
31,316,377,616,640,2025-08-23T10:00:00+09:00,PT60M
32,270,571,767,817,2025-08-23T11:00:00+09:00,PT60M
33,426,297,697,722,2025-08-23T12:00:00+09:00,PT60M
34,301,530,777,825,2025-08-23T13:00:00+09:00,PT60M
34,243,592,736,782,2025-08-23T14:00:00+09:00,PT60M
34,222,537,606,635,2025-08-23T15:00:00+09:00,PT60M
34,203,383,423,430,2025-08-23T16:00:00+09:00,PT60M
33,178,64,205,200,2025-08-23T17:00:00+09:00,PT60M
32,60,0,60,58,2025-08-23T18:00:00+09:00,PT60M
31,1,0,1,1,2025-08-23T19:00:00+09:00,PT60M
30,0,0,0,0,2025-08-23T20:00:00+09:00,PT60M
29,0,0,0,0,2025-08-23T21:00:00+09:00,PT60M
29,0,0,0,0,2025-08-23T22:00:00+09:00,PT60M
29,0,0,0,0,2025-08-23T23:00:00+09:00,PT60M
28,0,0,0,0,2025-08-24T00:00:00+09:00,PT60M
28,0,0,0,0,2025-08-24T01:00:00+09:00,PT60M
28,0,0,0,0,2025-08-24T02:00:00+09:00,PT60M
28,0,0,0,0,2025-08-24T03:00:00+09:00,PT60M
27,0,0,0,0,2025-08-24T04:00:00+09:00,PT60M
27,0,0,0,0,2025-08-24T05:00:00+09:00,PT60M
27,19,0,19,18,2025-08-24T06:00:00+09:00,PT60M
28,105,115,143,137,2025-08-24T07:00:00+09:00,PT60M
30,163,377,342,341,2025-08-24T08:00:00+09:00,PT60M
31,206,495,525,544,2025-08-24T09:00:00+09:00,PT60M
33,221,595,686,727,2025-08-24T10:00:00+09:00,PT60M
34,302,509,743,789,2025-08-24T11:00:00+09:00,PT60M
34,400,349,718,750,2025-08-24T12:00:00+09:00,PT60M
35,277,576,793,848,2025-08-24T13:00:00+09:00,PT60M
35,235,606,738,787,2025-08-24T14:00:00+09:00,PT60M
35,213,556,609,640,2025-08-24T15:00:00+09:00,PT60M
34,158,537,457,468,2025-08-24T16:00:00+09:00,PT60M
33,125,346,258,250,2025-08-24T17:00:00+09:00,PT60M
32,56,135,84,75,2025-08-24T18:00:00+09:00,PT60M
32,1,0,1,1,2025-08-24T19:00:00+09:00,PT60M
31,0,0,0,0,2025-08-24T20:00:00+09:00,PT60M
30,0,0,0,0,2025-08-24T21:00:00+09:00,PT60M
30,0,0,0,0,2025-08-24T22:00:00+09:00,PT60M
29,0,0,0,0,2025-08-24T23:00:00+09:00,PT60M
29,0,0,0,0,2025-08-25T00:00:00+09:00,PT60M
29,0,0,0,0,2025-08-25T01:00:00+09:00,PT60M
29,0,0,0,0,2025-08-25T02:00:00+09:00,PT60M
28,0,0,0,0,2025-08-25T03:00:00+09:00,PT60M
28,0,0,0,0,2025-08-25T04:00:00+09:00,PT60M
28,0,0,0,0,2025-08-25T05:00:00+09:00,PT60M
28,17,0,17,17,2025-08-25T06:00:00+09:00,PT60M
28,99,0,99,97,2025-08-25T07:00:00+09:00,PT60M
29,211,0,211,205,2025-08-25T08:00:00+09:00,PT60M
30,336,73,384,380,2025-08-25T09:00:00+09:00,PT60M
31,421,95,493,491,2025-08-25T10:00:00+09:00,PT60M
32,439,190,605,617,2025-08-25T11:00:00+09:00,PT60M
33,435,257,669,691,2025-08-25T12:00:00+09:00,PT60M
33,386,349,697,729,2025-08-25T13:00:00+09:00,PT60M
34,322,414,666,700,2025-08-25T14:00:00+09:00,PT60M
34,217,543,601,632,2025-08-25T15:00:00+09:00,PT60M
33,225,299,396,402,2025-08-25T16:00:00+09:00,PT60M
32,154,0,154,150,2025-08-25T17:00:00+09:00,PT60M
31,53,13,54,52,2025-08-25T18:00:00+09:00,PT60M
30,0,0,0,0,2025-08-25T19:00:00+09:00,PT60M
30,0,0,0,0,2025-08-25T20:00:00+09:00,PT60M
29,0,0,0,0,2025-08-25T21:00:00+09:00,PT60M
29,0,0,0,0,2025-08-25T22:00:00+09:00,PT60M
28,0,0,0,0,2025-08-25T23:00:00+09:00,PT60M
28,0,0,0,0,2025-08-26T00:00:00+09:00,PT60M
28,0,0,0,0,2025-08-26T01:00:00+09:00,PT60M
28,0,0,0,0,2025-08-26T02:00:00+09:00,PT60M
28,0,0,0,0,2025-08-26T03:00:00+09:00,PT60M
27,0,0,0,0,2025-08-26T04:00:00+09:00,PT60M
27,0,0,0,0,2025-08-26T05:00:00+09:00,PT60M
27,20,0,20,20,2025-08-26T06:00:00+09:00,PT60M
28,119,42,133,129,2025-08-26T07:00:00+09:00,PT60M
29,195,255,319,318,2025-08-26T08:00:00+09:00,PT60M
30,249,366,488,503,2025-08-26T09:00:00+09:00,PT60M
31,261,505,651,688,2025-08-26T10:00:00+09:00,PT60M
32,356,385,691,727,2025-08-26T11:00:00+09:00,PT60M
32,290,554,792,849,2025-08-26T12:00:00+09:00,PT60M
33,168,763,847,921,2025-08-26T13:00:00+09:00,PT60M
33,156,752,775,837,2025-08-26T14:00:00+09:00,PT60M
33,148,701,643,685,2025-08-26T15:00:00+09:00,PT60M
33,136,599,467,482,2025-08-26T16:00:00+09:00,PT60M
32,106,443,270,262,2025-08-26T17:00:00+09:00,PT60M
31,53,146,84,75,2025-08-26T18:00:00+09:00,PT60M
30,1,0,1,1,2025-08-26T19:00:00+09:00,PT60M
29,0,0,0,0,2025-08-26T20:00:00+09:00,PT60M
29,0,0,0,0,2025-08-26T21:00:00+09:00,PT60M
28,0,0,0,0,2025-08-26T22:00:00+09:00,PT60M
28,0,0,0,0,2025-08-26T23:00:00+09:00,PT60M
28,0,0,0,0,2025-08-27T00:00:00+09:00,PT60M
28,0,0,0,0,2025-08-27T01:00:00+09:00,PT60M
27,0,0,0,0,2025-08-27T02:00:00+09:00,PT60M
27,0,0,0,0,2025-08-27T03:00:00+09:00,PT60M
27,0,0,0,0,2025-08-27T04:00:00+09:00,PT60M
27,0,0,0,0,2025-08-27T05:00:00+09:00,PT60M
27,21,49,28,24,2025-08-27T06:00:00+09:00,PT60M
28,84,333,178,166,2025-08-27T07:00:00+09:00,PT60M
29,127,523,373,377,2025-08-27T08:00:00+09:00,PT60M
31,152,641,561,591,2025-08-27T09:00:00+09:00,PT60M
32,145,748,725,780,2025-08-27T10:00:00+09:00,PT60M
33,155,777,827,900,2025-08-27T11:00:00+09:00,PT60M
33,167,776,868,948,2025-08-27T12:00:00+09:00,PT60M
34,177,753,846,921,2025-08-27T13:00:00+09:00,PT60M
34,181,708,762,823,2025-08-27T14:00:00+09:00,PT60M
34,178,634,624,664,2025-08-27T15:00:00+09:00,PT60M
33,212,297,382,389,2025-08-27T16:00:00+09:00,PT60M
32,169,13,173,169,2025-08-27T17:00:00+09:00,PT60M
31,35,0,35,34,2025-08-27T18:00:00+09:00,PT60M
30,1,0,1,1,2025-08-27T19:00:00+09:00,PT60M
29,0,0,0,0,2025-08-27T20:00:00+09:00,PT60M
28,0,0,0,0,2025-08-27T21:00:00+09:00,PT60M
28,0,0,0,0,2025-08-27T22:00:00+09:00,PT60M
28,0,0,0,0,2025-08-27T23:00:00+09:00,PT60M
28,0,0,0,0,2025-08-28T00:00:00+09:00,PT60M
28,0,0,0,0,2025-08-28T01:00:00+09:00,PT60M
28,0,0,0,0,2025-08-28T02:00:00+09:00,PT60M
27,0,0,0,0,2025-08-28T03:00:00+09:00,PT60M
27,0,0,0,0,2025-08-28T04:00:00+09:00,PT60M
27,0,0,0,0,2025-08-28T05:00:00+09:00,PT60M
27,12,0,12,11,2025-08-28T06:00:00+09:00,PT60M
27,82,0,82,80,2025-08-28T07:00:00+09:00,PT60M
28,143,0,143,139,2025-08-28T08:00:00+09:00,PT60M
29,291,5,295,287,2025-08-28T09:00:00+09:00,PT60M
30,355,24,373,366,2025-08-28T10:00:00+09:00,PT60M
31,335,4,338,330,2025-08-28T11:00:00+09:00,PT60M
31,336,459,750,799,2025-08-28T12:00:00+09:00,PT60M
32,241,635,803,870,2025-08-28T13:00:00+09:00,PT60M
33,414,114,510,512,2025-08-28T14:00:00+09:00,PT60M
33,340,184,466,472,2025-08-28T15:00:00+09:00,PT60M
32,214,14,223,218,2025-08-28T16:00:00+09:00,PT60M
31,160,110,195,189,2025-08-28T17:00:00+09:00,PT60M
30,53,16,57,55,2025-08-28T18:00:00+09:00,PT60M
29,1,0,1,1,2025-08-28T19:00:00+09:00,PT60M
28,0,0,0,0,2025-08-28T20:00:00+09:00,PT60M
28,0,0,0,0,2025-08-28T21:00:00+09:00,PT60M
27,0,0,0,0,2025-08-28T22:00:00+09:00,PT60M
27,0,0,0,0,2025-08-28T23:00:00+09:00,PT60M
26,0,0,0,0,2025-08-29T00:00:00+09:00,PT60M
26,0,0,0,0,2025-08-29T01:00:00+09:00,PT60M
26,0,0,0,0,2025-08-29T02:00:00+09:00,PT60M
26,0,0,0,0,2025-08-29T03:00:00+09:00,PT60M
25,0,0,0,0,2025-08-29T04:00:00+09:00,PT60M
25,0,0,0,0,2025-08-29T05:00:00+09:00,PT60M
25,14,0,14,13,2025-08-29T06:00:00+09:00,PT60M
26,113,0,113,110,2025-08-29T07:00:00+09:00,PT60M
27,187,254,312,315,2025-08-29T08:00:00+09:00,PT60M
28,190,528,526,553,2025-08-29T09:00:00+09:00,PT60M
29,301,401,604,633,2025-08-29T10:00:00+09:00,PT60M
30,462,116,560,563,2025-08-29T11:00:00+09:00,PT60M
31,474,108,572,575,2025-08-29T12:00:00+09:00,PT60M
32,292,528,757,812,2025-08-29T13:00:00+09:00,PT60M
32,215,632,729,788,2025-08-29T14:00:00+09:00,PT60M
32,196,578,598,636,2025-08-29T15:00:00+09:00,PT60M
31,145,552,443,460,2025-08-29T16:00:00+09:00,PT60M
30,112,365,245,242,2025-08-29T17:00:00+09:00,PT60M
29,51,31,58,55,2025-08-29T18:00:00+09:00,PT60M
29,0,0,0,0,2025-08-29T19:00:00+09:00,PT60M
28,0,0,0,0,2025-08-29T20:00:00+09:00,PT60M
28,0,0,0,0,2025-08-29T21:00:00+09:00,PT60M
28,0,0,0,0,2025-08-29T22:00:00+09:00,PT60M
27,0,0,0,0,2025-08-29T23:00:00+09:00,PT60M
27,0,0,0,0,2025-08-30T00:00:00+09:00,PT60M
27,0,0,0,0,2025-08-30T01:00:00+09:00,PT60M
27,0,0,0,0,2025-08-30T02:00:00+09:00,PT60M
27,0,0,0,0,2025-08-30T03:00:00+09:00,PT60M
27,0,0,0,0,2025-08-30T04:00:00+09:00,PT60M
27,0,0,0,0,2025-08-30T05:00:00+09:00,PT60M
27,18,31,22,20,2025-08-30T06:00:00+09:00,PT60M
27,89,255,159,152,2025-08-30T07:00:00+09:00,PT60M
29,142,450,350,357,2025-08-30T08:00:00+09:00,PT60M
30,170,584,539,571,2025-08-30T09:00:00+09:00,PT60M
32,147,738,713,774,2025-08-30T10:00:00+09:00,PT60M
33,150,779,817,896,2025-08-30T11:00:00+09:00,PT60M
34,163,776,858,942,2025-08-30T12:00:00+09:00,PT60M
35,170,757,836,917,2025-08-30T13:00:00+09:00,PT60M
35,173,716,753,819,2025-08-30T14:00:00+09:00,PT60M
35,163,656,618,663,2025-08-30T15:00:00+09:00,PT60M
35,140,566,444,464,2025-08-30T16:00:00+09:00,PT60M
34,117,342,239,235,2025-08-30T17:00:00+09:00,PT60M
32,46,117,69,63,2025-08-30T18:00:00+09:00,PT60M
31,0,0,0,0,2025-08-30T19:00:00+09:00,PT60M
30,0,0,0,0,2025-08-30T20:00:00+09:00,PT60M
30,0,0,0,0,2025-08-30T21:00:00+09:00,PT60M
29,0,0,0,0,2025-08-30T22:00:00+09:00,PT60M
29,0,0,0,0,2025-08-30T23:00:00+09:00,PT60M
29,0,0,0,0,2025-08-31T00:00:00+09:00,PT60M
