week,git_sha,trips,service_km,evaluation_status,fuel_cost_final_source,integrated_weekly_gap,total_cost,vehicle_usage_cost_jpy,electricity_cost,fuel_cost,co2_cost,contract_overage_cost,peak_grid_kw,used_vehicle_day_count,non_vehicle_model_cost_jpy,pv_available_kwh,pv_to_bus_kwh,pv_to_bess_kwh,bess_to_bus_kwh,bus_charge_kwh,grid_import_kwh,night_grid_share_percent,pv_curtailed_kwh,bess_initial_kwh,bess_final_kwh,bess_net_stock_bus_equivalent_kwh,bess_aggregate_residual_kwh,supply_max_residual_kwh,observed_overage_kwh,relaxed_night_fixed_volume_excess_lower_bound_kwh,normalized_timetable_hash,fleet_parameter_hash
2025-01-06,f524eca2552a4386bd033a15bbe046c14dc09281,1704,13925.428829,VERIFIED_CONDITIONAL_WEEKLY_EVALUATION,provisional_distance_based,,4860462.656698648,4100000.0,197891.04475274202,36317.878573008806,3924.2788832960864,522329.4544896007,719.9994789473678,205.0,760462.6566986479,15703.5375,821.7138488022053,14881.823651197796,15140.845845206008,22558.92785243304,6596.36815842483,93.98563817364412,0.0,3000.0,1200.0,1710.0,-1.8189894035458565e-12,1.4210854715202004e-14,1044.6589089792014,849.0349092173262,c7a677898885bd7801da3951abd65489f282e871b309d220b0a271c9b26349b8,6865b1e290790ae5da80bda36d2952889933dbfb4500054b02e0a94ced84fda7
2025-02-03,f524eca2552a4386bd033a15bbe046c14dc09281,1704,13925.428829,VERIFIED_CONDITIONAL_WEEKLY_EVALUATION,provisional_distance_based,,4776386.715806569,4120000.0,110646.49106022618,37385.22165929199,2488.6032360882036,505866.3998509621,702.2109473684122,206.0,656386.715806569,21340.737499999996,1035.521094713783,19224.419449693138,17855.051454118824,22578.788917506947,3688.2163686743415,92.18640215616048,1080.7969555930777,3000.0,2468.407472872879,505.0129007707647,4.490630090003833e-12,2.842170943040401e-14,1011.7327997019243,937.9938871817308,c7a677898885bd7801da3951abd65489f282e871b309d220b0a271c9b26349b8,6865b1e290790ae5da80bda36d2952889933dbfb4500054b02e0a94ced84fda7
2025-03-03,f524eca2552a4386bd033a15bbe046c14dc09281,1704,13925.428829,VERIFIED_CONDITIONAL_WEEKLY_EVALUATION,provisional_distance_based,,6126515.171577275,4120000.0,305346.7724233808,35954.95460176988,5708.951122589354,1659504.4934295341,629.9998999999904,206.0,2006515.1715772748,14855.875000000002,868.3346251553206,12231.420844983066,11544.140026614305,22590.70039921575,10178.225747446126,85.97150400908251,1756.1195298616142,3000.0,2468.1234589293736,505.2827140170951,-6.650680006714538e-12,2.842170943040401e-14,3319.008986859068,2727.284074180562,c7a677898885bd7801da3951abd65489f282e871b309d220b0a271c9b26349b8,6865b1e290790ae5da80bda36d2952889933dbfb4500054b02e0a94ced84fda7
2025-04-07,f524eca2552a4386bd033a15bbe046c14dc09281,1704,13925.428829,VERIFIED_CONDITIONAL_WEEKLY_EVALUATION,provisional_distance_based,,4235093.705434697,4120000.0,48977.963707443785,42249.081969026476,1544.6439939127472,22322.015764312946,240.0003,206.0,115093.70543469675,26357.4375,414.6789189747318,20447.23522785809,20163.62979314192,22210.907502364873,1632.5987902482195,98.58464070365655,5495.523353167176,3000.0,1200.0,1710.0,-3.637978807091713e-12,1.4210854715202004e-14,44.644031528625895,0.0,c7a677898885bd7801da3951abd65489f282e871b309d220b0a271c9b26349b8,6865b1e290790ae5da80bda36d2952889933dbfb4500054b02e0a94ced84fda7
2025-05-12,f524eca2552a4386bd033a15bbe046c14dc09281,1704,13925.428829,VERIFIED_CONDITIONAL_WEEKLY_EVALUATION,provisional_distance_based,,4811474.5594100775,4120000.0,105397.51238640283,36469.513141592884,2385.3340843419733,547222.1997977396,570.0002,206.0,691474.5594100775,26638.575,1045.121975237199,18399.96086037236,18041.1862647568,22599.558652874224,3513.250412880223,94.30540165124178,7193.492164390441,3000.0,1489.240433399204,1435.2215882707562,-1.0231815394945443e-11,2.842170943040401e-14,1094.4443995954794,1042.9178995954794,c7a677898885bd7801da3951abd65489f282e871b309d220b0a271c9b26349b8,6865b1e290790ae5da80bda36d2952889933dbfb4500054b02e0a94ced84fda7
2025-06-02,f524eca2552a4386bd033a15bbe046c14dc09281,1704,13925.428829,VERIFIED_CONDITIONAL_WEEKLY_EVALUATION,provisional_distance_based,,4577588.887209395,4120000.0,72880.60115553661,36469.513141592884,1843.3855638275365,346395.3873484384,561.4389526315802,206.0,457588.88720939495,31601.512499999997,1373.9252675845244,19968.379684218715,18796.28001343845,22599.558652874322,2429.353371851349,92.9063138915052,10259.20754819676,3000.0,2184.4027911251915,774.817348431068,-7.048583938740194e-12,2.842170943040401e-14,692.7907746968767,612.3655720316092,c7a677898885bd7801da3951abd65489f282e871b309d220b0a271c9b26349b8,6865b1e290790ae5da80bda36d2952889933dbfb4500054b02e0a94ced84fda7
2025-07-07,f524eca2552a4386bd033a15bbe046c14dc09281,1704,13925.428829,VERIFIED_CONDITIONAL_WEEKLY_EVALUATION,provisional_distance_based,,4185894.598136911,4120000.0,26264.784948543518,38527.87320796455,1101.9399804031743,3.552713678800501e-12,200.00000000000003,206.0,65894.59813691117,32054.987500000003,1021.5955331327364,22325.707203948477,20625.27615233427,22522.36451708523,875.4928316182221,97.14632325585778,8707.684762918789,3000.0,2498.6048412939217,476.32540077077437,-5.172751116333529e-12,2.842170943040401e-14,7.105427357601002e-15,0.0,c7a677898885bd7801da3951abd65489f282e871b309d220b0a271c9b26349b8,6865b1e290790ae5da80bda36d2952889933dbfb4500054b02e0a94ced84fda7
2025-08-04,f524eca2552a4386bd033a15bbe046c14dc09281,1704,13925.428829,VERIFIED_CONDITIONAL_WEEKLY_EVALUATION,provisional_distance_based,,4178455.309118559,4120000.0,10118.473059520491,36841.94057522119,803.7704838171437,10691.125000000668,239.25500000000545,206.0,58455.30911855912,30559.4125,1072.2945491897049,21538.231697061576,21148.254106598066,22557.831091105236,337.28243531746614,82.26597541502512,7948.88625374872,3000.0,1200.0,1710.0,-7.275957614183426e-12,1.4210854715202004e-14,21.382250000001335,0.0,c7a677898885bd7801da3951abd65489f282e871b309d220b0a271c9b26349b8,6865b1e290790ae5da80bda36d2952889933dbfb4500054b02e0a94ced84fda7
2025-09-01,f524eca2552a4386bd033a15bbe046c14dc09281,1704,13925.428829,VERIFIED_CONDITIONAL_WEEKLY_EVALUATION,provisional_distance_based,,4966232.138003672,4120000.0,114566.61166697221,37836.608130530905,2561.720166327584,691267.1980398414,733.8586703292573,206.0,846232.1380036715,27782.25,1088.2305936530415,19016.262120299863,17663.634277587727,22570.751926806613,3818.887055565844,93.7756038335899,7677.757286047095,3000.0,2472.1497747188373,501.45771401710454,-2.2737367544323206e-12,1.4210854715202004e-14,1382.5343960796827,1246.1734205539028,c7a677898885bd7801da3951abd65489f282e871b309d220b0a271c9b26349b8,6865b1e290790ae5da80bda36d2952889933dbfb4500054b02e0a94ced84fda7
2025-10-06,f524eca2552a4386bd033a15bbe046c14dc09281,1704,13925.428829,VERIFIED_CONDITIONAL_WEEKLY_EVALUATION,provisional_distance_based,,4663508.587713766,4100000.0,166496.31449732868,36317.878573008806,3401.0333790392124,357293.3612643898,435.9936432229956,205.0,563508.5877137659,17270.725000000002,727.044441027297,16543.680558972705,16282.006261493614,22558.927852431993,5549.877149911082,94.11246922816827,0.0,3000.0,1577.5425715570952,1351.3345570207593,-1.000444171950221e-11,1.4210854715202004e-14,714.5867225287797,655.2526172657213,c7a677898885bd7801da3951abd65489f282e871b309d220b0a271c9b26349b8,6865b1e290790ae5da80bda36d2952889933dbfb4500054b02e0a94ced84fda7
2025-11-10,f524eca2552a4386bd033a15bbe046c14dc09281,1704,13925.428829,VERIFIED_CONDITIONAL_WEEKLY_EVALUATION,provisional_distance_based,,5110163.394481636,4120000.0,201017.2476803095,35303.80088495571,3958.9002759345813,749883.4456404357,732.2104263157897,206.0,990163.3944816357,15847.1875,978.628377155311,14868.559122844688,15016.806788343767,22696.010088176205,6700.574922677129,92.43793206322027,0.0,3000.0,1317.9661263405926,1597.932179976437,-4.547473508864641e-13,1.4210854715202004e-14,1499.7668912808713,1242.9682088512084,c7a677898885bd7801da3951abd65489f282e871b309d220b0a271c9b26349b8,6865b1e290790ae5da80bda36d2952889933dbfb4500054b02e0a94ced84fda7
2025-12-01,f524eca2552a4386bd033a15bbe046c14dc09281,1704,13925.428829,VERIFIED_CONDITIONAL_WEEKLY_EVALUATION,provisional_distance_based,,4992623.661348696,4120000.0,208854.71345329404,38424.27384955747,4143.319475062973,621201.3545707813,699.6409755706053,206.0,872623.6613486959,15595.587500000001,848.8218484814415,14746.765651518559,14696.51118251625,22507.156812774283,6961.823781776591,93.50948653271698,0.0,3000.0,1539.4155978728925,1387.555182020752,-9.094947017729282e-13,1.4210854715202004e-14,1242.4027091415626,1052.1491409082585,c7a677898885bd7801da3951abd65489f282e871b309d220b0a271c9b26349b8,6865b1e290790ae5da80bda36d2952889933dbfb4500054b02e0a94ced84fda7
