week,date,observed_hours_00_06,observed_grid_kwh,observed_overage_kwh,relaxed_fixed_volume_excess_lower_bound_kwh
2025-01-06,2025-01-06,6.0,551.8936412097194,1.3945513156745832,0
2025-01-06,2025-01-07,6.0,1967.4547872271664,817.4547872271714,767.4547872271664
2025-01-06,2025-01-08,6.0,1281.5801219901598,181.58012199015326,81.5801219901598
2025-01-06,2025-01-09,6.0,778.1148229119555,1.0800249583553523e-12,0
2025-01-06,2025-01-10,6.0,466.4235576084125,2.1813661987835076e-12,0
2025-01-06,2025-01-11,6.0,488.837556498444,5.471179065352771e-13,0
2025-01-06,2025-01-12,6.0,0.0,0,0
2025-01-06,2025-01-13,6.0,665.3342225327749,0,0
2025-02-03,2025-02-03,6.0,359.4474934212524,1.1311129810565035e-10,0
2025-02-03,2025-02-04,6.0,2137.9938871817308,987.9938871817335,937.9938871817308
2025-02-03,2025-02-05,6.0,611.3041507349942,1.3784529073745944e-12,0
2025-02-03,2025-02-06,6.0,291.28844267748957,1.4210854715202004e-14,0
2025-02-03,2025-02-07,6.0,0.0,0,0
2025-02-03,2025-02-08,6.0,0.0,0,0
2025-02-03,2025-02-09,6.0,0.0,0,0
2025-02-03,2025-02-10,5.75,0.0,0,0
2025-03-03,2025-03-03,6.0,297.0341080171904,7.105427357601002e-15,0
2025-03-03,2025-03-04,6.0,2126.814844732872,976.8148447328766,926.8148447328722
2025-03-03,2025-03-05,6.0,1831.6036283856079,681.603628385608,631.6036283856079
2025-03-03,2025-03-06,6.0,1740.7098258998035,590.7098258998094,540.7098258998035
2025-03-03,2025-03-07,6.0,1828.1557751622788,678.1557751622822,628.1557751622788
2025-03-03,2025-03-08,6.0,0.0,0,0
2025-03-03,2025-03-09,6.0,926.0555743213621,7.602807272633072e-13,0
2025-03-03,2025-03-10,5.75,0.0,0,0
2025-04-07,2025-04-07,6.0,0.0,0,0
2025-04-07,2025-04-08,6.0,974.9852043332842,44.46303152862477,0
2025-04-07,2025-04-09,6.0,0.0,0,0
2025-04-07,2025-04-10,6.0,0.0,0,0
2025-04-07,2025-04-11,6.0,0.0,0,0
2025-04-07,2025-04-12,6.0,132.41528978660065,0,0
2025-04-07,2025-04-13,6.0,0.0,0,0
2025-04-07,2025-04-14,5.75,502.0911573785658,0.18100000000112715,0
2025-05-12,2025-05-12,6.0,0.0,0,0
2025-05-12,2025-05-13,6.0,2242.9178995954794,1092.9178995954796,1042.9178995954794
2025-05-12,2025-05-14,6.0,0.0,0,0
2025-05-12,2025-05-15,6.0,0.0,0,0
2025-05-12,2025-05-16,6.0,0.0,0,0
2025-05-12,2025-05-17,6.0,0.0,0,0
2025-05-12,2025-05-18,6.0,1070.267013285125,1.5264999999997357,0
2025-05-12,2025-05-19,5.75,0.0,0,0
2025-06-02,2025-06-02,6.0,0.0,0,0
2025-06-02,2025-06-03,6.0,444.65709715447116,8.09449999999704,0
2025-06-02,2025-06-04,6.0,1812.3655720316092,662.3655720316092,612.3655720316092
2025-06-02,2025-06-05,6.0,0.0,0,0
2025-06-02,2025-06-06,6.0,0.0,0,0
2025-06-02,2025-06-07,6.0,0.0,0,0
2025-06-02,2025-06-08,6.0,0.0,0,0
2025-06-02,2025-06-09,5.75,0.0,0,0
2025-07-07,2025-07-07,6.0,0.0,0,0
2025-07-07,2025-07-08,6.0,29.29794510123822,0,0
2025-07-07,2025-07-09,6.0,0.0,0,0
2025-07-07,2025-07-10,6.0,0.0,0,0
2025-07-07,2025-07-11,6.0,0.0,0,0
2025-07-07,2025-07-12,6.0,787.3280875463835,7.105427357601002e-15,0
2025-07-07,2025-07-13,6.0,33.88306363807891,0,0
2025-07-07,2025-07-14,5.75,0.0,0,0
2025-08-04,2025-08-04,6.0,0.0,0,0
2025-08-04,2025-08-05,6.0,0.0,0,0
2025-08-04,2025-08-06,6.0,0.0,0,0
2025-08-04,2025-08-07,6.0,0.0,0,0
2025-08-04,2025-08-08,6.0,0.0,0,0
2025-08-04,2025-08-09,6.0,0.0,0,0
2025-08-04,2025-08-10,6.0,0.0,0,0
2025-08-04,2025-08-11,6.0,277.46868531746475,11.568499999999972,0
2025-09-01,2025-09-01,6.0,0.0,0,0
2025-09-01,2025-09-02,6.0,0.0,0,0
2025-09-01,2025-09-03,6.0,0.0,0,0
2025-09-01,2025-09-04,6.0,0.0,0,0
2025-09-01,2025-09-05,6.0,1135.0109755257695,85.01097552577832,0
2025-09-01,2025-09-06,6.0,2446.173420553903,1297.5234205539043,1246.1734205539028
2025-09-01,2025-09-07,6.0,0.0,0,0
2025-09-01,2025-09-08,5.75,0.0,0,0
2025-10-06,2025-10-06,6.0,315.4742896563746,0.43650000000000233,0
2025-10-06,2025-10-07,6.0,1602.0481874380546,452.04818743805896,402.0481874380546
2025-10-06,2025-10-08,6.0,965.1410594899528,1.659827830735594e-11,0
2025-10-06,2025-10-09,6.0,0.0,0,0
2025-10-06,2025-10-10,6.0,887.2584584991599,2.6929569685307797e-12,0
2025-10-06,2025-10-11,6.0,0.0,0,0
2025-10-06,2025-10-12,6.0,1453.2044298276667,253.20442982766883,253.20442982766667
2025-10-06,2025-10-13,6.0,0.0,0,0
2025-11-10,2025-11-10,6.0,599.9999999998824,3.552713678800501e-14,0
2025-11-10,2025-11-11,6.0,1091.876019054914,41.87601905491694,0
2025-11-10,2025-11-12,6.0,1579.1290246592919,434.1290246592918,379.1290246592919
2025-11-10,2025-11-13,6.0,578.8172127280527,3.495870259939693e-12,0
2025-11-10,2025-11-14,6.0,2063.8391841919165,913.8391841919165,863.8391841919165
2025-11-10,2025-11-15,6.0,280.211454235401,0,0
2025-11-10,2025-11-16,6.0,0.0,0,0
2025-11-10,2025-11-17,5.75,0.0,0,0
2025-12-01,2025-12-01,6.0,449.9999999998689,7.105427357601002e-15,0
2025-12-01,2025-12-02,6.0,898.0177753548567,1.013944483929663e-11,0
2025-12-01,2025-12-03,6.0,1281.5937088405437,158.70027560039952,81.59370884054374
2025-12-01,2025-12-04,6.0,2170.5554320677147,1020.5554320677147,970.5554320677147
2025-12-01,2025-12-05,6.0,386.90621213549565,9.805489753489383e-13,0
2025-12-01,2025-12-06,6.0,727.8394519003809,5.066169705969514e-12,0
2025-12-01,2025-12-07,6.0,595.0530913530096,0,0
2025-12-01,2025-12-08,5.75,0.0,0,0
