paper_id,authors,year,title,venue,doi_or_url,system,mixed_fleet,dispatch,charging,pv_bess,uncertainty,objective,method,scale,reported_result,limitations,commonality,difference,thesis_chapter,evidence_page,source_path,source_sha256
LIT-01,"Lingshu Zhong; Ziling Zeng; Zikang Huang; Xiaowei Shi; Yiming Bie",2024,Joint optimization of electric bus charging and energy storage system scheduling,Frontiers of Engineering Management 11(4) 676-696,10.1007/s42524-024-3102-2,EB+BESS,no,no,yes,BESS,no,electricity cost and peak-related operation,joint optimization,"case study reported by authors",coordinated ESS scheduling reduced operating burden in the reported case,single study setting and no mixed ICE fleet,BESS and time-coupled charging,our work couples dispatch choice and fixed PV counterfactual but is only two-stage,2;3;8,p.1 abstract,先行文献/No16.pdf,50aeb6ea585595f23b09c11f4de2c1cd2da185aa3d63c06ebc3ac06b75f61074
LIT-02,"Jia He; Na Yan; Jian Zhang; Tao Wang; Yan-Yan Chen; Tie-Qiao Tang",2023,Battery electricity bus charging schedule considering bus journey's energy consumption estimation,Transportation Research Part D 115 103587,10.1016/j.trd.2022.103587,EB,no,no,yes,no,energy-consumption estimation,charging feasibility and cost,optimization with journey energy estimation,"case network reported by authors",journey-specific consumption affected feasible charging schedules,no ICE dispatch and no PV/BESS co-optimization,trip-energy-aware SOC,our current energy inputs are fixed and uncertainty is not estimated,2;3;8,p.1 abstract,先行文献/No42.pdf,1f7925ee2c6862c1d0feef43d142c3f9b539020a32228eed8972f1a55b94785f
LIT-03,"Yi He; Zhaocai Liu; Ziqi Song",2023,Joint optimization of electric bus charging infrastructure vehicle scheduling and charging management,Transportation Research Part D 117 103653,10.1016/j.trd.2023.103653,EB,no,yes,yes,no,no,infrastructure and vehicle operation cost,joint mixed integer optimization,"case studies reported by authors",joint decisions improved the reported planning objective,planning problem and EB-only fleet with different cost horizon,vehicle scheduling and charging coupling,our work uses fixed infrastructure and mixed BEV/ICE candidates with rolling execution,1;2;8,p.1 abstract,先行文献/No55.pdf,bd2f52fee861f9812f8ad09125eda3b048e0dc07b05ed63168615c7cc382054f
LIT-04,"Yu Xiao; Guangnian Xiao; Jiapei Li",2026,Photovoltaic-energy storage systems empowered: Low-carbon and economic scheduling for electric buses,Transportation Research Part D 150 105082,10.1016/j.trd.2025.105082,EB+PV+BESS,no,yes,yes,PV+BESS,no,economic and carbon objectives,integrated scheduling,"case study reported by authors",PV-storage coordination improved reported low-carbon and economic metrics,publication year after most baseline literature and EB-only framing,directly combines EB PV and storage,our evidence includes mixed fleet and physical rolling audit but not integrated global optimum,1;2;8,p.1 abstract,先行文献/No61.pdf,1ef0ae3da899b344ac1e0218207cb8c91bf23152eb044361ff3e139fb7bc7732
LIT-05,"Xiyu Hu; Hailong Li; Chi Xie",2025,Optimal charging scheduling of an electric bus fleet with photovoltaic-storage-charging stations,Applied Energy 390 125714,10.1016/j.apenergy.2025.125714,EB+PV+BESS,no,no,yes,PV+BESS,no,charging cost and renewable utilization,optimization,"case study reported by authors",coordinated PV-storage-charging improved reported scheduling performance,does not establish mixed-fleet dispatch under this repository's contracts,PV flow and BESS SOC constraints,our study includes candidate dispatch and 24-step rolling verification,2;3;8,p.1 abstract,先行文献/No63.pdf,224c0034d9c65fe4130ff0741ee2ce3786024e0f41cb628f88a1f02a5e975d1b
LIT-06,"J. A. Manzolli; J. P. F. Trovão; C. H. Antunes",2025,Electric bus fleet charging management: A robust optimisation framework addressing battery ageing time-of-use tariffs and energy consumption uncertainty,Applied Energy 381 125137,10.1016/j.apenergy.2024.125137,EB,no,no,yes,no,yes,cost battery ageing and robustness,robust optimization,"case study reported by authors",robust framework quantified trade-offs under uncertainty,different uncertainty set and no mixed fleet/PV-BESS dispatch,battery ageing and uncertainty expose current omissions,our frozen model is deterministic and excludes degradation cost,3;8,p.1 abstract,先行文献/No64.pdf,771a2c0e7d074da6575d5f6051004cc3e2377dbdbffeb4005206d871c6a66279
LIT-07,"上條 武; 根岸 信太郎; 池上 貴志",2024,電気自動車バスのマクロな充電需要推定に関する検討,令和6年電気学会電力・エネルギー部門大会,,EB,no,no,yes,no,no,charging demand estimation,aggregate demand estimation,domestic bus operation data,運行時刻に基づく充電需要推定を提示,最適配車・PV・BESSは対象外,日本の運行条件と充電需要,本研究は個別便割当と物理検算まで扱う,1;2,p.1,先行文献/電気自動車バスのマクロな充電需要推定に関する検討.pdf,f35aedcd4138d80253be4ca7cfb7f87d716d63e79a1671b7906cb0e0889c8425
LIT-08,"中野 はるか; 藤本 悠; 金子 奈々恵; 菅野 颯馬; 井原 雄人; 楊 イ翔; 林 泰弘",2024,都市の太陽光地域余剰電力活用と運行の低炭素化を目的とした電気バス充電計画法の検討,令和6年電気学会電力・エネルギー部門大会,,EB+PV,no,no,yes,PV,no,PV surplus use and low-carbon operation,charging planning,domestic case,地域PV余剰とEB充電の調整可能性を検討,混合車種配車とBESS会計は本研究と異なる,日本のPV余剰活用という問題設定,本研究は営業所内PV/BESSフローとICE燃料を同時に監査する,1;8,p.1-2,先行文献/都市の太陽光地域余剰電力活用と運行の低炭素化を目的とした電気バス充電計画法の検.pdf,1ea432ec4fbae5e5fea4ceb2f0a6e6e0adeaff381d6251959c77f9824c25c65d
LIT-09,"中野 はるか; 藤本 悠; 金子 奈々恵; 菅野 颯馬; 井原 雄人; 楊 イ翔; 林 泰弘",2025,電気バスの低炭素運用に向けたモデル予測型逐次充電計画の導入評価,令和7年電気学会電力・エネルギー部門大会,,EB,no,no,yes,possible forecast update,rolling forecast,low-carbon charging,model predictive sequential scheduling,domestic case,逐次再計画の導入効果を評価,本研究のRollingは保存された実行鎖の検証で予測誤差試験ではない,逐次充電計画と24時間更新,本研究は配車候補選択を前段に持ち将来不確実性は未評価,2;6;8,p.1-2,先行文献/電気バスの低炭素運用に向けたモデル予測型逐次充電計画の導入評価.pdf,a70301be3909bbcd722d9da0e7cc953c67afbe489b3afb431bf498f5e678ad2b
