id,name,type,modelName,capacityPassengers,batteryKwh,fuelTankL,energyConsumption,chargePowerKw,minSoc,maxSoc,acquisitionCost,enabled,vehicleTemplateId,depotId,initialSoc,fuelEfficiencyKmPerL,co2EmissionGPerKm,engineDisplacementL,compatibleChargerIds,chargerCompatibilitySource,used_in_week,modelCode,co2EmissionKgPerL,curbWeightKg,grossVehicleWeightKg,maxTorqueNm,maxPowerKw,initialFuelL,initialFuelSource
builder-bev-tsurumaki-001,BYD K8 2.0,BEV,BYD K8 2.0,80,314.0,,1.316,90.0,0.2,0.9,38500000.0,True,tokyu-template-byd-k8-2-0,tsurumaki,0.248771,,,,"['depot-fast-tsurumaki-001', 'depot-fast-tsurumaki-002', 'depot-fast-tsurumaki-003', 'depot-fast-tsurumaki-004', 'depot-fast-tsurumaki-005', 'depot-fast-tsurumaki-006', 'depot-fast-tsurumaki-007', 'depot-fast-tsurumaki-008', 'depot-fast-tsurumaki-009', 'depot-fast-tsurumaki-010']",selected_depot_charger_inventory,False,,,,,,,,
builder-bev-tsurumaki-002,BYD K8 2.0,BEV,BYD K8 2.0,80,314.0,,1.316,90.0,0.2,0.9,38500000.0,True,tokyu-template-byd-k8-2-0,tsurumaki,0.219452,,,,"['depot-fast-tsurumaki-001', 'depot-fast-tsurumaki-002', 'depot-fast-tsurumaki-003', 'depot-fast-tsurumaki-004', 'depot-fast-tsurumaki-005', 'depot-fast-tsurumaki-006', 'depot-fast-tsurumaki-007', 'depot-fast-tsurumaki-008', 'depot-fast-tsurumaki-009', 'depot-fast-tsurumaki-010']",selected_depot_charger_inventory,False,,,,,,,,
builder-bev-tsurumaki-003,BYD K8 2.0,BEV,BYD K8 2.0,80,314.0,,1.316,90.0,0.2,0.9,38500000.0,True,tokyu-template-byd-k8-2-0,tsurumaki,0.380877,,,,"['depot-fast-tsurumaki-001', 'depot-fast-tsurumaki-002', 'depot-fast-tsurumaki-003', 'depot-fast-tsurumaki-004', 'depot-fast-tsurumaki-005', 'depot-fast-tsurumaki-006', 'depot-fast-tsurumaki-007', 'depot-fast-tsurumaki-008', 'depot-fast-tsurumaki-009', 'depot-fast-tsurumaki-010']",selected_depot_charger_inventory,False,,,,,,,,
builder-bev-tsurumaki-004,BYD K8 2.0,BEV,BYD K8 2.0,80,314.0,,1.316,90.0,0.2,0.9,38500000.0,True,tokyu-template-byd-k8-2-0,tsurumaki,0.540473,,,,"['depot-fast-tsurumaki-001', 'depot-fast-tsurumaki-002', 'depot-fast-tsurumaki-003', 'depot-fast-tsurumaki-004', 'depot-fast-tsurumaki-005', 'depot-fast-tsurumaki-006', 'depot-fast-tsurumaki-007', 'depot-fast-tsurumaki-008', 'depot-fast-tsurumaki-009', 'depot-fast-tsurumaki-010']",selected_depot_charger_inventory,True,,,,,,,,
builder-bev-tsurumaki-005,BYD K8 2.0,BEV,BYD K8 2.0,80,314.0,,1.316,90.0,0.2,0.9,38500000.0,True,tokyu-template-byd-k8-2-0,tsurumaki,0.463533,,,,"['depot-fast-tsurumaki-001', 'depot-fast-tsurumaki-002', 'depot-fast-tsurumaki-003', 'depot-fast-tsurumaki-004', 'depot-fast-tsurumaki-005', 'depot-fast-tsurumaki-006', 'depot-fast-tsurumaki-007', 'depot-fast-tsurumaki-008', 'depot-fast-tsurumaki-009', 'depot-fast-tsurumaki-010']",selected_depot_charger_inventory,True,,,,,,,,
builder-bev-tsurumaki-006,BYD K8 2.0,BEV,BYD K8 2.0,80,314.0,,1.316,90.0,0.2,0.9,38500000.0,True,tokyu-template-byd-k8-2-0,tsurumaki,0.468043,,,,"['depot-fast-tsurumaki-001', 'depot-fast-tsurumaki-002', 'depot-fast-tsurumaki-003', 'depot-fast-tsurumaki-004', 'depot-fast-tsurumaki-005', 'depot-fast-tsurumaki-006', 'depot-fast-tsurumaki-007', 'depot-fast-tsurumaki-008', 'depot-fast-tsurumaki-009', 'depot-fast-tsurumaki-010']",selected_depot_charger_inventory,True,,,,,,,,
builder-bev-tsurumaki-007,BYD K8 2.0,BEV,BYD K8 2.0,80,314.0,,1.316,90.0,0.2,0.9,38500000.0,True,tokyu-template-byd-k8-2-0,tsurumaki,0.74331,,,,"['depot-fast-tsurumaki-001', 'depot-fast-tsurumaki-002', 'depot-fast-tsurumaki-003', 'depot-fast-tsurumaki-004', 'depot-fast-tsurumaki-005', 'depot-fast-tsurumaki-006', 'depot-fast-tsurumaki-007', 'depot-fast-tsurumaki-008', 'depot-fast-tsurumaki-009', 'depot-fast-tsurumaki-010']",selected_depot_charger_inventory,True,,,,,,,,
builder-bev-tsurumaki-008,BYD K8 2.0,BEV,BYD K8 2.0,80,314.0,,1.316,90.0,0.2,0.9,38500000.0,True,tokyu-template-byd-k8-2-0,tsurumaki,0.77433,,,,"['depot-fast-tsurumaki-001', 'depot-fast-tsurumaki-002', 'depot-fast-tsurumaki-003', 'depot-fast-tsurumaki-004', 'depot-fast-tsurumaki-005', 'depot-fast-tsurumaki-006', 'depot-fast-tsurumaki-007', 'depot-fast-tsurumaki-008', 'depot-fast-tsurumaki-009', 'depot-fast-tsurumaki-010']",selected_depot_charger_inventory,True,,,,,,,,
builder-bev-tsurumaki-009,BYD K8 2.0,BEV,BYD K8 2.0,80,314.0,,1.316,90.0,0.2,0.9,38500000.0,True,tokyu-template-byd-k8-2-0,tsurumaki,0.709339,,,,"['depot-fast-tsurumaki-001', 'depot-fast-tsurumaki-002', 'depot-fast-tsurumaki-003', 'depot-fast-tsurumaki-004', 'depot-fast-tsurumaki-005', 'depot-fast-tsurumaki-006', 'depot-fast-tsurumaki-007', 'depot-fast-tsurumaki-008', 'depot-fast-tsurumaki-009', 'depot-fast-tsurumaki-010']",selected_depot_charger_inventory,True,,,,,,,,
builder-bev-tsurumaki-010,BYD K8 2.0,BEV,BYD K8 2.0,80,314.0,,1.316,90.0,0.2,0.9,38500000.0,True,tokyu-template-byd-k8-2-0,tsurumaki,0.683148,,,,"['depot-fast-tsurumaki-001', 'depot-fast-tsurumaki-002', 'depot-fast-tsurumaki-003', 'depot-fast-tsurumaki-004', 'depot-fast-tsurumaki-005', 'depot-fast-tsurumaki-006', 'depot-fast-tsurumaki-007', 'depot-fast-tsurumaki-008', 'depot-fast-tsurumaki-009', 'depot-fast-tsurumaki-010']",selected_depot_charger_inventory,True,,,,,,,,
ff03ad3a-409a-43ef-9c63-384bacb5f9d2,,BEV,BYD K8 2.0 #1,80,314.0,,1.316,90.0,0.2,0.9,38500000.0,True,,tsurumaki,0.663803,,,,"['depot-fast-tsurumaki-001', 'depot-fast-tsurumaki-002', 'depot-fast-tsurumaki-003', 'depot-fast-tsurumaki-004', 'depot-fast-tsurumaki-005', 'depot-fast-tsurumaki-006', 'depot-fast-tsurumaki-007', 'depot-fast-tsurumaki-008', 'depot-fast-tsurumaki-009', 'depot-fast-tsurumaki-010']",selected_depot_charger_inventory,True,,,,,,,,
ca16a2ca-147b-4359-92db-913031d5faff,,BEV,BYD K8 2.0 #2,80,314.0,,1.316,90.0,0.2,0.9,38500000.0,True,,tsurumaki,0.75466,,,,"['depot-fast-tsurumaki-001', 'depot-fast-tsurumaki-002', 'depot-fast-tsurumaki-003', 'depot-fast-tsurumaki-004', 'depot-fast-tsurumaki-005', 'depot-fast-tsurumaki-006', 'depot-fast-tsurumaki-007', 'depot-fast-tsurumaki-008', 'depot-fast-tsurumaki-009', 'depot-fast-tsurumaki-010']",selected_depot_charger_inventory,True,,,,,,,,
ce309a0b-8c0b-49dc-a839-171db28e76a4,,BEV,BYD K8 2.0 #3,80,314.0,,1.316,90.0,0.2,0.9,38500000.0,True,,tsurumaki,0.491985,,,,"['depot-fast-tsurumaki-001', 'depot-fast-tsurumaki-002', 'depot-fast-tsurumaki-003', 'depot-fast-tsurumaki-004', 'depot-fast-tsurumaki-005', 'depot-fast-tsurumaki-006', 'depot-fast-tsurumaki-007', 'depot-fast-tsurumaki-008', 'depot-fast-tsurumaki-009', 'depot-fast-tsurumaki-010']",selected_depot_charger_inventory,True,,,,,,,,
2e2015fd-c7c1-4c32-8498-ebb6be29cc4c,,BEV,BYD K8 2.0 #4,80,314.0,,1.316,90.0,0.2,0.9,38500000.0,True,,tsurumaki,0.353941,,,,"['depot-fast-tsurumaki-001', 'depot-fast-tsurumaki-002', 'depot-fast-tsurumaki-003', 'depot-fast-tsurumaki-004', 'depot-fast-tsurumaki-005', 'depot-fast-tsurumaki-006', 'depot-fast-tsurumaki-007', 'depot-fast-tsurumaki-008', 'depot-fast-tsurumaki-009', 'depot-fast-tsurumaki-010']",selected_depot_charger_inventory,False,,,,,,,,
e0772317-52e2-4e70-bfc8-1eb486f0f75c,,BEV,BYD K8 2.0 #5,80,314.0,,1.316,90.0,0.2,0.9,38500000.0,True,,tsurumaki,0.697709,,,,"['depot-fast-tsurumaki-001', 'depot-fast-tsurumaki-002', 'depot-fast-tsurumaki-003', 'depot-fast-tsurumaki-004', 'depot-fast-tsurumaki-005', 'depot-fast-tsurumaki-006', 'depot-fast-tsurumaki-007', 'depot-fast-tsurumaki-008', 'depot-fast-tsurumaki-009', 'depot-fast-tsurumaki-010']",selected_depot_charger_inventory,True,,,,,,,,
d225af48-8eec-47b7-abb1-34cfe83e31f0,,BEV,BYD K8 2.0 #6,80,314.0,,1.316,90.0,0.2,0.9,38500000.0,True,,tsurumaki,0.43495,,,,"['depot-fast-tsurumaki-001', 'depot-fast-tsurumaki-002', 'depot-fast-tsurumaki-003', 'depot-fast-tsurumaki-004', 'depot-fast-tsurumaki-005', 'depot-fast-tsurumaki-006', 'depot-fast-tsurumaki-007', 'depot-fast-tsurumaki-008', 'depot-fast-tsurumaki-009', 'depot-fast-tsurumaki-010']",selected_depot_charger_inventory,True,,,,,,,,
befc4670-e889-45d9-bd65-23118c02e196,,BEV,BYD K8 2.0 #7,80,314.0,,1.316,90.0,0.2,0.9,38500000.0,True,,tsurumaki,0.71133,,,,"['depot-fast-tsurumaki-001', 'depot-fast-tsurumaki-002', 'depot-fast-tsurumaki-003', 'depot-fast-tsurumaki-004', 'depot-fast-tsurumaki-005', 'depot-fast-tsurumaki-006', 'depot-fast-tsurumaki-007', 'depot-fast-tsurumaki-008', 'depot-fast-tsurumaki-009', 'depot-fast-tsurumaki-010']",selected_depot_charger_inventory,True,,,,,,,,
89d3f73a-7cd0-421c-8e62-45a073264f6c,,BEV,BYD K8 2.0 #8,80,314.0,,1.316,90.0,0.2,0.9,38500000.0,True,,tsurumaki,0.369667,,,,"['depot-fast-tsurumaki-001', 'depot-fast-tsurumaki-002', 'depot-fast-tsurumaki-003', 'depot-fast-tsurumaki-004', 'depot-fast-tsurumaki-005', 'depot-fast-tsurumaki-006', 'depot-fast-tsurumaki-007', 'depot-fast-tsurumaki-008', 'depot-fast-tsurumaki-009', 'depot-fast-tsurumaki-010']",selected_depot_charger_inventory,False,,,,,,,,
58bf7ff7-1083-4fbf-84b3-58d45c129f30,,BEV,BYD K8 2.0 #9,80,314.0,,1.316,90.0,0.2,0.9,38500000.0,True,,tsurumaki,0.220631,,,,"['depot-fast-tsurumaki-001', 'depot-fast-tsurumaki-002', 'depot-fast-tsurumaki-003', 'depot-fast-tsurumaki-004', 'depot-fast-tsurumaki-005', 'depot-fast-tsurumaki-006', 'depot-fast-tsurumaki-007', 'depot-fast-tsurumaki-008', 'depot-fast-tsurumaki-009', 'depot-fast-tsurumaki-010']",selected_depot_charger_inventory,False,,,,,,,,
4159394a-daba-42d9-aa73-3474613ab9f1,,BEV,BYD K8 2.0 #10,80,314.0,,1.316,90.0,0.2,0.9,38500000.0,True,,tsurumaki,0.670602,,,,"['depot-fast-tsurumaki-001', 'depot-fast-tsurumaki-002', 'depot-fast-tsurumaki-003', 'depot-fast-tsurumaki-004', 'depot-fast-tsurumaki-005', 'depot-fast-tsurumaki-006', 'depot-fast-tsurumaki-007', 'depot-fast-tsurumaki-008', 'depot-fast-tsurumaki-009', 'depot-fast-tsurumaki-010']",selected_depot_charger_inventory,True,,,,,,,,
d10aa797-db07-40a2-b52b-d4caf02ff33b,,BEV,BYD K8 2.0 #11,80,314.0,,1.316,90.0,0.2,0.9,38500000.0,True,,tsurumaki,0.545241,,,,"['depot-fast-tsurumaki-001', 'depot-fast-tsurumaki-002', 'depot-fast-tsurumaki-003', 'depot-fast-tsurumaki-004', 'depot-fast-tsurumaki-005', 'depot-fast-tsurumaki-006', 'depot-fast-tsurumaki-007', 'depot-fast-tsurumaki-008', 'depot-fast-tsurumaki-009', 'depot-fast-tsurumaki-010']",selected_depot_charger_inventory,True,,,,,,,,
1804ab20-a2a0-475c-b4d0-71d8a72c192f,,BEV,BYD K8 2.0 #12,80,314.0,,1.316,90.0,0.2,0.9,38500000.0,True,,tsurumaki,0.444274,,,,"['depot-fast-tsurumaki-001', 'depot-fast-tsurumaki-002', 'depot-fast-tsurumaki-003', 'depot-fast-tsurumaki-004', 'depot-fast-tsurumaki-005', 'depot-fast-tsurumaki-006', 'depot-fast-tsurumaki-007', 'depot-fast-tsurumaki-008', 'depot-fast-tsurumaki-009', 'depot-fast-tsurumaki-010']",selected_depot_charger_inventory,True,,,,,,,,
35f95479-c68e-40bc-b31a-1f0a5490227c,,BEV,BYD K8 2.0 #13,80,314.0,,1.316,90.0,0.2,0.9,38500000.0,True,,tsurumaki,0.509464,,,,"['depot-fast-tsurumaki-001', 'depot-fast-tsurumaki-002', 'depot-fast-tsurumaki-003', 'depot-fast-tsurumaki-004', 'depot-fast-tsurumaki-005', 'depot-fast-tsurumaki-006', 'depot-fast-tsurumaki-007', 'depot-fast-tsurumaki-008', 'depot-fast-tsurumaki-009', 'depot-fast-tsurumaki-010']",selected_depot_charger_inventory,True,,,,,,,,
0549a411-fd2a-4339-b4a3-45a3b7d37898,,BEV,BYD K8 2.0 #14,80,314.0,,1.316,90.0,0.2,0.9,38500000.0,True,,tsurumaki,0.381129,,,,"['depot-fast-tsurumaki-001', 'depot-fast-tsurumaki-002', 'depot-fast-tsurumaki-003', 'depot-fast-tsurumaki-004', 'depot-fast-tsurumaki-005', 'depot-fast-tsurumaki-006', 'depot-fast-tsurumaki-007', 'depot-fast-tsurumaki-008', 'depot-fast-tsurumaki-009', 'depot-fast-tsurumaki-010']",selected_depot_charger_inventory,True,,,,,,,,
a645e188-64a8-4244-9882-49f00eeb8a62,,BEV,BYD K8 2.0 #15,80,314.0,,1.316,90.0,0.2,0.9,38500000.0,True,,tsurumaki,0.381372,,,,"['depot-fast-tsurumaki-001', 'depot-fast-tsurumaki-002', 'depot-fast-tsurumaki-003', 'depot-fast-tsurumaki-004', 'depot-fast-tsurumaki-005', 'depot-fast-tsurumaki-006', 'depot-fast-tsurumaki-007', 'depot-fast-tsurumaki-008', 'depot-fast-tsurumaki-009', 'depot-fast-tsurumaki-010']",selected_depot_charger_inventory,True,,,,,,,,
75c562eb-9239-44bb-b4b4-d57e61d40881,,ICE,三菱ふそう エアロスター 2KG-MP38FK AT #1,79,,160.0,0.2212,,,,32250000.0,True,,tsurumaki,,4.52,572.0,10.67,,,True,2KG-MP38FK,2.585895,10203,14548,1422,199,144.0,simulation_config.initial_ice_fuel_percent
f71e6c76-07e9-4f84-964f-745445416631,,ICE,三菱ふそう エアロスター 2KG-MP38FK AT #2,79,,160.0,0.2212,,,,32250000.0,True,,tsurumaki,,4.52,572.0,10.67,,,True,2KG-MP38FK,2.585895,10203,14548,1422,199,144.0,simulation_config.initial_ice_fuel_percent
32f5e7e8-eee3-4879-a9a5-32a832e611a8,,ICE,三菱ふそう エアロスター 2KG-MP38FK AT #3,79,,160.0,0.2212,,,,32250000.0,True,,tsurumaki,,4.52,572.0,10.67,,,False,2KG-MP38FK,2.585895,10203,14548,1422,199,144.0,simulation_config.initial_ice_fuel_percent
066cf625-d1db-44b2-9962-e2624ea9d70b,,ICE,三菱ふそう エアロスター 2KG-MP38FK AT #4,79,,160.0,0.2212,,,,32250000.0,True,,tsurumaki,,4.52,572.0,10.67,,,False,2KG-MP38FK,2.585895,10203,14548,1422,199,144.0,simulation_config.initial_ice_fuel_percent
f95d2844-241a-46b8-a0f3-a858e3d0adac,,ICE,三菱ふそう エアロスター 2KG-MP38FK AT #5,79,,160.0,0.2212,,,,32250000.0,True,,tsurumaki,,4.52,572.0,10.67,,,False,2KG-MP38FK,2.585895,10203,14548,1422,199,144.0,simulation_config.initial_ice_fuel_percent
9e728d1a-80c7-40d6-adc8-77ca37a7b394,,ICE,三菱ふそう エアロスター 2KG-MP38FK AT #6,79,,160.0,0.2212,,,,32250000.0,True,,tsurumaki,,4.52,572.0,10.67,,,False,2KG-MP38FK,2.585895,10203,14548,1422,199,144.0,simulation_config.initial_ice_fuel_percent
83b7c190-860f-449d-9fa5-cf6acc616e22,,ICE,三菱ふそう エアロスター 2KG-MP38FK AT #7,79,,160.0,0.2212,,,,32250000.0,True,,tsurumaki,,4.52,572.0,10.67,,,False,2KG-MP38FK,2.585895,10203,14548,1422,199,144.0,simulation_config.initial_ice_fuel_percent
992b60f3-a928-4505-ad03-258145614671,,ICE,三菱ふそう エアロスター 2KG-MP38FK AT #8,79,,160.0,0.2212,,,,32250000.0,True,,tsurumaki,,4.52,572.0,10.67,,,False,2KG-MP38FK,2.585895,10203,14548,1422,199,144.0,simulation_config.initial_ice_fuel_percent
6a566764-ea31-4d70-ae2d-df9928f8da84,,ICE,三菱ふそう エアロスター 2KG-MP38FK AT #9,79,,160.0,0.2212,,,,32250000.0,True,,tsurumaki,,4.52,572.0,10.67,,,False,2KG-MP38FK,2.585895,10203,14548,1422,199,144.0,simulation_config.initial_ice_fuel_percent
3463dc0f-3639-4219-a91c-2f8351beb927,,ICE,三菱ふそう エアロスター 2KG-MP38FK AT #10,79,,160.0,0.2212,,,,32250000.0,True,,tsurumaki,,4.52,572.0,10.67,,,False,2KG-MP38FK,2.585895,10203,14548,1422,199,144.0,simulation_config.initial_ice_fuel_percent
f22c3c31-1ca6-4166-b603-54037565ee31,,ICE,三菱ふそう エアロスター 2KG-MP38FK AT #11,79,,160.0,0.2212,,,,32250000.0,True,,tsurumaki,,4.52,572.0,10.67,,,True,2KG-MP38FK,2.585895,10203,14548,1422,199,144.0,simulation_config.initial_ice_fuel_percent
1c2b8122-03de-4217-abfe-1067713e0922,,ICE,三菱ふそう エアロスター 2KG-MP38FK AT #12,79,,160.0,0.2212,,,,32250000.0,True,,tsurumaki,,4.52,572.0,10.67,,,False,2KG-MP38FK,2.585895,10203,14548,1422,199,144.0,simulation_config.initial_ice_fuel_percent
ca87ea84-14c1-441f-89c2-3661b81d6762,,ICE,三菱ふそう エアロスター 2KG-MP38FK AT #13,79,,160.0,0.2212,,,,32250000.0,True,,tsurumaki,,4.52,572.0,10.67,,,False,2KG-MP38FK,2.585895,10203,14548,1422,199,144.0,simulation_config.initial_ice_fuel_percent
76e006e6-c258-4071-ba13-079f49a29d9d,,ICE,三菱ふそう エアロスター 2KG-MP38FK AT #14,79,,160.0,0.2212,,,,32250000.0,True,,tsurumaki,,4.52,572.0,10.67,,,False,2KG-MP38FK,2.585895,10203,14548,1422,199,144.0,simulation_config.initial_ice_fuel_percent
b46f03c3-cfd6-4398-ad6a-a3bbfac7528f,,ICE,三菱ふそう エアロスター 2KG-MP38FK AT #15,79,,160.0,0.2212,,,,32250000.0,True,,tsurumaki,,4.52,572.0,10.67,,,True,2KG-MP38FK,2.585895,10203,14548,1422,199,144.0,simulation_config.initial_ice_fuel_percent
3e38e74f-191a-4b72-8061-59f0020151e3,,BEV,BYD K8 2.0 #1,80,314.0,,1.316,90.0,0.2,0.9,38500000.0,True,,tsurumaki,0.63809,,,,"['depot-fast-tsurumaki-001', 'depot-fast-tsurumaki-002', 'depot-fast-tsurumaki-003', 'depot-fast-tsurumaki-004', 'depot-fast-tsurumaki-005', 'depot-fast-tsurumaki-006', 'depot-fast-tsurumaki-007', 'depot-fast-tsurumaki-008', 'depot-fast-tsurumaki-009', 'depot-fast-tsurumaki-010']",selected_depot_charger_inventory,True,,,,,,,,
dcf6407f-77ac-4c32-a840-49fcc7f9a525,,BEV,BYD K8 2.0 #2,80,314.0,,1.316,90.0,0.2,0.9,38500000.0,True,,tsurumaki,0.324116,,,,"['depot-fast-tsurumaki-001', 'depot-fast-tsurumaki-002', 'depot-fast-tsurumaki-003', 'depot-fast-tsurumaki-004', 'depot-fast-tsurumaki-005', 'depot-fast-tsurumaki-006', 'depot-fast-tsurumaki-007', 'depot-fast-tsurumaki-008', 'depot-fast-tsurumaki-009', 'depot-fast-tsurumaki-010']",selected_depot_charger_inventory,False,,,,,,,,
8270c9a2-ed1f-4508-81a0-0903ddc4924c,,BEV,BYD K8 2.0 #3,80,314.0,,1.316,90.0,0.2,0.9,38500000.0,True,,tsurumaki,0.510882,,,,"['depot-fast-tsurumaki-001', 'depot-fast-tsurumaki-002', 'depot-fast-tsurumaki-003', 'depot-fast-tsurumaki-004', 'depot-fast-tsurumaki-005', 'depot-fast-tsurumaki-006', 'depot-fast-tsurumaki-007', 'depot-fast-tsurumaki-008', 'depot-fast-tsurumaki-009', 'depot-fast-tsurumaki-010']",selected_depot_charger_inventory,True,,,,,,,,
4f5a4c1d-cac3-4fd2-87a8-cf0049c71ebe,,BEV,BYD K8 2.0 #4,80,314.0,,1.316,90.0,0.2,0.9,38500000.0,True,,tsurumaki,0.418202,,,,"['depot-fast-tsurumaki-001', 'depot-fast-tsurumaki-002', 'depot-fast-tsurumaki-003', 'depot-fast-tsurumaki-004', 'depot-fast-tsurumaki-005', 'depot-fast-tsurumaki-006', 'depot-fast-tsurumaki-007', 'depot-fast-tsurumaki-008', 'depot-fast-tsurumaki-009', 'depot-fast-tsurumaki-010']",selected_depot_charger_inventory,True,,,,,,,,
3acd650a-ca8c-4114-9922-f514a915f460,,BEV,BYD K8 2.0 #5,80,314.0,,1.316,90.0,0.2,0.9,38500000.0,True,,tsurumaki,0.430804,,,,"['depot-fast-tsurumaki-001', 'depot-fast-tsurumaki-002', 'depot-fast-tsurumaki-003', 'depot-fast-tsurumaki-004', 'depot-fast-tsurumaki-005', 'depot-fast-tsurumaki-006', 'depot-fast-tsurumaki-007', 'depot-fast-tsurumaki-008', 'depot-fast-tsurumaki-009', 'depot-fast-tsurumaki-010']",selected_depot_charger_inventory,True,,,,,,,,
0c9b7317-11ce-4340-ad98-a702eaacaaa4,,BEV,BYD K8 2.0 #6,80,314.0,,1.316,90.0,0.2,0.9,38500000.0,True,,tsurumaki,0.750755,,,,"['depot-fast-tsurumaki-001', 'depot-fast-tsurumaki-002', 'depot-fast-tsurumaki-003', 'depot-fast-tsurumaki-004', 'depot-fast-tsurumaki-005', 'depot-fast-tsurumaki-006', 'depot-fast-tsurumaki-007', 'depot-fast-tsurumaki-008', 'depot-fast-tsurumaki-009', 'depot-fast-tsurumaki-010']",selected_depot_charger_inventory,True,,,,,,,,
cf7b771e-a6ac-4e0b-9738-ad3901a68307,,BEV,BYD K8 2.0 #7,80,314.0,,1.316,90.0,0.2,0.9,38500000.0,True,,tsurumaki,0.736636,,,,"['depot-fast-tsurumaki-001', 'depot-fast-tsurumaki-002', 'depot-fast-tsurumaki-003', 'depot-fast-tsurumaki-004', 'depot-fast-tsurumaki-005', 'depot-fast-tsurumaki-006', 'depot-fast-tsurumaki-007', 'depot-fast-tsurumaki-008', 'depot-fast-tsurumaki-009', 'depot-fast-tsurumaki-010']",selected_depot_charger_inventory,True,,,,,,,,
e56620e3-804c-41a3-9441-b054b74c1392,,BEV,BYD K8 2.0 #8,80,314.0,,1.316,90.0,0.2,0.9,38500000.0,True,,tsurumaki,0.69474,,,,"['depot-fast-tsurumaki-001', 'depot-fast-tsurumaki-002', 'depot-fast-tsurumaki-003', 'depot-fast-tsurumaki-004', 'depot-fast-tsurumaki-005', 'depot-fast-tsurumaki-006', 'depot-fast-tsurumaki-007', 'depot-fast-tsurumaki-008', 'depot-fast-tsurumaki-009', 'depot-fast-tsurumaki-010']",selected_depot_charger_inventory,True,,,,,,,,
bf789db6-3414-4525-9104-06a4b1161271,,BEV,BYD K8 2.0 #9,80,314.0,,1.316,90.0,0.2,0.9,38500000.0,True,,tsurumaki,0.300406,,,,"['depot-fast-tsurumaki-001', 'depot-fast-tsurumaki-002', 'depot-fast-tsurumaki-003', 'depot-fast-tsurumaki-004', 'depot-fast-tsurumaki-005', 'depot-fast-tsurumaki-006', 'depot-fast-tsurumaki-007', 'depot-fast-tsurumaki-008', 'depot-fast-tsurumaki-009', 'depot-fast-tsurumaki-010']",selected_depot_charger_inventory,False,,,,,,,,
66629acd-98e0-4911-bc68-cd1c9b434a49,,BEV,BYD K8 2.0 #10,80,314.0,,1.316,90.0,0.2,0.9,38500000.0,True,,tsurumaki,0.316819,,,,"['depot-fast-tsurumaki-001', 'depot-fast-tsurumaki-002', 'depot-fast-tsurumaki-003', 'depot-fast-tsurumaki-004', 'depot-fast-tsurumaki-005', 'depot-fast-tsurumaki-006', 'depot-fast-tsurumaki-007', 'depot-fast-tsurumaki-008', 'depot-fast-tsurumaki-009', 'depot-fast-tsurumaki-010']",selected_depot_charger_inventory,False,,,,,,,,
d7a6ea87-5b41-4728-b147-680fa6810dcc,,ICE,三菱ふそう エアロスター 2KG-MP38FK AT #1,79,,160.0,0.2212,,,,32250000.0,True,,tsurumaki,,4.52,572.0,10.67,,,False,2KG-MP38FK,2.585895,10203,14548,1422,199,144.0,simulation_config.initial_ice_fuel_percent
395fc875-5000-4ed1-b894-0e7bcb68bfaf,,ICE,三菱ふそう エアロスター 2KG-MP38FK AT #2,79,,160.0,0.2212,,,,32250000.0,True,,tsurumaki,,4.52,572.0,10.67,,,False,2KG-MP38FK,2.585895,10203,14548,1422,199,144.0,simulation_config.initial_ice_fuel_percent
7938f8ac-2cca-47ba-8207-1dbf68e59293,,ICE,三菱ふそう エアロスター 2KG-MP38FK AT #3,79,,160.0,0.2212,,,,32250000.0,True,,tsurumaki,,4.52,572.0,10.67,,,False,2KG-MP38FK,2.585895,10203,14548,1422,199,144.0,simulation_config.initial_ice_fuel_percent
45aca91a-0ae3-43a2-b879-bd2947b5f4af,,ICE,三菱ふそう エアロスター 2KG-MP38FK AT #4,79,,160.0,0.2212,,,,32250000.0,True,,tsurumaki,,4.52,572.0,10.67,,,False,2KG-MP38FK,2.585895,10203,14548,1422,199,144.0,simulation_config.initial_ice_fuel_percent
e4463ae4-7450-4ea4-b9e5-46962d854a07,,ICE,三菱ふそう エアロスター 2KG-MP38FK AT #5,79,,160.0,0.2212,,,,32250000.0,True,,tsurumaki,,4.52,572.0,10.67,,,True,2KG-MP38FK,2.585895,10203,14548,1422,199,144.0,simulation_config.initial_ice_fuel_percent
c70c7cc7-42f0-4b48-acb5-312ad86ebb5b,,ICE,三菱ふそう エアロスター 2KG-MP38FK AT #6,79,,160.0,0.2212,,,,32250000.0,True,,tsurumaki,,4.52,572.0,10.67,,,False,2KG-MP38FK,2.585895,10203,14548,1422,199,144.0,simulation_config.initial_ice_fuel_percent
8c2de7e0-c7ce-442a-9b85-28c43e1e5abe,,ICE,三菱ふそう エアロスター 2KG-MP38FK AT #7,79,,160.0,0.2212,,,,32250000.0,True,,tsurumaki,,4.52,572.0,10.67,,,False,2KG-MP38FK,2.585895,10203,14548,1422,199,144.0,simulation_config.initial_ice_fuel_percent
53c3619d-3614-4dce-ad65-5454d712ba1b,,ICE,三菱ふそう エアロスター 2KG-MP38FK AT #8,79,,160.0,0.2212,,,,32250000.0,True,,tsurumaki,,4.52,572.0,10.67,,,True,2KG-MP38FK,2.585895,10203,14548,1422,199,144.0,simulation_config.initial_ice_fuel_percent
ad6f23ad-bb04-4c53-b94b-c0148f63ee8e,,ICE,三菱ふそう エアロスター 2KG-MP38FK AT #9,79,,160.0,0.2212,,,,32250000.0,True,,tsurumaki,,4.52,572.0,10.67,,,False,2KG-MP38FK,2.585895,10203,14548,1422,199,144.0,simulation_config.initial_ice_fuel_percent
26027f5a-3396-422c-aa88-d5c4513c9018,,ICE,三菱ふそう エアロスター 2KG-MP38FK AT #10,79,,160.0,0.2212,,,,32250000.0,True,,tsurumaki,,4.52,572.0,10.67,,,False,2KG-MP38FK,2.585895,10203,14548,1422,199,144.0,simulation_config.initial_ice_fuel_percent
