week,peak_start_jst,vehicle_id,charger_id,charge_kw,soc_start_percent,first_service_departure_jst
2025-03-03,2025-03-06T04:15:00,0549a411-fd2a-4339-b4a3-45a3b7d37898,depot-fast-tsurumaki-004,77.78895263157939,60.501599920382155,06:51
2025-03-03,2025-03-06T04:15:00,0c9b7317-11ce-4340-ad98-a702eaacaaa4,depot-fast-tsurumaki-010,90.0,58.232484076433124,06:20
2025-03-03,2025-03-06T04:15:00,1804ab20-a2a0-475c-b4d0-71d8a72c192f,depot-fast-tsurumaki-002,90.0,66.38535031847134,06:35
2025-03-03,2025-03-06T04:15:00,3e38e74f-191a-4b72-8061-59f0020151e3,depot-fast-tsurumaki-005,90.0,73.19267515923565,05:51
2025-03-03,2025-03-06T04:15:00,a645e188-64a8-4244-9882-49f00eeb8a62,depot-fast-tsurumaki-009,42.21084736841104,86.8073005573256,07:26
2025-03-03,2025-03-06T04:15:00,befc4670-e889-45d9-bd65-23118c02e196,depot-fast-tsurumaki-001,90.0,58.232484076433124,06:40
2025-03-03,2025-03-06T04:15:00,builder-bev-tsurumaki-006,depot-fast-tsurumaki-008,60.0,83.19267515923568,06:57
2025-03-03,2025-03-06T04:15:00,ce309a0b-8c0b-49dc-a839-171db28e76a4,depot-fast-tsurumaki-006,90.0,58.232452229299376,06:15
2025-11-10,2025-11-14T04:15:00,0549a411-fd2a-4339-b4a3-45a3b7d37898,depot-fast-tsurumaki-007,60.0,67.30891719745223,06:47
2025-11-10,2025-11-14T04:15:00,1804ab20-a2a0-475c-b4d0-71d8a72c192f,depot-fast-tsurumaki-005,90.0,62.77070063694268,06:30
2025-11-10,2025-11-14T04:15:00,35f95479-c68e-40bc-b31a-1f0a5490227c,depot-fast-tsurumaki-004,90.0,62.770715764330966,06:20
2025-11-10,2025-11-14T04:15:00,3acd650a-ca8c-4114-9922-f514a915f460,depot-fast-tsurumaki-010,90.0,74.11625716560508,07:03
2025-11-10,2025-11-14T04:15:00,3e38e74f-191a-4b72-8061-59f0020151e3,depot-fast-tsurumaki-009,60.0,76.38535031847134,06:40
2025-11-10,2025-11-14T04:15:00,4159394a-daba-42d9-aa73-3474613ab9f1,depot-fast-tsurumaki-008,90.0,66.38531847133711,06:57
2025-11-10,2025-11-14T04:15:00,4f5a4c1d-cac3-4fd2-87a8-cf0049c71ebe,depot-fast-tsurumaki-006,90.0,52.77066878980894,07:13
2025-11-10,2025-11-14T04:15:00,befc4670-e889-45d9-bd65-23118c02e196,depot-fast-tsurumaki-003,12.210426315789746,80.00000756369424,05:51
2025-11-10,2025-11-14T04:15:00,builder-bev-tsurumaki-004,depot-fast-tsurumaki-001,90.0,62.77070063694268,06:10
2025-11-10,2025-11-14T04:15:00,builder-bev-tsurumaki-009,depot-fast-tsurumaki-002,60.0,74.14094018024997,06:31
