date,midday_10_14_ratio,daylight_rain_before_15_mm,daylight_rain_from_15_mm,daylight_ratio
2025-06-03,0.11349200809660083,8.0,13.15,0.15481684686138453
2025-06-10,0.12873282003310066,14.025,1.0,0.15318619424978716
2025-06-11,0.11553899082568807,16.45,1.6,0.14165920917437275
2025-06-14,0.43264194426985125,0.8,2.65,0.4415053001256565
2025-06-15,0.39341249646593157,5.45,0.05,0.42600794632970757
2025-06-25,0.3790940766550523,4.825,1.35,0.4148173979203652
2025-06-27,0.5853589196872779,2.7,0.0,0.6628297518505234
2025-07-02,0.8633871573413443,4.5,4.55,0.657885317488725
2025-07-03,0.8649840902516633,1.1,0.0,0.8063868918241097
2025-07-10,0.8791927027221145,0.30000000000000004,1.1,0.8610562932735726
2025-07-14,0.4197548063527445,1.7000000000000002,0.1,0.47786196093475275
2025-07-15,0.42066527166462225,3.8,2.5500000000000003,0.39868761185126267
2025-07-16,0.3398305084745763,2.2,0.35000000000000003,0.3616685308243963
2025-08-01,0.4959700226244344,2.1,1.9,0.45379883624272654
2025-08-02,0.9724147788179804,1.4,0.0,0.8300539083557952
2025-08-08,0.7501073729420186,1.975,0.0,0.8190788338795929
2025-08-10,0.14984344714477413,2.1750000000000003,1.4000000000000001,0.17638441254028714
2025-08-11,0.3453662182361734,2.6,0.0,0.2900893083125429
2025-08-13,0.5596282527881041,2.325,0.0,0.6264305374474866
2025-08-18,1.0,2.0,0.5,0.944296084552601
