interval_start_jst,hour_jst,ghi_w_m2,clearsky_ghi_w_m2,precipitation_rate_mm_h
2025-07-10T00:00:00+09:00,0.0,0.0,0.0,0.0
2025-07-10T00:15:00+09:00,0.25,0.0,0.0,0.0
2025-07-10T00:30:00+09:00,0.5,0.0,0.0,0.0
2025-07-10T00:45:00+09:00,0.75,0.0,0.0,0.0
2025-07-10T01:00:00+09:00,1.0,0.0,0.0,0.0
2025-07-10T01:15:00+09:00,1.25,0.0,0.0,0.0
2025-07-10T01:30:00+09:00,1.5,0.0,0.0,0.0
2025-07-10T01:45:00+09:00,1.75,0.0,0.0,0.0
2025-07-10T02:00:00+09:00,2.0,0.0,0.0,0.0
2025-07-10T02:15:00+09:00,2.25,0.0,0.0,0.0
2025-07-10T02:30:00+09:00,2.5,0.0,0.0,0.0
2025-07-10T02:45:00+09:00,2.75,0.0,0.0,0.0
2025-07-10T03:00:00+09:00,3.0,0.0,0.0,0.0
2025-07-10T03:15:00+09:00,3.25,0.0,0.0,0.0
2025-07-10T03:30:00+09:00,3.5,0.0,0.0,0.0
2025-07-10T03:45:00+09:00,3.75,0.0,0.0,0.0
2025-07-10T04:00:00+09:00,4.0,0.0,0.0,0.0
2025-07-10T04:15:00+09:00,4.25,0.0,0.0,0.0
2025-07-10T04:30:00+09:00,4.5,1.0,2.0,0.0
2025-07-10T04:45:00+09:00,4.75,12.0,18.0,0.0
2025-07-10T05:00:00+09:00,5.0,38.0,42.0,0.0
2025-07-10T05:15:00+09:00,5.25,73.0,73.0,0.0
2025-07-10T05:30:00+09:00,5.5,109.0,109.0,0.0
2025-07-10T05:45:00+09:00,5.75,139.0,149.0,0.0
2025-07-10T06:00:00+09:00,6.0,169.0,192.0,0.0
2025-07-10T06:15:00+09:00,6.25,218.0,237.0,0.0
2025-07-10T06:30:00+09:00,6.5,284.0,284.0,0.0
2025-07-10T06:45:00+09:00,6.75,330.0,330.0,0.0
2025-07-10T07:00:00+09:00,7.0,377.0,377.0,0.0
2025-07-10T07:15:00+09:00,7.25,423.0,423.0,0.0
2025-07-10T07:30:00+09:00,7.5,469.0,469.0,0.0
2025-07-10T07:45:00+09:00,7.75,514.0,514.0,0.0
2025-07-10T08:00:00+09:00,8.0,557.0,557.0,0.0
2025-07-10T08:15:00+09:00,8.25,599.0,599.0,0.0
2025-07-10T08:30:00+09:00,8.5,641.0,641.0,0.0
2025-07-10T08:45:00+09:00,8.75,684.0,684.0,0.0
2025-07-10T09:00:00+09:00,9.0,724.0,724.0,0.0
2025-07-10T09:15:00+09:00,9.25,762.0,762.0,0.0
2025-07-10T09:30:00+09:00,9.5,794.0,794.0,0.0
2025-07-10T09:45:00+09:00,9.75,783.0,821.0,0.0
2025-07-10T10:00:00+09:00,10.0,725.0,844.0,0.0
2025-07-10T10:15:00+09:00,10.25,746.0,863.0,0.0
2025-07-10T10:30:00+09:00,10.5,764.0,880.0,0.0
2025-07-10T10:45:00+09:00,10.75,816.0,894.0,0.0
2025-07-10T11:00:00+09:00,11.0,763.0,905.0,0.0
2025-07-10T11:15:00+09:00,11.25,745.0,911.0,0.0
2025-07-10T11:30:00+09:00,11.5,743.0,914.0,0.0
2025-07-10T11:45:00+09:00,11.75,733.0,912.0,0.0
2025-07-10T12:00:00+09:00,12.0,753.0,906.0,0.0
2025-07-10T12:15:00+09:00,12.25,841.0,897.0,0.0
2025-07-10T12:30:00+09:00,12.5,864.0,884.0,0.0
2025-07-10T12:45:00+09:00,12.75,826.0,868.0,0.0
2025-07-10T13:00:00+09:00,13.0,730.0,848.0,0.2
2025-07-10T13:15:00+09:00,13.25,699.0,825.0,0.2
2025-07-10T13:30:00+09:00,13.5,743.0,800.0,0.2
2025-07-10T13:45:00+09:00,13.75,750.0,772.0,0.2
2025-07-10T14:00:00+09:00,14.0,720.0,742.0,0.1
2025-07-10T14:15:00+09:00,14.25,707.0,709.0,0.1
2025-07-10T14:30:00+09:00,14.5,662.0,675.0,0.1
2025-07-10T14:45:00+09:00,14.75,385.0,641.0,0.1
2025-07-10T15:00:00+09:00,15.0,302.0,604.0,0.1
2025-07-10T15:15:00+09:00,15.25,341.0,566.0,0.1
2025-07-10T15:30:00+09:00,15.5,391.0,523.0,0.1
2025-07-10T15:45:00+09:00,15.75,267.0,476.0,0.1
2025-07-10T16:00:00+09:00,16.0,211.0,428.0,0.2
2025-07-10T16:15:00+09:00,16.25,228.0,379.0,0.2
2025-07-10T16:30:00+09:00,16.5,239.0,331.0,0.2
2025-07-10T16:45:00+09:00,16.75,178.0,285.0,0.2
2025-07-10T17:00:00+09:00,17.0,87.0,239.0,0.5
2025-07-10T17:15:00+09:00,17.25,32.0,195.0,0.5
2025-07-10T17:30:00+09:00,17.5,32.0,151.0,0.5
2025-07-10T17:45:00+09:00,17.75,13.0,111.0,0.5
2025-07-10T18:00:00+09:00,18.0,11.0,74.0,0.4
2025-07-10T18:15:00+09:00,18.25,6.0,44.0,0.4
2025-07-10T18:30:00+09:00,18.5,3.0,20.0,0.4
2025-07-10T18:45:00+09:00,18.75,0.0,3.0,0.4
2025-07-10T19:00:00+09:00,19.0,0.0,0.0,0.4
2025-07-10T19:15:00+09:00,19.25,0.0,0.0,0.4
2025-07-10T19:30:00+09:00,19.5,0.0,0.0,0.4
2025-07-10T19:45:00+09:00,19.75,0.0,0.0,0.4
2025-07-10T20:00:00+09:00,20.0,0.0,0.0,0.1
2025-07-10T20:15:00+09:00,20.25,0.0,0.0,0.1
2025-07-10T20:30:00+09:00,20.5,0.0,0.0,0.1
2025-07-10T20:45:00+09:00,20.75,0.0,0.0,0.1
2025-07-10T21:00:00+09:00,21.0,0.0,0.0,0.0
2025-07-10T21:15:00+09:00,21.25,0.0,0.0,0.0
2025-07-10T21:30:00+09:00,21.5,0.0,0.0,0.0
2025-07-10T21:45:00+09:00,21.75,0.0,0.0,0.0
2025-07-10T22:00:00+09:00,22.0,0.0,0.0,0.0
2025-07-10T22:15:00+09:00,22.25,0.0,0.0,0.0
2025-07-10T22:30:00+09:00,22.5,0.0,0.0,0.0
2025-07-10T22:45:00+09:00,22.75,0.0,0.0,0.0
2025-07-10T23:00:00+09:00,23.0,0.0,0.0,0.1
2025-07-10T23:15:00+09:00,23.25,0.0,0.0,0.1
2025-07-10T23:30:00+09:00,23.5,0.0,0.0,0.1
2025-07-10T23:45:00+09:00,23.75,0.0,0.0,0.1
