slot,interval_start_jst,grid_import_kwh,pv_to_bus_kwh,pv_to_bess_kwh,bess_to_bus_kwh,pv_curtailed_kwh,bus_charge_kwh,bess_soc_end_kwh
0,2025-03-03T00:00:00,0.0,0.0,0.0,22.5,0.0,22.5,2976.315789473684
1,2025-03-03T00:15:00,0.0,0.0,0.0,22.5,0.0,22.5,2952.6315789473683
2,2025-03-03T00:30:00,0.0,0.0,0.0,31.378766709601706,0.0,31.378766709601706,2919.601298200419
3,2025-03-03T00:45:00,0.0,0.0,0.0,18.60139552420887,0.0,18.60139552420887,2900.0208818591464
4,2025-03-03T01:00:00,0.0,0.0,0.0,28.529688421052818,0.0,28.529688421052818,2869.9896308896173
5,2025-03-03T01:15:00,0.0,0.0,0.0,48.20631263145187,0.0,48.20631263145187,2819.2461439091417
6,2025-03-03T01:30:00,0.0,0.0,0.0,18.7375368421055,0.0,18.7375368421055,2799.5224209174517
7,2025-03-03T01:45:00,0.0,0.0,0.0,30.00005,0.0,30.00005,2767.9434209174515
8,2025-03-03T02:00:00,0.0,0.0,0.0,132.57230815790015,0.0,132.57230815790015,2628.393622856504
9,2025-03-03T02:15:00,0.0,0.0,0.0,150.00005,0.0,150.00005,2470.4988333828196
10,2025-03-03T02:30:00,0.0,0.0,0.0,160.16330720272833,0.0,160.16330720272833,2301.9058784325794
11,2025-03-03T02:45:00,0.0,0.0,0.0,131.65589276421244,0.0,131.65589276421244,2163.320728154461
12,2025-03-03T03:00:00,0.0,0.0,0.0,142.500025,0.0,142.500025,2013.3207018386715
13,2025-03-03T03:15:00,0.0,0.0,0.0,126.129134634437,0.0,126.129134634437,1880.5531916971588
14,2025-03-03T03:30:00,0.0,0.0,0.0,133.01071720175545,0.0,133.01071720175545,1740.5419104321531
15,2025-03-03T03:45:00,0.0,0.0,0.0,113.46210924341491,0.0,113.46210924341491,1621.1081112285585
16,2025-03-03T04:00:00,0.0,0.0,0.0,160.5526065789481,0.0,160.5526065789481,1452.1053674612447
17,2025-03-03T04:15:00,0.0,0.0,0.0,148.605473684318,0.0,148.605473684318,1295.6785530566995
18,2025-03-03T04:30:00,47.034108017190434,0.0,0.0,90.89462540386448,0.0,137.92873342105491,1200.0
19,2025-03-03T04:45:00,50.00000000000001,0.0,0.0,0.0,0.0,50.00000000000001,1200.0
20,2025-03-03T05:00:00,49.999999999999964,0.0,0.0,0.0,0.0,49.999999999999964,1200.0
21,2025-03-03T05:15:00,50.0,0.0,0.0,0.0,0.0,50.0,1200.0
22,2025-03-03T05:30:00,50.0,0.0,0.0,0.0,0.0,50.0,1200.0
23,2025-03-03T05:45:00,50.0,0.0,0.0,0.0,0.0,50.0,1200.0
24,2025-03-03T06:00:00,50.00000000000001,0.0,0.0,0.0,0.0,50.00000000000001,1200.0
25,2025-03-03T06:15:00,49.935500000000005,0.425,0.0,0.0,0.0,50.3605,1200.0
26,2025-03-03T06:30:00,21.64999999999996,0.85,0.0,0.0,0.0,22.49999999999996,1200.0
27,2025-03-03T06:45:00,8.903750000000002,1.7,0.0,0.0,0.0,10.603750000000002,1200.0
28,2025-03-03T07:00:00,0.0,0.0,2.125,0.0,0.0,0.0,1202.01875
29,2025-03-03T07:15:00,0.0,0.0,5.525,0.0,0.0,0.0,1207.2675
30,2025-03-03T07:30:00,0.0,0.0,7.225,0.0,0.0,0.0,1214.13125
31,2025-03-03T07:45:00,0.0,0.0,11.6875,0.0,0.0,0.0,1225.234375
32,2025-03-03T08:00:00,0.0,0.0,11.2625,0.0,0.0,0.0,1235.93375
33,2025-03-03T08:15:00,0.0,0.0,14.875,0.0,0.0,0.0,1250.0649999999998
34,2025-03-03T08:30:00,0.0,0.0,6.375,0.0,0.0,0.0,1256.12125
35,2025-03-03T08:45:00,0.0,0.0,12.325,0.0,0.0,0.0,1267.83
36,2025-03-03T09:00:00,0.0,0.0,6.375,0.0,0.0,0.0,1273.88625
37,2025-03-03T09:15:00,0.0,0.0,8.7125,0.0,0.0,0.0,1282.163125
38,2025-03-03T09:30:00,0.0,0.0,9.5625,0.0,0.0,0.0,1291.2475
39,2025-03-03T09:45:00,0.0,2.5e-05,13.174975,0.0,0.0,2.5e-05,1303.76372625
40,2025-03-03T10:00:00,0.0,0.0,8.075,0.0,0.0,0.0,1311.43497625
41,2025-03-03T10:15:00,0.0,0.0,10.625,0.0,0.0,0.0,1321.52872625
42,2025-03-03T10:30:00,0.0,2.5e-05,8.499975,0.0,0.0,2.5e-05,1329.6037025
43,2025-03-03T10:45:00,0.0,11.6875,0.0,3.3125,0.0,15.0,1326.116860394737
44,2025-03-03T11:00:00,0.0,2.5e-05,21.887475,0.0,0.0,2.5e-05,1346.909961644737
45,2025-03-03T11:15:00,0.0,22.5,2.5749999999999993,0.0,0.0,22.5,1349.356211644737
46,2025-03-03T11:30:00,0.0,20.061342387379565,7.776157612620434,0.0,0.0,20.061342387379565,1356.7435613767263
47,2025-03-03T11:45:00,0.0,15.000025,8.799975,0.0,0.0,15.000025,1365.1035376267264
48,2025-03-03T12:00:00,0.0,18.4875,0.0,13.70989056601594,0.0,32.19739056601594,1350.6720738730255
49,2025-03-03T12:15:00,0.0,12.1125,0.0,32.92944381578975,0.0,45.04194381578976,1316.0095014353521
50,2025-03-03T12:30:00,0.0,12.9625,0.0,2.0375499999999995,0.0,15.00005,1313.864711961668
51,2025-03-03T12:45:00,0.0,14.025,0.0,8.475,0.0,22.5,1304.943659330089
52,2025-03-03T13:00:00,0.0,15.9375,0.0,14.874207898079504,0.0,30.811707898079504,1289.2865983847423
53,2025-03-03T13:15:00,0.0,16.15,0.0,50.997278900088,0.0,67.147278900088,1235.6052521741233
54,2025-03-03T13:30:00,0.0,20.6125,0.0,2.7428962760873006,0.0,23.3553962760873,1232.7179929361366
55,2025-03-03T13:45:00,0.0,18.05273684210522,5.109763157894783,0.0,0.0,18.05273684210522,1237.5722679361368
56,2025-03-03T14:00:00,0.0,24.225,0.0,23.46274832292989,0.0,47.68774832292989,1212.8746381225264
57,2025-03-03T14:15:00,57.30009378359986,11.2625,0.0,12.230906216400125,0.0,80.7935,1200.0
58,2025-03-03T14:30:00,32.462525,12.5375,0.0,0.0,0.0,45.000025,1200.0
59,2025-03-03T14:45:00,0.0,0.0,10.8375,0.0,0.0,0.0,1210.295625
60,2025-03-03T15:00:00,0.0,7.5,10.5625,0.0,0.0,7.5,1220.33
61,2025-03-03T15:15:00,0.0,7.500105263157928,9.287394736842074,0.0,0.0,7.500105263157928,1229.1530249999998
62,2025-03-03T15:30:00,0.0,15.0,3.9125000000000014,0.0,0.0,15.0,1232.8699
63,2025-03-03T15:45:00,0.0,15.000025,1.5749749999999985,0.0,0.0,15.000025,1234.36612625
64,2025-03-03T16:00:00,0.0,2.5e-05,12.962475,0.0,0.0,2.5e-05,1246.6804775
65,2025-03-03T16:15:00,0.0,2.5e-05,9.349974999999999,0.0,0.0,2.5e-05,1255.5629537500001
66,2025-03-03T16:30:00,0.0,1.508565414742227,4.228934585257773,0.0,0.0,1.508565414742227,1259.580441605995
67,2025-03-03T16:45:00,0.0,2.7625,0.0,8.307000000002454,0.0,11.069500000002453,1250.8362310796767
68,2025-03-03T17:00:00,0.0,2.55,0.0,0.5027618421086508,0.0,3.0527618421086506,1250.3070080879834
69,2025-03-03T17:15:00,0.0,0.0,1.4875,0.0,0.0,0.0,1251.7201330879834
70,2025-03-03T17:30:00,0.0,0.0,0.0,0.0,0.0,0.0,1251.7201330879834
71,2025-03-03T17:45:00,0.0,0.0,0.0,0.0,0.0,0.0,1251.7201330879834
72,2025-03-03T18:00:00,0.0,0.0,0.0,0.0,0.0,0.0,1251.7201330879834
73,2025-03-03T18:15:00,0.0,0.0,0.0,0.0,0.0,0.0,1251.7201330879834
74,2025-03-03T18:30:00,0.0,0.0,0.0,6.983236842102864,0.0,6.983236842102864,1244.3693574647173
75,2025-03-03T18:45:00,0.0,0.0,0.0,15.0,0.0,15.0,1228.5798837805066
76,2025-03-03T19:00:00,0.0,0.0,0.0,0.0,0.0,0.0,1228.5798837805066
77,2025-03-03T19:15:00,0.0,0.0,0.0,0.0,0.0,0.0,1228.5798837805066
78,2025-03-03T19:30:00,0.0,0.0,0.0,0.0,0.0,0.0,1228.5798837805066
79,2025-03-03T19:45:00,0.0,0.0,0.0,0.0,0.0,0.0,1228.5798837805066
80,2025-03-03T20:00:00,0.0,0.0,0.0,0.0,0.0,0.0,1228.5798837805066
81,2025-03-03T20:15:00,0.0,0.0,0.0,0.0,0.0,0.0,1228.5798837805066
82,2025-03-03T20:30:00,0.0,0.0,0.0,0.0,0.0,0.0,1228.5798837805066
83,2025-03-03T20:45:00,0.0,0.0,0.0,0.0,0.0,0.0,1228.5798837805066
84,2025-03-03T21:00:00,2.8491104085186976,0.0,0.0,27.150889591481302,0.0,30.0,1200.0
85,2025-03-03T21:15:00,37.48585599790503,0.0,0.0,0.0,0.0,37.48585599790503,1200.0
86,2025-03-03T21:30:00,37.5,0.0,0.0,0.0,0.0,37.5,1200.0
87,2025-03-03T21:45:00,50.0,0.0,0.0,0.0,0.0,50.0,1200.0
88,2025-03-03T22:00:00,67.5,0.0,0.0,0.0,0.0,67.5,1200.0
89,2025-03-03T22:15:00,66.31474919592796,0.0,0.0,0.0,0.0,66.31474919592796,1200.0
90,2025-03-03T22:30:00,67.5,0.0,0.0,0.0,0.0,67.5,1200.0
91,2025-03-03T22:45:00,60.0,0.0,0.0,0.0,0.0,60.0,1200.0
92,2025-03-03T23:00:00,75.000025,0.0,0.0,0.0,0.0,75.000025,1200.0
93,2025-03-03T23:15:00,123.85513129684918,0.0,0.0,0.0,0.0,123.85513129684918,1200.0
94,2025-03-03T23:30:00,126.75481340211314,0.0,0.0,0.0,0.0,126.75481340211314,1200.0
95,2025-03-03T23:45:00,135.0,0.0,0.0,0.0,0.0,135.0,1200.0
96,2025-03-04T00:00:00,60.0,0.0,0.0,0.0,0.0,60.0,1200.0
97,2025-03-04T00:15:00,84.75110188832353,0.0,0.0,0.0,0.0,84.75110188832353,1200.0
98,2025-03-04T00:30:00,60.00005,0.0,0.0,0.0,0.0,60.00005,1200.0
99,2025-03-04T00:45:00,49.99999999999536,0.0,0.0,0.0,0.0,49.99999999999536,1200.0
100,2025-03-04T01:00:00,76.03421947603519,0.0,0.0,0.0,0.0,76.03421947603519,1200.0
101,2025-03-04T01:15:00,79.44754342108334,0.0,0.0,0.0,0.0,79.44754342108334,1200.0
102,2025-03-04T01:30:00,78.1623940252857,0.0,0.0,0.0,0.0,78.1623940252857,1200.0
103,2025-03-04T01:45:00,69.26153592211928,0.0,0.0,0.0,0.0,69.26153592211928,1200.0
104,2025-03-04T02:00:00,84.17642508636231,0.0,0.0,0.0,0.0,84.17642508636231,1200.0
105,2025-03-04T02:15:00,120.0,0.0,0.0,0.0,0.0,120.0,1200.0
106,2025-03-04T02:30:00,107.98614963370905,0.0,0.0,0.0,0.0,107.98614963370905,1200.0
107,2025-03-04T02:45:00,75.000025,0.0,0.0,0.0,0.0,75.000025,1200.0
108,2025-03-04T03:00:00,130.55273684210312,0.0,0.0,0.0,0.0,130.55273684210312,1200.0
109,2025-03-04T03:15:00,134.99999999999994,0.0,0.0,0.0,0.0,134.99999999999994,1200.0
110,2025-03-04T03:30:00,134.99999999999946,0.0,0.0,0.0,0.0,134.99999999999946,1200.0
111,2025-03-04T03:45:00,134.99999999999972,0.0,0.0,0.0,0.0,134.99999999999972,1200.0
112,2025-03-04T04:00:00,52.500025,0.0,0.0,0.0,0.0,52.500025,1200.0
113,2025-03-04T04:15:00,59.20919233896957,0.0,0.0,0.0,0.0,59.20919233896957,1200.0
114,2025-03-04T04:30:00,78.05276184210413,0.0,0.0,0.0,0.0,78.05276184210413,1200.0
115,2025-03-04T04:45:00,127.500025,0.0,0.0,0.0,0.0,127.500025,1200.0
116,2025-03-04T05:00:00,141.41694478307414,0.0,0.0,0.0,0.0,141.41694478307414,1200.0
117,2025-03-04T05:15:00,94.71094736844321,0.0,0.0,0.0,0.0,94.71094736844321,1200.0
118,2025-03-04T05:30:00,93.05276710526493,0.0,0.0,0.0,0.0,93.05276710526493,1200.0
119,2025-03-04T05:45:00,0.0,0.0,0.0,0.0,0.0,0.0,1200.0
120,2025-03-04T06:00:00,0.0,0.0,0.0,0.0,0.0,0.0,1200.0
121,2025-03-04T06:15:00,0.0,0.0,0.6375,0.0,0.0,0.0,1200.605625
122,2025-03-04T06:30:00,0.0,0.0,5.7375,0.0,0.0,0.0,1206.0562499999999
123,2025-03-04T06:45:00,0.0,0.0,9.35,0.0,0.0,0.0,1214.9387499999998
124,2025-03-04T07:00:00,0.0,0.0,11.2625,0.0,0.0,0.0,1225.6381249999997
125,2025-03-04T07:15:00,0.0,0.0,13.8125,0.0,0.0,0.0,1238.7599999999998
126,2025-03-04T07:30:00,0.0,0.0,22.525,0.0,0.0,0.0,1260.1587499999998
127,2025-03-04T07:45:00,0.0,0.0,28.2625,0.0,0.0,0.0,1287.0081249999998
128,2025-03-04T08:00:00,0.0,0.0,32.725,0.0,0.0,0.0,1318.0968749999997
129,2025-03-04T08:15:00,0.0,0.0,32.725,0.0,0.0,0.0,1349.1856249999996
130,2025-03-04T08:30:00,0.0,0.0,36.3375,0.0,0.0,0.0,1383.7062499999997
131,2025-03-04T08:45:00,0.0,0.0,40.5875,0.0,0.0,0.0,1422.2643749999997
132,2025-03-04T09:00:00,0.0,0.0,43.35,0.0,0.0,0.0,1463.4468749999996
133,2025-03-04T09:15:00,0.0,0.0,40.8,0.0,0.0,0.0,1502.2068749999996
134,2025-03-04T09:30:00,0.0,0.0,38.4625,0.0,0.0,0.0,1538.7462499999997
135,2025-03-04T09:45:00,0.0,0.0,39.95,0.0,0.0,0.0,1576.6987499999998
136,2025-03-04T10:00:00,0.0,2.5e-05,47.599975,0.0,0.0,2.5e-05,1621.9187262499997
137,2025-03-04T10:15:00,0.0,4.250708528425662,42.71179147157434,0.0,0.0,4.250708528425662,1662.4949281479953
138,2025-03-04T10:30:00,0.0,22.5,40.1875,0.0,0.0,22.5,1700.6730531479952
139,2025-03-04T10:45:00,0.0,10.552606578947344,30.672393421052657,0.0,0.0,10.552606578947344,1729.8118268979952
140,2025-03-04T11:00:00,0.0,4.013744010530122,38.061255989469885,0.0,0.0,4.013744010530122,1765.9700200879915
141,2025-03-04T11:15:00,0.0,0.0,51.425,0.0,0.0,0.0,1814.8237700879915
142,2025-03-04T11:30:00,0.0,0.0,46.1125,0.0,0.0,0.0,1858.6306450879915
143,2025-03-04T11:45:00,0.0,0.0,39.7375,0.0,0.0,0.0,1896.3812700879914
144,2025-03-04T12:00:00,0.0,3.8351545810588803,32.07734541894112,0.0,0.0,3.8351545810588803,1926.8547482359854
145,2025-03-04T12:15:00,0.0,19.975,0.0,2.5249999999999986,0.0,22.5,1924.1968534991433
146,2025-03-04T12:30:00,0.0,2.5e-05,31.662475,0.0,0.0,2.5e-05,1954.2762047491433
147,2025-03-04T12:45:00,0.0,0.0,37.825,0.0,0.0,0.0,1990.2099547491432
148,2025-03-04T13:00:00,0.0,0.0,41.8625,0.0,0.0,0.0,2029.9793297491433
149,2025-03-04T13:15:00,0.0,0.0,38.8875,0.0,0.0,0.0,2066.922454749143
150,2025-03-04T13:30:00,0.0,7.499975,23.100025000000002,0.0,0.0,7.499975,2088.867478499143
151,2025-03-04T13:45:00,0.0,0.0,25.5,0.0,0.0,0.0,2113.092478499143
152,2025-03-04T14:00:00,0.0,4.28363752000411,22.27886247999589,0.0,0.0,4.28363752000411,2134.257397855139
153,2025-03-04T14:15:00,0.0,15.0,7.949999999999999,0.0,0.0,15.0,2141.809897855139
154,2025-03-04T14:30:00,0.0,0.0,22.3125,0.0,0.0,0.0,2163.006772855139
155,2025-03-04T14:45:00,0.0,0.00010526315971048916,19.97489473684029,0.0,0.0,0.00010526315971048916,2181.982922855137
156,2025-03-04T15:00:00,0.0,2.4999999727457948e-05,18.912475000000274,0.0,0.0,2.4999999727457948e-05,2199.9497741051373
157,2025-03-04T15:15:00,0.0,10.552581578948036,7.297418421051965,0.0,0.0,10.552581578948036,2206.8823216051364
158,2025-03-04T15:30:00,0.0,7.500025,7.799975000000001,0.0,0.0,7.500025,2214.2922978551364
159,2025-03-04T15:45:00,0.0,0.0,11.05,0.0,0.0,0.0,2224.7897978551364
160,2025-03-04T16:00:00,0.0,7.500105263158048,2.062394736841952,0.0,0.0,7.500105263158048,2226.749072855136
161,2025-03-04T16:15:00,0.0,0.0,7.225,0.0,0.0,0.0,2233.612822855136
162,2025-03-04T16:30:00,0.0,0.3422427831621544,3.9077572168378456,0.0,0.0,0.3422427831621544,2237.325192211132
163,2025-03-04T16:45:00,0.0,2.125,0.0,9.3165000000004,0.0,11.4415000000004,2227.5183501058686
164,2025-03-04T17:00:00,0.0,0.0,1.4875,0.0,0.0,0.0,2228.9314751058687
165,2025-03-04T17:15:00,0.0,0.0,0.425,0.0,0.0,0.0,2229.3352251058686
166,2025-03-04T17:30:00,0.0,0.0,0.0,0.0,0.0,0.0,2229.3352251058686
167,2025-03-04T17:45:00,0.0,0.0,0.0,0.0,0.0,0.0,2229.3352251058686
168,2025-03-04T18:00:00,0.0,0.0,0.0,0.0,0.0,0.0,2229.3352251058686
169,2025-03-04T18:15:00,0.0,0.0,0.0,0.0,0.0,0.0,2229.3352251058686
170,2025-03-04T18:30:00,0.0,0.0,0.0,0.0,0.0,0.0,2229.3352251058686
171,2025-03-04T18:45:00,0.0,0.0,0.0,0.0,0.0,0.0,2229.3352251058686
172,2025-03-04T19:00:00,0.0,0.0,0.0,0.0,0.0,0.0,2229.3352251058686
173,2025-03-04T19:15:00,0.0,0.0,0.0,0.0,0.0,0.0,2229.3352251058686
174,2025-03-04T19:30:00,0.0,0.0,0.0,0.0,0.0,0.0,2229.3352251058686
175,2025-03-04T19:45:00,0.0,0.0,0.0,0.0,0.0,0.0,2229.3352251058686
176,2025-03-04T20:00:00,0.0,0.0,0.0,0.0,0.0,0.0,2229.3352251058686
177,2025-03-04T20:15:00,0.0,0.0,0.0,30.0,0.0,30.0,2197.7562777374474
178,2025-03-04T20:30:00,0.0,0.0,0.0,15.000025,0.0,15.000025,2181.9667777374475
179,2025-03-04T20:45:00,0.0,0.0,0.0,2.5e-05,0.0,2.5e-05,2181.966751421658
180,2025-03-04T21:00:00,0.0,0.0,0.0,30.0,0.0,30.0,2150.387804053237
181,2025-03-04T21:15:00,0.0,0.0,0.0,31.041846288433042,0.0,31.041846288433042,2117.712176381202
182,2025-03-04T21:30:00,0.0,0.0,0.0,45.0,0.0,45.0,2070.3437553285703
183,2025-03-04T21:45:00,0.0,0.0,0.0,5.576344736862095,0.0,5.576344736862095,2064.4739187634523
184,2025-03-04T22:00:00,0.0,0.0,0.0,15.000025,0.0,15.000025,2048.6844187634524
185,2025-03-04T22:15:00,0.0,0.0,0.0,47.29091262526703,0.0,47.29091262526703,1998.9045107368556
186,2025-03-04T22:30:00,0.0,0.0,0.0,97.5,0.0,97.5,1896.2729317894873
187,2025-03-04T22:45:00,0.0,0.0,0.0,142.5,0.0,142.5,1746.2729317894873
188,2025-03-04T23:00:00,0.0,0.0,0.0,168.40664835790653,0.0,168.40664835790653,1569.0027756232698
189,2025-03-04T23:15:00,0.0,0.0,0.0,208.60547368421038,0.0,208.60547368421038,1349.4180664819958
190,2025-03-04T23:30:00,45.55283684210406,0.0,0.0,141.94716315789597,0.0,187.50000000000006,1200.0
191,2025-03-04T23:45:00,50.00000000000084,0.0,0.0,0.0,0.0,50.00000000000084,1200.0
192,2025-03-05T00:00:00,100.12531649485578,0.0,0.0,0.0,0.0,100.12531649485578,1200.0
193,2025-03-05T00:15:00,54.290836894771246,0.0,0.0,0.0,0.0,54.290836894771246,1200.0
194,2025-03-05T00:30:00,62.29289488633057,0.0,0.0,0.0,0.0,62.29289488633057,1200.0
195,2025-03-05T00:45:00,69.62290478949407,0.0,0.0,0.0,0.0,69.62290478949407,1200.0
196,2025-03-05T01:00:00,69.08850815370923,0.0,0.0,0.0,0.0,69.08850815370923,1200.0
197,2025-03-05T01:15:00,112.500025,0.0,0.0,0.0,0.0,112.500025,1200.0
198,2025-03-05T01:30:00,72.05677973475731,0.0,0.0,0.0,0.0,72.05677973475731,1200.0
199,2025-03-05T01:45:00,115.55278684209802,0.0,0.0,0.0,0.0,115.55278684209802,1200.0
200,2025-03-05T02:00:00,60.83002062493789,0.0,0.0,0.0,0.0,60.83002062493789,1200.0
201,2025-03-05T02:15:00,103.66771675973126,0.0,0.0,0.0,0.0,103.66771675973126,1200.0
202,2025-03-05T02:30:00,123.63598578802579,0.0,0.0,0.0,0.0,123.63598578802579,1200.0
203,2025-03-05T02:45:00,77.95303298107686,0.0,0.0,0.0,0.0,77.95303298107686,1200.0
204,2025-03-05T03:00:00,86.94741842105275,0.0,0.0,0.0,0.0,86.94741842105275,1200.0
205,2025-03-05T03:15:00,82.500025,0.0,0.0,0.0,0.0,82.500025,1200.0
206,2025-03-05T03:30:00,71.24986973683858,0.0,0.0,0.0,0.0,71.24986973683858,1200.0
207,2025-03-05T03:45:00,57.63124048844026,0.0,0.0,0.0,0.0,57.63124048844026,1200.0
208,2025-03-05T04:00:00,66.9472312859918,0.0,0.0,0.0,0.0,66.9472312859918,1200.0
209,2025-03-05T04:15:00,50.00003470394746,0.0,0.0,0.0,0.0,50.00003470394746,1200.0
210,2025-03-05T04:30:00,50.0,0.0,0.0,0.0,0.0,50.0,1200.0
211,2025-03-05T04:45:00,56.25004541357285,0.0,0.0,0.0,0.0,56.25004541357285,1200.0
212,2025-03-05T05:00:00,100.55284210526219,0.0,0.0,0.0,0.0,100.55284210526219,1200.0
213,2025-03-05T05:15:00,111.10534342106497,0.0,0.0,0.0,0.0,111.10534342106497,1200.0
214,2025-03-05T05:30:00,76.80276885964909,0.0,0.0,0.0,0.0,76.80276885964909,1200.0
215,2025-03-05T05:45:00,0.0,0.0,0.0,0.0,0.0,0.0,1200.0
216,2025-03-05T06:00:00,0.0,0.0,0.0,0.0,0.0,0.0,1200.0
217,2025-03-05T06:15:00,0.0,0.0,0.425,0.0,0.0,0.0,1200.40375
218,2025-03-05T06:30:00,0.0,0.0,2.55,0.0,0.0,0.0,1202.8262499999998
219,2025-03-05T06:45:00,0.0,0.0,4.25,0.0,0.0,0.0,1206.8637499999998
220,2025-03-05T07:00:00,0.0,0.0,6.8,0.0,0.0,0.0,1213.3237499999998
221,2025-03-05T07:15:00,0.0,0.0,10.4125,0.0,0.0,0.0,1223.2156249999998
222,2025-03-05T07:30:00,0.0,0.0,13.6,0.0,0.0,0.0,1236.135625
223,2025-03-05T07:45:00,0.0,0.0,17.425,0.0,0.0,0.0,1252.689375
224,2025-03-05T08:00:00,0.0,0.0,20.6125,0.0,0.0,0.0,1272.27125
225,2025-03-05T08:15:00,0.0,0.0,24.4375,0.0,0.0,0.0,1295.486875
226,2025-03-05T08:30:00,0.0,0.0,32.725,0.0,0.0,0.0,1326.575625
227,2025-03-05T08:45:00,0.0,0.0,37.6125,0.0,0.0,0.0,1362.3075
228,2025-03-05T09:00:00,0.0,0.0,42.5,0.0,0.0,0.0,1402.6825
229,2025-03-05T09:15:00,0.0,0.0,40.5875,0.0,0.0,0.0,1441.240625
230,2025-03-05T09:30:00,0.0,0.0,44.2,0.0,0.0,0.0,1483.230625
231,2025-03-05T09:45:00,0.0,0.0,42.7125,0.0,0.0,0.0,1523.8075
232,2025-03-05T10:00:00,0.0,7.5,27.987499999999997,0.0,0.0,7.5,1550.3956249999999
233,2025-03-05T10:15:00,0.0,0.0,28.05,0.0,0.0,0.0,1577.043125
234,2025-03-05T10:30:00,0.0,0.0,23.1625,0.0,0.0,0.0,1599.0475
235,2025-03-05T10:45:00,0.0,0.0,21.675,0.0,0.0,0.0,1619.6387499999998
236,2025-03-05T11:00:00,0.0,2.5e-05,35.487474999999996,0.0,0.0,2.5e-05,1653.3518512499998
237,2025-03-05T11:15:00,0.0,11.513799273687185,18.236200726312816,0.0,0.0,11.513799273687185,1670.676241939997
238,2025-03-05T11:30:00,0.0,0.0,33.15,0.0,0.0,0.0,1702.168741939997
239,2025-03-05T11:45:00,0.0,3.8351045810578626,26.127395418942136,0.0,0.0,3.8351045810578626,1726.989767587992
240,2025-03-05T12:00:00,0.0,7.5,35.425,0.0,0.0,7.5,1760.643517587992
241,2025-03-05T12:15:00,0.0,0.0,42.925,0.0,0.0,0.0,1801.4222675879919
242,2025-03-05T12:30:00,0.0,0.0,40.375,0.0,0.0,0.0,1839.778517587992
243,2025-03-05T12:45:00,0.0,0.0,52.275,0.0,0.0,0.0,1889.4397675879918
244,2025-03-05T13:00:00,0.0,7.066530852636173,43.72096914736383,0.0,0.0,7.066530852636173,1930.9746882779875
245,2025-03-05T13:15:00,0.0,15.0,29.8375,0.0,0.0,15.0,1959.3203132779875
246,2025-03-05T13:30:00,0.0,30.0,4.0,0.0,0.0,30.0,1963.1203132779874
247,2025-03-05T13:45:00,0.0,0.00013026315753800476,28.474869736842464,0.0,0.0,0.00013026315753800476,1990.1714395279878
248,2025-03-05T14:00:00,0.0,0.0,31.2375,0.0,0.0,0.0,2019.8470645279879
249,2025-03-05T14:15:00,0.0,0.0,27.2,0.0,0.0,0.0,2045.6870645279878
250,2025-03-05T14:30:00,0.0,0.0,22.1,0.0,0.0,0.0,2066.6820645279877
251,2025-03-05T14:45:00,0.0,7.5,20.7625,0.0,0.0,7.5,2086.4064395279875
252,2025-03-05T15:00:00,0.0,15.0,11.1375,0.0,0.0,15.0,2096.9870645279875
253,2025-03-05T15:15:00,0.0,22.500025,4.274974999999998,0.0,0.0,22.500025,2101.0482907779874
254,2025-03-05T15:30:00,0.0,23.1625,0.0,11.121062520005502,0.0,34.2835625200055,2089.3419091779815
255,2025-03-05T15:45:00,0.0,9.949204614745334,8.963295385254668,0.0,0.0,9.949204614745334,2097.8570397939734
256,2025-03-05T16:00:00,0.0,1.3180000000001673,14.194499999999833,0.0,0.0,1.3180000000001673,2111.3418147939733
257,2025-03-05T16:15:00,0.0,0.0,11.475,0.0,0.0,0.0,2122.243064793973
258,2025-03-05T16:30:00,0.0,0.0,7.4375,0.0,0.0,0.0,2129.3086897939734
259,2025-03-05T16:45:00,0.0,0.0,4.675,0.0,0.0,0.0,2133.749939793973
260,2025-03-05T17:00:00,0.0,0.0,2.7625,0.0,0.0,0.0,2136.374314793973
261,2025-03-05T17:15:00,0.0,0.0,0.85,0.0,0.0,0.0,2137.181814793973
262,2025-03-05T17:30:00,0.0,0.0,0.0,0.0,0.0,0.0,2137.181814793973
263,2025-03-05T17:45:00,0.0,0.0,0.0,0.0,0.0,0.0,2137.181814793973
264,2025-03-05T18:00:00,0.0,0.0,0.0,0.0,0.0,0.0,2137.181814793973
265,2025-03-05T18:15:00,0.0,0.0,0.0,0.0,0.0,0.0,2137.181814793973
266,2025-03-05T18:30:00,0.0,0.0,0.0,0.0,0.0,0.0,2137.181814793973
267,2025-03-05T18:45:00,0.0,0.0,0.0,0.0,0.0,0.0,2137.181814793973
268,2025-03-05T19:00:00,0.0,0.0,0.0,0.0,0.0,0.0,2137.181814793973
269,2025-03-05T19:15:00,0.0,0.0,0.0,0.0,0.0,0.0,2137.181814793973
270,2025-03-05T19:30:00,0.0,0.0,0.0,0.0,0.0,0.0,2137.181814793973
271,2025-03-05T19:45:00,0.0,0.0,0.0,0.0,0.0,0.0,2137.181814793973
272,2025-03-05T20:00:00,0.0,0.0,0.0,0.0,0.0,0.0,2137.181814793973
273,2025-03-05T20:15:00,0.0,0.0,0.0,0.0,0.0,0.0,2137.181814793973
274,2025-03-05T20:30:00,0.0,0.0,0.0,15.0,0.0,15.0,2121.3923411097626
275,2025-03-05T20:45:00,0.0,0.0,0.0,15.0,0.0,15.0,2105.602867425552
276,2025-03-05T21:00:00,0.0,0.0,0.0,15.000025,0.0,15.000025,2089.8133674255523
277,2025-03-05T21:15:00,0.0,0.0,0.0,22.5,0.0,22.5,2066.1291568992365
278,2025-03-05T21:30:00,0.0,0.0,0.0,0.342944178965647,0.0,0.342944178965647,2065.768163026641
279,2025-03-05T21:45:00,0.0,0.0,0.0,15.000025,0.0,15.000025,2049.9786630266412
280,2025-03-05T22:00:00,0.0,0.0,0.0,45.0,0.0,45.0,2002.6102419740096
281,2025-03-05T22:15:00,0.0,0.0,0.0,80.15087936844698,0.0,80.15087936844698,1918.240895270381
282,2025-03-05T22:30:00,0.0,0.0,0.0,90.000025,0.0,90.000025,1823.5040268493285
283,2025-03-05T22:45:00,0.0,0.0,0.0,135.00010526315782,0.0,135.00010526315782,1681.3986528881098
284,2025-03-05T23:00:00,0.0,0.0,0.0,150.000025,0.0,150.000025,1523.5038897302152
285,2025-03-05T23:15:00,0.0,0.0,0.0,172.31876711370447,0.0,172.31876711370447,1342.1157138210526
286,2025-03-05T23:30:00,49.99999999999767,0.0,0.0,135.00992813,0.0,185.00992812999766,1200.0
287,2025-03-05T23:45:00,112.5001,0.0,0.0,0.0,0.0,112.5001,1200.0
288,2025-03-06T00:00:00,49.99999999999984,0.0,0.0,0.0,0.0,49.99999999999984,1200.0
289,2025-03-06T00:15:00,52.303470370538236,0.0,0.0,0.0,0.0,52.303470370538236,1200.0
290,2025-03-06T00:30:00,60.000025,0.0,0.0,0.0,0.0,60.000025,1200.0
291,2025-03-06T00:45:00,49.99999999999966,0.0,0.0,0.0,0.0,49.99999999999966,1200.0
292,2025-03-06T01:00:00,71.54797041479152,0.0,0.0,0.0,0.0,71.54797041479152,1200.0
293,2025-03-06T01:15:00,52.64467999582275,0.0,0.0,0.0,0.0,52.64467999582275,1200.0
294,2025-03-06T01:30:00,50.0,0.0,0.0,0.0,0.0,50.0,1200.0
295,2025-03-06T01:45:00,49.999999999995694,0.0,0.0,0.0,0.0,49.999999999995694,1200.0
296,2025-03-06T02:00:00,49.99999999999893,0.0,0.0,0.0,0.0,49.99999999999893,1200.0
297,2025-03-06T02:15:00,55.552786842102805,0.0,0.0,0.0,0.0,55.552786842102805,1200.0
298,2025-03-06T02:30:00,67.5,0.0,0.0,0.0,0.0,67.5,1200.0
299,2025-03-06T02:45:00,52.5,0.0,0.0,0.0,0.0,52.5,1200.0
300,2025-03-06T03:00:00,63.052656578947456,0.0,0.0,0.0,0.0,63.05265657894745,1200.0
301,2025-03-06T03:15:00,90.0,0.0,0.0,0.0,0.0,90.0,1200.0
302,2025-03-06T03:30:00,65.08408435160328,0.0,0.0,0.0,0.0,65.08408435160328,1200.0
303,2025-03-06T03:45:00,71.2430291221892,0.0,0.0,0.0,0.0,71.2430291221892,1200.0
304,2025-03-06T04:00:00,70.22446482744454,0.0,0.0,0.0,0.0,70.22446482744454,1200.0
305,2025-03-06T04:15:00,157.4999749999976,0.0,0.0,0.0,0.0,157.4999749999976,1200.0
306,2025-03-06T04:30:00,138.05265657894734,0.0,0.0,0.0,0.0,138.05265657894734,1200.0
307,2025-03-06T04:45:00,141.29305444900427,0.0,0.0,0.0,0.0,141.29305444900427,1200.0
308,2025-03-06T05:00:00,150.0,0.0,0.0,0.0,0.0,150.0,1200.0
309,2025-03-06T05:15:00,76.65826052631566,0.0,0.0,0.0,0.0,76.65826052631566,1200.0
310,2025-03-06T05:30:00,55.552711842104806,0.0,0.0,0.0,0.0,55.552711842104806,1200.0
311,2025-03-06T05:45:00,0.0,0.0,0.0,0.0,0.0,0.0,1200.0
312,2025-03-06T06:00:00,0.0,0.0,0.0,0.0,0.0,0.0,1200.0
313,2025-03-06T06:15:00,0.0,0.0,0.425,0.0,0.0,0.0,1200.40375
314,2025-03-06T06:30:00,0.0,0.0,2.7625,0.0,0.0,0.0,1203.028125
315,2025-03-06T06:45:00,0.0,0.0,4.25,0.0,0.0,0.0,1207.065625
316,2025-03-06T07:00:00,0.0,0.0,8.2875,0.0,0.0,0.0,1214.93875
317,2025-03-06T07:15:00,0.0,0.0,13.175,0.0,0.0,0.0,1227.455
318,2025-03-06T07:30:00,0.0,0.0,16.15,0.0,0.0,0.0,1242.7975
319,2025-03-06T07:45:00,0.0,0.0,20.4,0.0,0.0,0.0,1262.1775
320,2025-03-06T08:00:00,0.0,0.0,22.1,0.0,0.0,0.0,1283.1725
321,2025-03-06T08:15:00,0.0,0.0,29.75,0.0,0.0,0.0,1311.435
322,2025-03-06T08:30:00,0.0,0.0,31.45,0.0,0.0,0.0,1341.3125
323,2025-03-06T08:45:00,0.0,3.7439264610556506,18.14357353894435,0.0,0.0,3.7439264610556506,1358.548894861997
324,2025-03-06T09:00:00,0.0,7.5,13.325,0.0,0.0,7.5,1371.207644861997
325,2025-03-06T09:15:00,0.0,2.4999999993724487e-05,19.337475000000005,0.0,0.0,2.4999999993724487e-05,1389.578246111997
326,2025-03-06T09:30:00,0.0,0.0,25.925,0.0,0.0,0.0,1414.2069961119971
327,2025-03-06T09:45:00,0.0,15.0,10.712499999999999,0.0,0.0,15.0,1424.3838711119972
328,2025-03-06T10:00:00,0.0,4.013719010530053,43.58628098946995,0.0,0.0,4.013719010530053,1465.7908380519937
329,2025-03-06T10:15:00,0.0,0.0,37.6125,0.0,0.0,0.0,1501.5227130519936
330,2025-03-06T10:30:00,0.0,0.0,41.0125,0.0,0.0,0.0,1540.4845880519936
331,2025-03-06T10:45:00,0.0,0.0,41.8625,0.0,0.0,0.0,1580.2539630519937
332,2025-03-06T11:00:00,0.0,32.239206591378675,7.285793408621323,0.0,0.0,32.239206591378675,1587.175466790184
333,2025-03-06T11:15:00,0.0,4.283532256845404,41.82896774315459,0.0,0.0,4.283532256845404,1626.9129861461809
334,2025-03-06T11:30:00,0.0,0.00013026315786831365,38.03736973684213,0.0,0.0,0.00013026315786831365,1663.048487396181
335,2025-03-06T11:45:00,0.0,7.5,38.1875,0.0,0.0,7.5,1699.326612396181
336,2025-03-06T12:00:00,0.0,15.0,34.5125,0.0,0.0,15.0,1732.113487396181
337,2025-03-06T12:15:00,0.0,15.0,30.049999999999997,0.0,0.0,15.0,1760.6609873961809
338,2025-03-06T12:30:00,0.0,2.5e-05,38.037475,0.0,0.0,2.5e-05,1796.796588646181
339,2025-03-06T12:45:00,0.0,2.5e-05,45.687475,0.0,0.0,2.5e-05,1840.1996898961809
340,2025-03-06T13:00:00,0.0,0.0,48.875,0.0,0.0,0.0,1886.630939896181
341,2025-03-06T13:15:00,0.0,0.0,53.3375,0.0,0.0,0.0,1937.301564896181
342,2025-03-06T13:30:00,0.0,0.0,60.5625,0.0,0.0,0.0,1994.835939896181
343,2025-03-06T13:45:00,0.0,0.0,57.1625,0.0,0.0,0.0,2049.140314896181
344,2025-03-06T14:00:00,0.0,4.9999999993724484e-05,33.78745000000001,0.0,0.0,4.9999999993724484e-05,2081.2383923961806
345,2025-03-06T14:15:00,0.0,13.82773292231485,21.447267077685147,0.0,0.0,13.82773292231485,2101.6132961199814
346,2025-03-06T14:30:00,0.0,7.5001052631576375,33.724894736842366,0.0,0.0,7.5001052631576375,2133.651946119982
347,2025-03-06T14:45:00,0.0,0.0,26.775,0.0,0.0,0.0,2159.088196119982
348,2025-03-06T15:00:00,0.0,30.000025,1.0249749999999977,0.0,0.0,30.000025,2160.061922369982
349,2025-03-06T15:15:00,0.0,15.00013026315951,13.262369736840489,0.0,0.0,15.00013026315951,2172.66117361998
350,2025-03-06T15:30:00,0.0,9.656054543163856,12.443945456836145,0.0,0.0,9.656054543163856,2184.4829218039745
351,2025-03-06T15:45:00,0.0,2.5e-05,16.787475,0.0,0.0,2.5e-05,2200.4310230539745
352,2025-03-06T16:00:00,0.0,0.0,12.1125,0.0,0.0,0.0,2211.9378980539745
353,2025-03-06T16:15:00,0.0,0.0001052631621799992,9.56239473683782,0.0,0.0,0.0001052631621799992,2221.0221730539706
354,2025-03-06T16:30:00,0.0,0.0,5.1,0.0,0.0,0.0,2225.8671730539704
355,2025-03-06T16:45:00,0.0,2.125,0.0,2.1585625200063987,0.0,4.283562520006399,2223.5950019802794
356,2025-03-06T17:00:00,0.0,0.0,2.55,0.0,0.0,0.0,2226.0175019802796
357,2025-03-06T17:15:00,0.0,0.0,0.425,0.0,0.0,0.0,2226.4212519802795
358,2025-03-06T17:30:00,0.0,0.0,0.0,0.0,0.0,0.0,2226.4212519802795
359,2025-03-06T17:45:00,0.0,0.0,0.0,0.0,0.0,0.0,2226.4212519802795
360,2025-03-06T18:00:00,0.0,0.0,0.0,0.0,0.0,0.0,2226.4212519802795
361,2025-03-06T18:15:00,0.0,0.0,0.0,0.0,0.0,0.0,2226.4212519802795
362,2025-03-06T18:30:00,0.0,0.0,0.0,0.0,0.0,0.0,2226.4212519802795
363,2025-03-06T18:45:00,0.0,0.0,0.0,0.0,0.0,0.0,2226.4212519802795
364,2025-03-06T19:00:00,0.0,0.0,0.0,0.0,0.0,0.0,2226.4212519802795
365,2025-03-06T19:15:00,0.0,0.0,0.0,0.0,0.0,0.0,2226.4212519802795
366,2025-03-06T19:30:00,0.0,0.0,0.0,0.0,0.0,0.0,2226.4212519802795
367,2025-03-06T19:45:00,0.0,0.0,0.0,0.0,0.0,0.0,2226.4212519802795
368,2025-03-06T20:00:00,0.0,0.0,0.0,0.0,0.0,0.0,2226.4212519802795
369,2025-03-06T20:15:00,0.0,0.0,0.0,0.0,0.0,0.0,2226.4212519802795
370,2025-03-06T20:30:00,0.0,0.0,0.0,0.0,0.0,0.0,2226.4212519802795
371,2025-03-06T20:45:00,0.0,0.0,0.0,0.0,0.0,0.0,2226.4212519802795
372,2025-03-06T21:00:00,0.0,0.0,0.0,0.0,0.0,0.0,2226.4212519802795
373,2025-03-06T21:15:00,0.0,0.0,0.0,15.0,0.0,15.0,2210.631778296069
374,2025-03-06T21:30:00,0.0,0.0,0.0,22.5,0.0,22.5,2186.9475677697533
375,2025-03-06T21:45:00,0.0,0.0,0.0,37.5,0.0,37.5,2147.473883559227
376,2025-03-06T22:00:00,0.0,0.0,0.0,56.91476833265202,0.0,56.91476833265202,2087.5636011038036
377,2025-03-06T22:15:00,0.0,0.0,0.0,57.90957773476843,0.0,57.90957773476843,2026.606150856679
378,2025-03-06T22:30:00,0.0,0.0,0.0,82.5,0.0,82.5,1939.7640455935211
379,2025-03-06T22:45:00,0.0,0.0,0.0,90.000025,0.0,90.000025,1845.0271771724686
380,2025-03-06T23:00:00,0.0,0.0,0.0,133.4555342231804,0.0,133.4555342231804,1704.5476674638576
381,2025-03-06T23:15:00,0.0,0.0,0.0,181.26780251171232,0.0,181.26780251171232,1513.739454293634
382,2025-03-06T23:30:00,0.0,0.0,0.0,198.0524815789467,0.0,198.0524815789467,1305.2631578947428
383,2025-03-06T23:45:00,49.99999999999436,0.0,0.0,100.00000000000564,0.0,150.0,1200.0
384,2025-03-07T00:00:00,50.00000000000057,0.0,0.0,0.0,0.0,50.00000000000057,1200.0
385,2025-03-07T00:15:00,50.00000000000068,0.0,0.0,0.0,0.0,50.00000000000068,1200.0
386,2025-03-07T00:30:00,50.00000000000067,0.0,0.0,0.0,0.0,50.00000000000067,1200.0
387,2025-03-07T00:45:00,50.00000000000071,0.0,0.0,0.0,0.0,50.00000000000071,1200.0
388,2025-03-07T01:00:00,49.999999999996504,0.0,0.0,0.0,0.0,49.999999999996504,1200.0
389,2025-03-07T01:15:00,52.500025,0.0,0.0,0.0,0.0,52.500025,1200.0
390,2025-03-07T01:30:00,52.500025,0.0,0.0,0.0,0.0,52.500025,1200.0
391,2025-03-07T01:45:00,52.5,0.0,0.0,0.0,0.0,52.5,1200.0
392,2025-03-07T02:00:00,50.0,0.0,0.0,0.0,0.0,50.0,1200.0
393,2025-03-07T02:15:00,136.2293076042374,0.0,0.0,0.0,0.0,136.2293076042374,1200.0
394,2025-03-07T02:30:00,85.55307236842178,0.0,0.0,0.0,0.0,85.55307236842178,1200.0
395,2025-03-07T02:45:00,128.83847753894435,0.0,0.0,0.0,0.0,128.83847753894435,1200.0
396,2025-03-07T03:00:00,50.0,0.0,0.0,0.0,0.0,50.0,1200.0
397,2025-03-07T03:15:00,109.34879748002211,0.0,0.0,0.0,0.0,109.34879748002211,1200.0
398,2025-03-07T03:30:00,73.86732332633675,0.0,0.0,0.0,0.0,73.86732332633675,1200.0
399,2025-03-07T03:45:00,119.9999500000003,0.0,0.0,0.0,0.0,119.9999500000003,1200.0
400,2025-03-07T04:00:00,79.02333070738591,0.0,0.0,0.0,0.0,79.02333070738591,1200.0
401,2025-03-07T04:15:00,73.87678125055153,0.0,0.0,0.0,0.0,73.87678125055153,1200.0
402,2025-03-07T04:30:00,51.65489250741465,0.0,0.0,0.0,0.0,51.65489250741465,1200.0
403,2025-03-07T04:45:00,79.50010816843694,0.0,0.0,0.0,0.0,79.50010816843694,1200.0
404,2025-03-07T05:00:00,155.5526166666681,0.0,0.0,0.0,0.0,155.5526166666681,1200.0
405,2025-03-07T05:15:00,121.65805000000033,0.0,0.0,0.0,0.0,121.65805000000033,1200.0
406,2025-03-07T05:30:00,105.55301754385947,0.0,0.0,0.0,0.0,105.55301754385947,1200.0
407,2025-03-07T05:45:00,0.0,0.0,0.0,0.0,0.0,0.0,1200.0
408,2025-03-07T06:00:00,0.0,0.0,0.0,0.0,0.0,0.0,1200.0
409,2025-03-07T06:15:00,0.0,0.0,3.1875,0.0,0.0,0.0,1203.028125
410,2025-03-07T06:30:00,0.0,0.0,11.9,0.0,0.0,0.0,1214.333125
411,2025-03-07T06:45:00,0.0,0.0,23.375,0.0,0.0,0.0,1236.539375
412,2025-03-07T07:00:00,0.0,0.0,34.425,0.0,0.0,0.0,1269.243125
413,2025-03-07T07:15:00,0.0,0.0,45.9,0.0,0.0,0.0,1312.848125
414,2025-03-07T07:30:00,0.0,0.0,57.5875,0.0,0.0,0.0,1367.55625
415,2025-03-07T07:45:00,0.0,0.0,69.275,0.0,0.0,0.0,1433.3675
416,2025-03-07T08:00:00,0.0,0.0,80.75,0.0,0.0,0.0,1510.0800000000002
417,2025-03-07T08:15:00,0.0,0.0,91.8,0.0,0.0,0.0,1597.2900000000002
418,2025-03-07T08:30:00,0.0,0.0,102.425,0.0,0.0,0.0,1694.5937500000002
419,2025-03-07T08:45:00,0.0,0.0,112.4125,0.0,0.0,0.0,1801.3856250000001
420,2025-03-07T09:00:00,0.0,0.0,121.975,0.0,0.0,0.0,1917.2618750000001
421,2025-03-07T09:15:00,0.0,0.0,130.6875,0.0,0.0,0.0,2041.4150000000002
422,2025-03-07T09:30:00,0.0,0.0,138.55,0.0,0.0,0.0,2173.0375000000004
423,2025-03-07T09:45:00,0.0,7.5,138.275,0.0,0.0,7.5,2304.3987500000003
424,2025-03-07T10:00:00,0.0,0.0,152.15,0.0,0.0,0.0,2448.9412500000003
425,2025-03-07T10:15:00,0.0,0.0,157.675,0.0,0.0,0.0,2598.7325
426,2025-03-07T10:30:00,0.0,4.283357256845458,158.06664274315455,0.0,0.0,4.283357256845458,2748.8958106059968
427,2025-03-07T10:45:00,0.0,2.49999999972772e-05,166.17497500000002,0.0,0.0,2.49999999972772e-05,2906.762036855997
428,2025-03-07T11:00:00,0.0,0.0,168.9375,0.0,0.0,0.0,3067.252661855997
429,2025-03-07T11:15:00,0.0,0.0,170.85,0.0,0.0,0.0,3229.5601618559967
430,2025-03-07T11:30:00,0.0,0.0,171.9125,0.0,0.0,0.0,3392.8770368559967
431,2025-03-07T11:45:00,0.0,0.0,172.125,0.0,0.0,0.0,3556.395786855997
432,2025-03-07T12:00:00,0.0,0.0,171.275,0.0,0.0,0.0,3719.1070368559967
433,2025-03-07T12:15:00,0.0,0.0,169.575,0.0,0.0,0.0,3880.203286855997
434,2025-03-07T12:30:00,0.0,0.0,167.025,0.0,0.0,0.0,4038.8770368559967
435,2025-03-07T12:45:00,0.0,0.0,163.625,0.0,0.0,0.0,4194.320786855997
436,2025-03-07T13:00:00,0.0,0.0,159.375,0.0,0.0,0.0,4345.727036855997
437,2025-03-07T13:15:00,0.0,0.0,154.275,0.0,0.0,0.0,4492.288286855996
438,2025-03-07T13:30:00,0.0,0.0,148.325,0.0,0.0,0.0,4633.197036855996
439,2025-03-07T13:45:00,0.0,0.0,141.7375,0.0,0.0,0.0,4767.847661855996
440,2025-03-07T14:00:00,0.0,4.9999999997218936e-05,33.84456646737243,0.0,100.4553835326276,4.9999999997218936e-05,4800.0
441,2025-03-07T14:15:00,0.0,3.5653163347435513,0.0,0.0,122.65968366525644,3.5653163347435513,4800.0
442,2025-03-07T14:30:00,0.0,0.00010526315783839604,0.0,0.0,117.51239473684217,0.00010526315783839604,4800.0
443,2025-03-07T14:45:00,0.0,5e-05,0.0,0.0,108.37495,5e-05,4800.0
444,2025-03-07T15:00:00,0.0,2.4999999875596757e-05,0.0,0.0,98.59997500000011,2.4999999875596757e-05,4800.0
445,2025-03-07T15:15:00,0.0,2.499999999816538e-05,0.0,0.0,88.39997500000001,2.499999999816538e-05,4800.0
446,2025-03-07T15:30:00,0.0,2.4999999936881068e-05,0.0,0.0,77.56247500000006,2.4999999936881068e-05,4800.0
447,2025-03-07T15:45:00,0.0,2.4999999936881068e-05,0.0,0.0,66.51247500000007,2.4999999936881068e-05,4800.0
448,2025-03-07T16:00:00,0.0,33.428749999999965,0.0,0.0,21.608750000000036,33.428749999999965,4800.0
449,2025-03-07T16:15:00,0.0,21.714875494162367,0.0,0.0,22.06012450583763,21.714875494162367,4800.0
450,2025-03-07T16:30:00,0.0,19.129,0.0,0.0,13.596,19.129,4800.0
451,2025-03-07T16:45:00,0.0,13.923842105263077,0.0,0.0,8.176157894736924,13.923842105263079,4800.0
452,2025-03-07T17:00:00,0.0,2.4999999999999998e-05,0.0,0.0,12.112475,2.4999999999999998e-05,4800.0
453,2025-03-07T17:15:00,0.0,0.00010526315996254485,0.0,0.0,3.399894736840037,0.00010526315996254485,4800.0
454,2025-03-07T17:30:00,0.0,0.0,0.0,0.0,0.2125,0.0,4800.0
455,2025-03-07T17:45:00,0.0,0.0,0.0,0.0,0.0,0.0,4800.0
456,2025-03-07T18:00:00,0.0,0.0,0.0,7.5,0.0,7.5,4792.105263157895
457,2025-03-07T18:15:00,0.0,0.0,0.0,0.0,0.0,0.0,4792.105263157895
458,2025-03-07T18:30:00,0.0,0.0,0.0,0.0,0.0,0.0,4792.105263157895
459,2025-03-07T18:45:00,0.0,0.0,0.0,0.0,0.0,0.0,4792.105263157895
460,2025-03-07T19:00:00,0.0,0.0,0.0,0.0,0.0,0.0,4792.105263157895
461,2025-03-07T19:15:00,0.0,0.0,0.0,0.0,0.0,0.0,4792.105263157895
462,2025-03-07T19:30:00,0.0,0.0,0.0,0.0,0.0,0.0,4792.105263157895
463,2025-03-07T19:45:00,0.0,0.0,0.0,0.0,0.0,0.0,4792.105263157895
464,2025-03-07T20:00:00,0.0,0.0,0.0,7.5,0.0,7.5,4784.21052631579
465,2025-03-07T20:15:00,0.0,0.0,0.0,15.0,0.0,15.0,4768.421052631579
466,2025-03-07T20:30:00,0.0,0.0,0.0,19.283532256850524,0.0,19.283532256850524,4748.122597624368
467,2025-03-07T20:45:00,0.0,0.0,0.0,22.5,0.0,22.5,4724.438387098052
468,2025-03-07T21:00:00,0.0,0.0,0.0,7.5,0.0,7.5,4716.543650255947
469,2025-03-07T21:15:00,0.0,0.0,0.0,7.971615305279502,0.0,7.971615305279502,4708.15247625039
470,2025-03-07T21:30:00,0.0,0.0,0.0,22.500105263158286,0.0,22.500105263158286,4684.468154920749
471,2025-03-07T21:45:00,0.0,0.0,0.0,2.5e-05,0.0,2.5e-05,4684.468128604959
472,2025-03-07T22:00:00,0.0,0.0,0.0,7.499999984016378e-05,0.0,7.499999984016378e-05,4684.468049657591
473,2025-03-07T22:15:00,0.0,0.0,0.0,4.013669010535785,0.0,4.013669010535785,4680.243134909659
474,2025-03-07T22:30:00,0.0,0.0,0.0,15.0,0.0,15.0,4664.453661225448
475,2025-03-07T22:45:00,0.0,0.0,0.0,5.527143336885278,0.0,5.527143336885278,4658.635615607674
476,2025-03-07T23:00:00,0.0,0.0,0.0,57.5414671963789,0.0,57.5414671963789,4598.065650137801
477,2025-03-07T23:15:00,0.0,0.0,0.0,105.0,0.0,105.0,4487.539334348327
478,2025-03-07T23:30:00,0.0,0.0,0.0,150.0,0.0,150.0,4329.644597506222
479,2025-03-07T23:45:00,0.0,0.0,0.0,120.0,0.0,120.0,4203.328808032538
480,2025-03-08T00:00:00,0.0,0.0,0.0,105.00013026315858,0.0,105.00013026315858,4092.8023551239503
481,2025-03-08T00:15:00,0.0,0.0,0.0,126.64363339581473,0.0,126.64363339581473,3959.493267338882
482,2025-03-08T00:30:00,0.0,0.0,0.0,150.36372170528128,0.0,150.36372170528128,3801.2156655438494
483,2025-03-08T00:45:00,0.0,0.0,0.0,135.27706652003025,0.0,135.27706652003025,3658.8187534175017
484,2025-03-08T01:00:00,0.0,0.0,0.0,35.605641450565386,0.0,35.605641450565386,3621.339130837959
485,2025-03-08T01:15:00,0.0,0.0,0.0,45.000025,0.0,45.000025,3573.970683469538
486,2025-03-08T01:30:00,0.0,0.0,0.0,22.500025,0.0,22.500025,3550.2864466274327
487,2025-03-08T01:45:00,0.0,0.0,0.0,25.552761842098985,0.0,25.552761842098985,3523.388802583118
488,2025-03-08T02:00:00,0.0,0.0,0.0,91.50839080213069,0.0,91.50839080213069,3427.064180686138
489,2025-03-08T02:15:00,0.0,0.0,0.0,165.0,0.0,165.0,3253.3799701598223
490,2025-03-08T02:30:00,0.0,0.0,0.0,100.10855526318772,0.0,100.10855526318772,3148.002543566993
491,2025-03-08T02:45:00,0.0,0.0,0.0,97.34529731793009,0.0,97.34529731793009,3045.5338095481193
492,2025-03-08T03:00:00,0.0,0.0,0.0,125.87923601896998,0.0,125.87923601896998,2913.0293505807826
493,2025-03-08T03:15:00,0.0,0.0,0.0,133.60542368420897,0.0,133.60542368420897,2772.3920624921416
494,2025-03-08T03:30:00,0.0,0.0,0.0,20.15228202319871,0.0,20.15228202319871,2751.1791340466693
495,2025-03-08T03:45:00,0.0,0.0,0.0,94.81416223791081,0.0,94.81416223791081,2651.3747527436053
496,2025-03-08T04:00:00,0.0,0.0,0.0,122.41011362949737,0.0,122.41011362949737,2522.5220015546606
497,2025-03-08T04:15:00,0.0,0.0,0.0,158.89450131579247,0.0,158.89450131579247,2355.2646317485633
498,2025-03-08T04:30:00,0.0,0.0,0.0,97.5,0.0,97.5,2252.633052801195
499,2025-03-08T04:45:00,0.0,0.0,0.0,159.8685669979239,0.0,159.8685669979239,2084.350350698117
500,2025-03-08T05:00:00,0.0,0.0,0.0,164.9999197368422,0.0,164.9999197368422,1910.6662246593357
501,2025-03-08T05:15:00,0.0,0.0,0.0,183.0527368421048,0.0,183.0527368421048,1717.9791332465938
502,2025-03-08T05:30:00,0.0,0.0,0.0,75.26378947367967,0.0,75.26378947367967,1638.7540916953521
503,2025-03-08T05:45:00,0.0,0.0,0.0,0.0,0.0,0.0,1638.7540916953521
504,2025-03-08T06:00:00,0.0,0.0,0.0,0.0,0.0,0.0,1638.7540916953521
505,2025-03-08T06:15:00,0.0,0.0,1.4875,0.0,0.0,0.0,1640.1672166953522
506,2025-03-08T06:30:00,0.0,0.0,3.825,0.0,0.0,0.0,1643.8009666953521
507,2025-03-08T06:45:00,0.0,0.0,3.825,0.0,0.0,0.0,1647.434716695352
508,2025-03-08T07:00:00,0.0,0.0,8.5,0.0,0.0,0.0,1655.5097166953522
509,2025-03-08T07:15:00,0.0,0.0,13.8125,0.0,0.0,0.0,1668.6315916953522
510,2025-03-08T07:30:00,0.0,0.0,18.275,0.0,0.0,0.0,1685.9928416953521
511,2025-03-08T07:45:00,0.0,0.0,25.2875,0.0,0.0,0.0,1710.015966695352
512,2025-03-08T08:00:00,0.0,0.0,36.975,0.0,0.0,0.0,1745.142216695352
513,2025-03-08T08:15:00,0.0,0.0,35.7,0.0,0.0,0.0,1779.057216695352
514,2025-03-08T08:30:00,0.0,0.0,39.1,0.0,0.0,0.0,1816.202216695352
515,2025-03-08T08:45:00,0.0,0.0,38.675,0.0,0.0,0.0,1852.943466695352
516,2025-03-08T09:00:00,0.0,0.0,33.575,0.0,0.0,0.0,1884.839716695352
517,2025-03-08T09:15:00,0.0,0.0,40.8,0.0,0.0,0.0,1923.599716695352
518,2025-03-08T09:30:00,0.0,0.0,37.825,0.0,0.0,0.0,1959.533466695352
519,2025-03-08T09:45:00,0.0,0.0,34.2125,0.0,0.0,0.0,1992.035341695352
520,2025-03-08T10:00:00,0.0,0.0,42.075,0.0,0.0,0.0,2032.006591695352
521,2025-03-08T10:15:00,0.0,0.0,38.8875,0.0,0.0,0.0,2068.949716695352
522,2025-03-08T10:30:00,0.0,0.0,32.3,0.0,0.0,0.0,2099.634716695352
523,2025-03-08T10:45:00,0.0,0.0,37.825,0.0,0.0,0.0,2135.568466695352
524,2025-03-08T11:00:00,0.0,0.0,35.4875,0.0,0.0,0.0,2169.2815916953523
525,2025-03-08T11:15:00,0.0,0.0,41.8625,0.0,0.0,0.0,2209.050966695352
526,2025-03-08T11:30:00,0.0,0.0,38.4625,0.0,0.0,0.0,2245.590341695352
527,2025-03-08T11:45:00,0.0,0.0,36.55,0.0,0.0,0.0,2280.312841695352
528,2025-03-08T12:00:00,0.0,0.0,45.05,0.0,0.0,0.0,2323.110341695352
529,2025-03-08T12:15:00,0.0,0.0,52.275,0.0,0.0,0.0,2372.771591695352
530,2025-03-08T12:30:00,0.0,0.0,47.175,0.0,0.0,0.0,2417.587841695352
531,2025-03-08T12:45:00,0.0,0.0,18.9125,0.0,0.0,0.0,2435.554716695352
532,2025-03-08T13:00:00,0.0,0.0,20.6125,0.0,0.0,0.0,2455.136591695352
533,2025-03-08T13:15:00,0.0,0.0,18.0625,0.0,0.0,0.0,2472.295966695352
534,2025-03-08T13:30:00,0.0,0.0,18.7,0.0,0.0,0.0,2490.060966695352
535,2025-03-08T13:45:00,0.0,0.0,30.175,0.0,0.0,0.0,2518.727216695352
536,2025-03-08T14:00:00,0.0,0.0,22.7375,0.0,0.0,0.0,2540.327841695352
537,2025-03-08T14:15:00,0.0,0.0,26.5625,0.0,0.0,0.0,2565.562216695352
538,2025-03-08T14:30:00,0.0,0.0,25.925,0.0,0.0,0.0,2590.190966695352
539,2025-03-08T14:45:00,0.0,0.0,44.625,0.0,0.0,0.0,2632.584716695352
540,2025-03-08T15:00:00,0.0,0.0,77.9875,0.0,0.0,0.0,2706.672841695352
541,2025-03-08T15:15:00,0.0,0.0,36.55,0.0,0.0,0.0,2741.395341695352
542,2025-03-08T15:30:00,0.0,0.0,17.85,0.0,0.0,0.0,2758.352841695352
543,2025-03-08T15:45:00,0.0,0.0,11.9,0.0,0.0,0.0,2769.6578416953516
544,2025-03-08T16:00:00,0.0,0.0,13.6,0.0,0.0,0.0,2782.5778416953517
545,2025-03-08T16:15:00,0.0,0.0,11.475,0.0,0.0,0.0,2793.4790916953516
546,2025-03-08T16:30:00,0.0,0.0,5.95,0.0,0.0,0.0,2799.1315916953517
547,2025-03-08T16:45:00,0.0,0.0,3.1875,0.0,0.0,0.0,2802.1597166953516
548,2025-03-08T17:00:00,0.0,0.0,1.7,0.0,0.0,0.0,2803.7747166953513
549,2025-03-08T17:15:00,0.0,0.0,0.85,0.0,0.0,0.0,2804.5822166953512
550,2025-03-08T17:30:00,0.0,0.0,0.2125,0.0,0.0,0.0,2804.7840916953514
551,2025-03-08T17:45:00,0.0,0.0,0.0,0.0,0.0,0.0,2804.7840916953514
552,2025-03-08T18:00:00,0.0,0.0,0.0,0.0,0.0,0.0,2804.7840916953514
553,2025-03-08T18:15:00,0.0,0.0,0.0,0.0,0.0,0.0,2804.7840916953514
554,2025-03-08T18:30:00,0.0,0.0,0.0,0.0,0.0,0.0,2804.7840916953514
555,2025-03-08T18:45:00,0.0,0.0,0.0,0.0,0.0,0.0,2804.7840916953514
556,2025-03-08T19:00:00,0.0,0.0,0.0,2.5e-05,0.0,2.5e-05,2804.784065379562
557,2025-03-08T19:15:00,0.0,0.0,0.0,22.5,0.0,22.5,2781.099854853246
558,2025-03-08T19:30:00,0.0,0.0,0.0,22.5,0.0,22.5,2757.4156443269303
559,2025-03-08T19:45:00,0.0,0.0,0.0,22.5,0.0,22.5,2733.7314338006145
560,2025-03-08T20:00:00,0.0,0.0,0.0,2.5e-05,0.0,2.5e-05,2733.731407484825
561,2025-03-08T20:15:00,0.0,0.0,0.0,15.0,0.0,15.0,2717.9419338006146
562,2025-03-08T20:30:00,0.0,0.0,0.0,2.5e-05,0.0,2.5e-05,2717.941907484825
563,2025-03-08T20:45:00,0.0,0.0,0.0,0.0,0.0,0.0,2717.941907484825
564,2025-03-08T21:00:00,0.0,0.0,0.0,19.283612520007978,0.0,19.283612520007978,2697.6433679900797
565,2025-03-08T21:15:00,0.0,0.0,0.0,15.0,0.0,15.0,2681.8538943058693
566,2025-03-08T21:30:00,0.0,0.0,0.0,2.5e-05,0.0,2.5e-05,2681.85386799008
567,2025-03-08T21:45:00,0.0,0.0,0.0,15.000025,0.0,15.000025,2666.06436799008
568,2025-03-08T22:00:00,0.0,0.0,0.0,32.256780749489856,0.0,32.256780749489856,2632.1098619379854
569,2025-03-08T22:15:00,0.0,0.0,0.0,60.000024999999994,0.0,60.000024999999994,2568.951940885354
570,2025-03-08T22:30:00,0.0,0.0,0.0,60.000025,0.0,60.000025,2505.7940198327224
571,2025-03-08T22:45:00,0.0,0.0,0.0,85.55276184210521,0.0,85.55276184210521,2415.738481051559
572,2025-03-08T23:00:00,0.0,0.0,0.0,134.99986973684216,0.0,134.99986973684216,2273.633355012778
573,2025-03-08T23:15:00,0.0,0.0,0.0,154.22837877477778,0.0,154.22837877477778,2111.287693144591
574,2025-03-08T23:30:00,0.0,0.0,0.0,187.500025,0.0,187.500025,1913.9192457761696
575,2025-03-08T23:45:00,0.0,0.0,0.0,187.500025,0.0,187.500025,1716.5507984077485
576,2025-03-09T00:00:00,0.0,0.0,0.0,163.20137147159284,0.0,163.20137147159284,1544.7598810692298
577,2025-03-09T00:15:00,0.0,0.0,0.0,120.000075,0.0,120.000075,1418.4440126481772
578,2025-03-09T00:30:00,0.0,0.0,0.0,141.7278576788178,0.0,141.7278576788178,1269.2567940388954
579,2025-03-09T00:45:00,49.99999999999842,0.0,0.0,65.79395433695058,0.0,115.793954336949,1200.0
580,2025-03-09T01:00:00,30.139506103110104,0.0,0.0,0.0,0.0,30.139506103110104,1200.0
581,2025-03-09T01:15:00,43.657610854757245,0.0,0.0,0.0,0.0,43.657610854757245,1200.0
582,2025-03-09T01:30:00,30.000075000000002,0.0,0.0,0.0,0.0,30.000075000000002,1200.0
583,2025-03-09T01:45:00,49.881197726352326,0.0,0.0,0.0,0.0,49.881197726352326,1200.0
584,2025-03-09T02:00:00,50.00000000000001,0.0,0.0,0.0,0.0,50.00000000000001,1200.0
585,2025-03-09T02:15:00,48.197017322143886,0.0,0.0,0.0,0.0,48.197017322143886,1200.0
586,2025-03-09T02:30:00,30.000025,0.0,0.0,0.0,0.0,30.000025,1200.0
587,2025-03-09T02:45:00,22.500025,0.0,0.0,0.0,0.0,22.500025,1200.0
588,2025-03-09T03:00:00,50.00000000000075,0.0,0.0,0.0,0.0,50.00000000000075,1200.0
589,2025-03-09T03:15:00,49.99999999999998,0.0,0.0,0.0,0.0,49.99999999999998,1200.0
590,2025-03-09T03:30:00,50.0,0.0,0.0,0.0,0.0,50.0,1200.0
591,2025-03-09T03:45:00,50.0,0.0,0.0,0.0,0.0,50.0,1200.0
592,2025-03-09T04:00:00,48.103773470722935,0.0,0.0,0.0,0.0,48.103773470722935,1200.0
593,2025-03-09T04:15:00,42.735025423224,0.0,0.0,0.0,0.0,42.735025423224,1200.0
594,2025-03-09T04:30:00,49.99999999999797,0.0,0.0,0.0,0.0,49.99999999999797,1200.0
595,2025-03-09T04:45:00,50.0,0.0,0.0,0.0,0.0,50.0,1200.0
596,2025-03-09T05:00:00,37.5,0.0,0.0,0.0,0.0,37.5,1200.0
597,2025-03-09T05:15:00,50.0,0.0,0.0,0.0,0.0,50.0,1200.0
598,2025-03-09T05:30:00,48.052631578946624,0.0,0.0,0.0,0.0,48.052631578946624,1200.0
599,2025-03-09T05:45:00,45.288686842107886,0.0,0.0,0.0,0.0,45.288686842107886,1200.0
600,2025-03-09T06:00:00,49.78750000000078,0.2125,0.0,0.0,0.0,50.00000000000078,1200.0
601,2025-03-09T06:15:00,0.0,0.0,2.975,0.0,0.0,0.0,1202.82625
602,2025-03-09T06:30:00,0.0,0.0,8.5,0.0,0.0,0.0,1210.9012500000001
603,2025-03-09T06:45:00,0.0,0.0,14.025,0.0,0.0,0.0,1224.2250000000001
604,2025-03-09T07:00:00,0.0,0.0,20.1875,0.0,0.0,0.0,1243.403125
605,2025-03-09T07:15:00,0.0,0.0,34.0,0.0,0.0,0.0,1275.703125
606,2025-03-09T07:30:00,0.0,0.0,50.7875,0.0,0.0,0.0,1323.95125
607,2025-03-09T07:45:00,0.0,0.0,63.325,0.0,0.0,0.0,1384.1100000000001
608,2025-03-09T08:00:00,0.0,0.0,74.5875,0.0,0.0,0.0,1454.968125
609,2025-03-09T08:15:00,0.0,0.0,85.6375,0.0,0.0,0.0,1536.32375
610,2025-03-09T08:30:00,0.0,0.0,96.2625,0.0,0.0,0.0,1627.773125
611,2025-03-09T08:45:00,0.0,0.0,106.8875,0.0,0.0,0.0,1729.3162499999999
612,2025-03-09T09:00:00,0.0,0.0,116.875,0.0,0.0,0.0,1840.3474999999999
613,2025-03-09T09:15:00,0.0,0.0,126.0125,0.0,0.0,0.0,1960.0593749999998
614,2025-03-09T09:30:00,0.0,0.0,134.5125,0.0,0.0,0.0,2087.8462499999996
615,2025-03-09T09:45:00,0.0,0.0,141.95,0.0,0.0,0.0,2222.6987499999996
616,2025-03-09T10:00:00,0.0,0.0,148.5375,0.0,0.0,0.0,2363.8093749999994
617,2025-03-09T10:15:00,0.0,0.0,154.4875,0.0,0.0,0.0,2510.5724999999993
618,2025-03-09T10:30:00,0.0,0.0,159.5875,0.0,0.0,0.0,2662.1806249999995
619,2025-03-09T10:45:00,0.0,0.0,163.8375,0.0,0.0,0.0,2817.8262499999996
620,2025-03-09T11:00:00,0.0,0.0,167.2375,0.0,0.0,0.0,2976.7018749999997
621,2025-03-09T11:15:00,0.0,0.0,169.7875,0.0,0.0,0.0,3137.9999999999995
622,2025-03-09T11:30:00,0.0,0.0,171.275,0.0,0.0,0.0,3300.7112499999994
623,2025-03-09T11:45:00,0.0,0.0,171.9125,0.0,0.0,0.0,3464.0281249999994
624,2025-03-09T12:00:00,0.0,0.0,171.7,0.0,0.0,0.0,3627.143124999999
625,2025-03-09T12:15:00,0.0,0.0,170.425,0.0,0.0,0.0,3789.046874999999
626,2025-03-09T12:30:00,0.0,0.0,168.0875,0.0,0.0,0.0,3948.729999999999
627,2025-03-09T12:45:00,0.0,0.0,164.9,0.0,0.0,0.0,4105.384999999999
628,2025-03-09T13:00:00,0.0,0.0,160.8625,0.0,0.0,0.0,4258.204374999999
629,2025-03-09T13:15:00,0.0,0.0,156.1875,0.0,0.0,0.0,4406.5824999999995
630,2025-03-09T13:30:00,0.0,0.0,150.45,0.0,0.0,0.0,4549.509999999999
631,2025-03-09T13:45:00,0.0,0.0,144.075,0.0,0.0,0.0,4686.381249999999
632,2025-03-09T14:00:00,0.0,0.0,119.5986842105269,0.0,17.251315789473097,0.0,4800.0
633,2025-03-09T14:15:00,0.0,0.0,0.0,0.0,128.9875,0.0,4800.0
634,2025-03-09T14:30:00,0.0,0.0,0.0,0.0,120.275,0.0,4800.0
635,2025-03-09T14:45:00,0.0,0.0,0.0,0.0,110.2875,0.0,4800.0
636,2025-03-09T15:00:00,0.0,0.0,0.0,0.0,99.025,0.0,4800.0
637,2025-03-09T15:15:00,0.0,0.0,0.0,0.0,85.85,0.0,4800.0
638,2025-03-09T15:30:00,0.0,0.0,0.0,0.0,80.1125,0.0,4800.0
639,2025-03-09T15:45:00,0.0,0.0,0.0,0.0,69.0625,0.0,4800.0
640,2025-03-09T16:00:00,0.0,0.0,0.0,0.0,57.8,0.0,4800.0
641,2025-03-09T16:15:00,0.0,0.0,0.0,0.0,46.5375,0.0,4800.0
642,2025-03-09T16:30:00,0.0,0.0,0.0,0.0,35.4875,0.0,4800.0
643,2025-03-09T16:45:00,0.0,0.0,0.0,0.0,24.65,0.0,4800.0
644,2025-03-09T17:00:00,0.0,0.0,0.0,0.0,14.6625,0.0,4800.0
645,2025-03-09T17:15:00,0.0,0.0,0.0,0.0,4.4625,0.0,4800.0
646,2025-03-09T17:30:00,0.0,0.0,0.0,0.0,0.425,0.0,4800.0
647,2025-03-09T17:45:00,0.0,0.0,0.0,0.0,0.0,0.0,4800.0
648,2025-03-09T18:00:00,0.0,0.0,0.0,0.0,0.0,0.0,4800.0
649,2025-03-09T18:15:00,0.0,0.0,0.0,0.0,0.0,0.0,4800.0
650,2025-03-09T18:30:00,0.0,0.0,0.0,0.0,0.0,0.0,4800.0
651,2025-03-09T18:45:00,0.0,0.0,0.0,0.0,0.0,0.0,4800.0
652,2025-03-09T19:00:00,0.0,0.0,0.0,0.0,0.0,0.0,4800.0
653,2025-03-09T19:15:00,0.0,0.0,0.0,0.0,0.0,0.0,4800.0
654,2025-03-09T19:30:00,0.0,0.0,0.0,2.5e-05,0.0,2.5e-05,4799.99997368421
655,2025-03-09T19:45:00,0.0,0.0,0.0,2.5e-05,0.0,2.5e-05,4799.99994736842
656,2025-03-09T20:00:00,0.0,0.0,0.0,0.0,0.0,0.0,4799.99994736842
657,2025-03-09T20:15:00,0.0,0.0,0.0,0.0,0.0,0.0,4799.99994736842
658,2025-03-09T20:30:00,0.0,0.0,0.0,0.0,0.0,0.0,4799.99994736842
659,2025-03-09T20:45:00,0.0,0.0,0.0,0.0,0.0,0.0,4799.99994736842
660,2025-03-09T21:00:00,0.0,0.0,0.0,0.0,0.0,0.0,4799.99994736842
661,2025-03-09T21:15:00,0.0,0.0,0.0,0.0,0.0,0.0,4799.99994736842
662,2025-03-09T21:30:00,0.0,0.0,0.0,0.0,0.0,0.0,4799.99994736842
663,2025-03-09T21:45:00,0.0,0.0,0.0,0.0,0.0,0.0,4799.99994736842
664,2025-03-09T22:00:00,0.0,0.0,0.0,0.0,0.0,0.0,4799.99994736842
665,2025-03-09T22:15:00,0.0,0.0,0.0,0.0,0.0,0.0,4799.99994736842
666,2025-03-09T22:30:00,0.0,0.0,0.0,0.0,0.0,0.0,4799.99994736842
667,2025-03-09T22:45:00,0.0,0.0,0.0,0.0,0.0,0.0,4799.99994736842
668,2025-03-09T23:00:00,0.0,0.0,0.0,104.01589528001283,0.0,104.01589528001283,4690.509531284196
669,2025-03-09T23:15:00,0.0,0.0,0.0,104.39975850106177,0.0,104.39975850106177,4580.615048651499
670,2025-03-09T23:30:00,0.0,0.0,0.0,45.0,0.0,45.0,4533.246627598867
671,2025-03-09T23:45:00,0.0,0.0,0.0,15.0,0.0,15.0,4517.457153914656
672,2025-03-10T00:00:00,0.0,0.0,0.0,120.0,0.0,120.0,4391.141364440972
673,2025-03-10T00:15:00,0.0,0.0,0.0,133.38019349896211,0.0,133.38019349896211,4250.741160757854
674,2025-03-10T00:30:00,0.0,0.0,0.0,52.63995005896612,0.0,52.63995005896612,4195.330687011574
675,2025-03-10T00:45:00,0.0,0.0,0.0,37.5,0.0,37.5,4155.857002801047
676,2025-03-10T01:00:00,0.0,0.0,0.0,75.84203525055439,0.0,75.84203525055439,4076.023281484674
677,2025-03-10T01:15:00,0.0,0.0,0.0,98.8656951537034,0.0,98.8656951537034,3971.9541286913022
678,2025-03-10T01:30:00,0.0,0.0,0.0,60.0,0.0,60.0,3908.79623395446
679,2025-03-10T01:45:00,0.0,0.0,0.0,15.0,0.0,15.0,3893.0067602702497
680,2025-03-10T02:00:00,0.0,0.0,0.0,52.5,0.0,52.5,3837.743602375513
681,2025-03-10T02:15:00,0.0,0.0,0.0,34.447263157894795,0.0,34.447263157894795,3801.4833253672027
682,2025-03-10T02:30:00,0.0,0.0,0.0,45.0,0.0,45.0,3754.114904314571
683,2025-03-10T02:45:00,0.0,0.0,0.0,17.17249704844179,0.0,17.17249704844179,3736.0385916320006
684,2025-03-10T03:00:00,0.0,0.0,0.0,32.408194608458246,0.0,32.408194608458246,3701.924702570466
685,2025-03-10T03:15:00,0.0,0.0,0.0,69.91026889265221,0.0,69.91026889265221,3628.334945841358
686,2025-03-10T03:30:00,0.0,0.0,0.0,40.5525513157899,0.0,40.5525513157899,3585.648049719474
687,2025-03-10T03:45:00,0.0,0.0,0.0,91.3606783558332,0.0,91.3606783558332,3489.4789146080707
688,2025-03-10T04:00:00,0.0,0.0,0.0,126.10544342105209,0.0,126.10544342105209,3356.7363425859107
689,2025-03-10T04:15:00,0.0,0.0,0.0,143.62916184212938,0.0,143.62916184212938,3205.547751173143
690,2025-03-10T04:30:00,0.0,0.0,0.0,157.49997500000467,0.0,157.49997500000467,3039.758303804717
691,2025-03-10T04:45:00,0.0,0.0,0.0,165.0,0.0,165.0,2866.074093278401
692,2025-03-10T05:00:00,0.0,0.0,0.0,161.94731315789335,0.0,161.94731315789335,2695.603237322724
693,2025-03-10T05:15:00,0.0,0.0,0.0,150.00010526315828,0.0,150.00010526315828,2537.7083896772942
694,2025-03-10T05:30:00,0.0,0.0,0.0,66.10568421052477,0.0,66.10568421052477,2468.1234589293736
